location_id,status,first_inventory_year,last_inventory_year,inventory_reports,measured_year,inventory_years,temperature_valid_hours_2024,temperature_hour_completeness_2024,relative_humidity_valid_hours_2024,relative_humidity_hour_completeness_2024,station_level_pressure_valid_hours_2024,station_level_pressure_hour_completeness_2024,wind_speed_valid_hours_2024,wind_speed_hour_completeness_2024
INA00420341,NO_FILE_FOR_REQUESTED_YEAR,1944,1963,7468,2024,"1944,1945,1946,1947,1948,1956,1957,1958,1959,1960,1961,1962,1963",,,,,,,,
INA00420551,NO_FILE_FOR_REQUESTED_YEAR,1955,1991,3955,2024,"1955,1956,1957,1958,1959,1960,1961,1962,1963,1973,1974,1987,1988,1989,1990,1991",,,,,,,,
INA00420571,NO_FILE_FOR_REQUESTED_YEAR,1973,1975,765,2024,"1973,1974,1975",,,,,,,,
INA00420981,NO_FILE_FOR_REQUESTED_YEAR,1944,1948,2537,2024,"1944,1945,1946,1947,1948",,,,,,,,
INA00424060,NO_FILE_FOR_REQUESTED_YEAR,1945,1963,7438,2024,"1945,1946,1954,1955,1956,1957,1958,1959,1960,1961,1962,1963",,,,,,,,
INA00424511,NO_FILE_FOR_REQUESTED_YEAR,1944,1978,19441,2024,"1944,1945,1946,1947,1948,1954,1955,1956,1957,1958,1959,1960,1961,1962,1963,1973,1974,1975,1976,1977,1978",,,,,,,,
INA00426201,NO_FILE_FOR_REQUESTED_YEAR,1986,1991,195,2024,"1986,1987,1988,1989,1990,1991",,,,,,,,
INA00428021,NO_FILE_FOR_REQUESTED_YEAR,1944,1945,10693,2024,"1944,1945",,,,,,,,
INA00428081,NO_FILE_FOR_REQUESTED_YEAR,1944,1974,18437,2024,"1944,1945,1946,1974",,,,,,,,
INA00431301,NO_FILE_FOR_REQUESTED_YEAR,1989,1989,1,2024,1989,,,,,,,,
INA00433081,NO_FILE_FOR_REQUESTED_YEAR,1976,1976,2,2024,1976,,,,,,,,
INA00433951,NO_FILE_FOR_REQUESTED_YEAR,1974,1981,9968,2024,"1974,1975,1976,1977,1978,1979,1980,1981",,,,,,,,
INA00749234,NO_FILE_FOR_REQUESTED_YEAR,1943,1944,1164,2024,"1943,1944",,,,,,,,
INA00749235,NO_FILE_FOR_REQUESTED_YEAR,1942,1945,20089,2024,"1942,1943,1944,1945",,,,,,,,
INA00749239,NO_FILE_FOR_REQUESTED_YEAR,1943,1944,3093,2024,"1943,1944",,,,,,,,
INA00749241,NO_FILE_FOR_REQUESTED_YEAR,1944,1945,14555,2024,"1944,1945",,,,,,,,
INA00749242,NO_FILE_FOR_REQUESTED_YEAR,1944,1945,13198,2024,"1944,1945",,,,,,,,
INA00749243,NO_FILE_FOR_REQUESTED_YEAR,1945,1945,6355,2024,1945,,,,,,,,
INA00749244,NO_FILE_FOR_REQUESTED_YEAR,1943,1945,19778,2024,"1943,1944,1945",,,,,,,,
INA00749246,NO_FILE_FOR_REQUESTED_YEAR,1943,1945,16472,2024,"1943,1944,1945",,,,,,,,
INA00749247,NO_FILE_FOR_REQUESTED_YEAR,1943,1944,1188,2024,"1943,1944",,,,,,,,
INA00749249,NO_FILE_FOR_REQUESTED_YEAR,1944,1944,2234,2024,1944,,,,,,,,
INA00749251,NO_FILE_FOR_REQUESTED_YEAR,1943,1944,1791,2024,"1943,1944",,,,,,,,
INA00749252,NO_FILE_FOR_REQUESTED_YEAR,1944,1945,5947,2024,"1944,1945",,,,,,,,
INI0000VABB,OBSERVATIONS_SCREENED,1944,2026,505548,2024,"1944,1945,1946,1947,1948,1954,1955,1956,1957,1958,1959,1960,1961,1962,1963,1973,1974,1975,1976,1977,1978,1979,1980,1981,1982,1983,1984,1985,1986,1987,1988,1989,1990,1991,1992,1993,1994,1995,1996,1997,1998,1999,2000,2001,2002,2003,2004,2005,2006,2007,2008,2009,2010,2011,2012,2013,2014,2015,2016,2017,2018,2019,2020,2021,2022,2023,2024,2025,2026",8683.0,0.9885018214936248,8681.0,0.9882741347905283,22.0,0.0025045537340619307,8683.0,0.9885018214936248
INI0000VABI,OBSERVATIONS_SCREENED,2011,2026,16496,2024,"2011,2015,2016,2017,2018,2019,2020,2021,2022,2023,2024,2025,2026",1557.0,0.17725409836065573,1557.0,0.17725409836065573,2.0,0.00022768670309653916,1562.0,0.17782331511839708
INI0000VABO,OBSERVATIONS_SCREENED,2015,2026,103050,2024,"2015,2016,2017,2018,2019,2020,2021,2022,2023,2024,2025,2026",6783.0,0.7721994535519126,6783.0,0.7721994535519126,8.0,0.0009107468123861566,6788.0,0.7727686703096539
INI0000VABP,OBSERVATIONS_SCREENED,1944,2026,216789,2024,"1944,1945,1946,1947,1948,1954,1955,1956,1957,1958,1959,1960,1961,1962,1963,1973,1974,1975,1976,1977,1978,1979,1980,1981,1982,1983,1984,1985,1986,1987,1988,1989,1990,1991,1992,1993,1994,1995,1996,1997,1998,1999,2000,2001,2002,2003,2004,2005,2006,2007,2008,2009,2010,2011,2012,2013,2014,2015,2016,2017,2018,2019,2020,2021,2022,2023,2024,2025,2026",4543.0,0.5171903460837887,4529.0,0.5155965391621129,2871.0,0.32684426229508196,4547.0,0.5176457194899818
INI0000VABV,OBSERVATIONS_SCREENED,1893,2026,28868,2024,"1893,1894,2011,2015,2016,2017,2018,2019,2020,2021,2022,2023,2024,2025,2026",3035.0,0.3455145719489982,3034.0,0.3454007285974499,0.0,0.0,3035.0,0.3455145719489982
INI0000VADU,OBSERVATIONS_SCREENED,2016,2026,22265,2024,"2016,2017,2018,2019,2020,2021,2022,2023,2024,2025,2026",3416.0,0.3888888888888889,3415.0,0.3887750455373406,0.0,0.0,3416.0,0.3888888888888889
INI0000VAGD,OBSERVATIONS_SCREENED,1973,2026,28138,2024,"1973,1974,1975,1976,1977,1978,1979,1980,1983,1984,1985,1986,1987,1988,1989,1990,1991,1992,1993,1994,1995,1996,1997,2001,2002,2009,2015,2016,2017,2018,2019,2020,2021,2022,2023,2024,2025,2026",3246.0,0.36953551912568305,3241.0,0.3689663023679417,1437.0,0.1635928961748634,3248.0,0.3697632058287796
INI0000VAGO,NO_FILE_FOR_REQUESTED_YEAR,2018,2018,1,2024,2018,,,,,,,,
INI0000VAJJ,OBSERVATIONS_SCREENED,2015,2026,80111,2024,"2015,2016,2017,2018,2019,2020,2021,2022,2023,2024,2025,2026",3907.0,0.44478597449908924,3907.0,0.44478597449908924,0.0,0.0,3907.0,0.44478597449908924
INI0000VAJM,OBSERVATIONS_SCREENED,2016,2025,3469,2024,"2016,2018,2021,2022,2023,2024,2025",1747.0,0.19888433515482695,1745.0,0.19865664845173042,0.0,0.0,1747.0,0.19888433515482695
INI0000VAKD,OBSERVATIONS_SCREENED,1944,2026,17571,2024,"1944,1945,1946,1947,1948,1973,1974,1975,1976,1977,1978,1979,1980,1981,1982,1983,1984,1985,1986,1987,1988,1989,1990,1991,1992,1993,1994,1995,1996,1997,1998,1999,2000,2001,2002,2003,2009,2015,2016,2017,2018,2019,2020,2021,2022,2023,2024,2025,2026",720.0,0.08196721311475409,719.0,0.08185336976320583,0.0,0.0,1.0,0.00011384335154826958
INI0000VAKE,OBSERVATIONS_SCREENED,2017,2024,6,2024,"2017,2022,2023,2024",1.0,0.00011384335154826958,1.0,0.00011384335154826958,0.0,0.0,1.0,0.00011384335154826958
INI0000VAKJ,NO_FILE_FOR_REQUESTED_YEAR,2016,2019,15,2024,"2016,2017,2018,2019",,,,,,,,
INI0000VAOZ,OBSERVATIONS_SCREENED,2003,2026,39419,2024,"2003,2005,2006,2017,2018,2019,2020,2021,2022,2023,2024,2025,2026",54.0,0.006147540983606557,53.0,0.006033697632058288,0.0,0.0,53.0,0.006033697632058288
INI0000VAPO,OBSERVATIONS_SCREENED,2016,2025,3644,2024,"2016,2017,2018,2019,2020,2021,2022,2023,2024,2025",1687.0,0.19205373406193077,1684.0,0.19171220400728597,0.0,0.0,1685.0,0.19182604735883424
INI0000VAPR,OBSERVATIONS_SCREENED,2014,2026,23570,2024,"2014,2015,2016,2017,2018,2019,2020,2021,2022,2023,2024,2025,2026",2077.0,0.23645264116575593,2072.0,0.23588342440801457,0.0,0.0,2078.0,0.2365664845173042
INI0000VARK,OBSERVATIONS_SCREENED,1944,2026,164415,2024,"1944,1945,1946,1947,1948,1954,1955,1956,1957,1958,1959,1960,1961,1962,1963,1973,1974,1975,1976,1977,1978,1979,1980,1981,1982,1983,1984,1985,1986,1987,1988,1989,1990,1991,1992,1993,1994,1995,1996,1997,1998,1999,2000,2001,2002,2003,2004,2005,2006,2007,2008,2009,2010,2011,2012,2013,2014,2015,2016,2017,2018,2019,2020,2021,2022,2023,2024,2025,2026",2818.0,0.32081056466302366,2813.0,0.32024134790528236,0.0,0.0,2867.0,0.3263888888888889
INI0000VARP,NO_FILE_FOR_REQUESTED_YEAR,2016,2019,29,2024,"2016,2017,2018,2019",,,,,,,,
INI0000VASD,OBSERVATIONS_SCREENED,2017,2026,41472,2024,"2017,2018,2019,2020,2021,2022,2023,2024,2025,2026",3369.0,0.38353825136612024,3368.0,0.38342440801457195,0.0,0.0,3369.0,0.38353825136612024
INI0000VASU,OBSERVATIONS_SCREENED,1944,2026,113565,2024,"1944,1945,1946,1947,1948,1954,1955,1956,1957,1958,1959,1960,1961,1962,1963,2014,2016,2017,2018,2019,2020,2021,2022,2023,2024,2025,2026",6639.0,0.7558060109289617,6639.0,0.7558060109289617,0.0,0.0,6638.0,0.7556921675774135
INI0000VEBI,OBSERVATIONS_SCREENED,2015,2026,35171,2024,"2015,2016,2017,2018,2019,2020,2021,2022,2023,2024,2025,2026",2974.0,0.33857012750455373,2973.0,0.33845628415300544,104.0,0.011839708561020037,2974.0,0.33857012750455373
INI0000VEBN,OBSERVATIONS_SCREENED,1973,2026,257002,2024,"1973,1974,1975,1976,1977,1978,1979,1980,1981,1982,1983,1984,1985,1986,1987,1988,1989,1990,1991,1992,1993,1994,1995,1996,1997,1998,1999,2000,2001,2002,2003,2004,2005,2006,2007,2008,2009,2010,2011,2012,2013,2014,2015,2016,2017,2018,2019,2020,2021,2022,2023,2024,2025,2026",8537.0,0.9718806921675774,8536.0,0.9717668488160291,76.0,0.008652094717668488,8533.0,0.9714253187613844
INI0000VEBS,OBSERVATIONS_SCREENED,1957,2026,285920,2024,"1957,1958,1959,1960,1961,1962,1973,1974,1975,1976,1977,1978,1979,1980,1981,1982,1983,1984,1985,1986,1987,1988,1989,1990,1991,1992,1993,1994,1995,1996,1997,1998,1999,2000,2001,2002,2003,2004,2005,2006,2007,2008,2009,2010,2011,2012,2013,2014,2015,2016,2017,2018,2019,2020,2021,2022,2023,2024,2025,2026",8529.0,0.9709699453551912,8529.0,0.9709699453551912,0.0,0.0,8528.0,0.970856102003643
INI0000VECO,OBSERVATIONS_SCREENED,2013,2026,18086,2024,"2013,2014,2015,2016,2021,2022,2023,2024,2025,2026",3483.0,0.39651639344262296,3480.0,0.39617486338797814,0.0,0.0,3488.0,0.3970856102003643
INI0000VECX,OBSERVATIONS_SCREENED,1973,2025,6737,2024,"1973,1974,1975,1976,1977,1978,1979,1980,1981,1982,1990,1991,1992,1993,1994,1995,1996,1997,1998,1999,2001,2002,2003,2004,2008,2009,2010,2011,2012,2013,2014,2015,2017,2018,2019,2020,2021,2022,2023,2024,2025",1279.0,0.14560564663023678,1279.0,0.14560564663023678,0.0,0.0,1279.0,0.14560564663023678
INI0000VEDG,OBSERVATIONS_SCREENED,1943,2026,82102,2024,"1943,1944,1945,2016,2017,2018,2019,2020,2021,2022,2023,2024,2025,2026",4518.0,0.514344262295082,4518.0,0.514344262295082,0.0,0.0,4518.0,0.514344262295082
INI0000VEJT,OBSERVATIONS_SCREENED,1943,2025,23452,2024,"1943,1944,1945,1974,1980,2016,2017,2018,2021,2022,2023,2024,2025",1492.0,0.16985428051001822,1492.0,0.16985428051001822,0.0,0.0,1493.0,0.16996812386156648
INI0000VEKO,OBSERVATIONS_SCREENED,2014,2026,16942,2024,"2014,2016,2017,2018,2019,2020,2021,2022,2023,2024,2025,2026",1166.0,0.13274134790528233,1165.0,0.13262750455373407,0.0,0.0,1179.0,0.13422131147540983
INI0000VEKR,NO_FILE_FOR_REQUESTED_YEAR,2016,2016,3,2024,2016,,,,,,,,
INI0000VEKU,OBSERVATIONS_SCREENED,2016,2025,2985,2024,"2016,2017,2021,2022,2023,2024,2025",1522.0,0.1732695810564663,1522.0,0.1732695810564663,0.0,0.0,1524.0,0.17349726775956284
INI0000VELP,OBSERVATIONS_SCREENED,2010,2026,56302,2024,"2010,2015,2016,2017,2018,2019,2020,2021,2022,2023,2024,2025,2026",4176.0,0.47540983606557374,4174.0,0.4751821493624772,438.0,0.049863387978142076,4177.0,0.47552367941712204
INI0000VELR,OBSERVATIONS_SCREENED,1943,2026,118429,2024,"1943,1944,1973,1974,1975,1976,1977,1978,1979,1980,1981,1982,1983,1984,1985,1986,1987,1988,1989,1990,1991,1992,1993,1994,1995,1996,1997,1998,1999,2000,2001,2002,2003,2004,2005,2006,2007,2008,2009,2010,2011,2012,2013,2014,2015,2016,2017,2018,2019,2020,2021,2022,2023,2024,2025,2026",5346.0,0.6086065573770492,5346.0,0.6086065573770492,17.0,0.001935336976320583,5346.0,0.6086065573770492
INI0000VEMN,OBSERVATIONS_SCREENED,1942,2026,222758,2024,"1942,1943,1944,1945,1946,1947,1948,1954,1955,1956,1957,1958,1959,1960,1961,1962,1963,1973,1974,1975,1976,1977,1978,1979,1980,1981,1982,1983,1984,1985,1986,1987,1988,1989,1990,1991,1992,1993,1994,1995,1996,1997,1998,1999,2000,2001,2002,2003,2004,2005,2006,2007,2008,2009,2010,2011,2012,2013,2014,2015,2016,2017,2018,2019,2020,2021,2022,2023,2024,2025,2026",5134.0,0.5844717668488161,5134.0,0.5844717668488161,0.0,0.0,5150.0,0.5862932604735883
INI0000VEMR,OBSERVATIONS_SCREENED,2016,2026,25722,2024,"2016,2017,2018,2019,2020,2021,2022,2023,2024,2025,2026",2450.0,0.2789162112932605,2450.0,0.2789162112932605,0.0,0.0,2450.0,0.2789162112932605
INI0000VEPT,OBSERVATIONS_SCREENED,1944,2026,352897,2024,"1944,1945,1946,1947,1948,1954,1955,1956,1957,1958,1959,1960,1961,1962,1963,1973,1974,1975,1976,1977,1978,1979,1980,1981,1982,1983,1984,1985,1986,1987,1988,1989,1990,1991,1992,1993,1994,1995,1996,1997,1998,1999,2000,2001,2002,2003,2004,2005,2006,2007,2008,2009,2010,2011,2012,2013,2014,2015,2016,2017,2018,2019,2020,2021,2022,2023,2024,2025,2026",8682.0,0.9883879781420765,8681.0,0.9882741347905283,40.0,0.004553734061930784,8682.0,0.9883879781420765
INI0000VEPY,OBSERVATIONS_SCREENED,2018,2026,31189,2024,"2018,2019,2020,2021,2022,2023,2024,2025,2026",2631.0,0.2995218579234973,2628.0,0.29918032786885246,0.0,0.0,2631.0,0.2995218579234973
INI0000VERC,OBSERVATIONS_SCREENED,1944,2026,232207,2024,"1944,1945,1946,1947,1948,1973,1974,1975,1976,1977,1978,1979,1980,1981,1982,1983,1984,1985,1986,1987,1988,1989,1990,1991,1992,1993,1994,1995,1996,1997,1998,1999,2000,2001,2002,2003,2004,2005,2006,2007,2008,2009,2010,2011,2012,2013,2014,2015,2016,2017,2018,2019,2020,2021,2022,2023,2024,2025,2026",8551.0,0.9734744990892532,8550.0,0.9733606557377049,2868.0,0.32650273224043713,8550.0,0.9733606557377049
INI0000VERK,OBSERVATIONS_SCREENED,2021,2026,13642,2024,"2021,2023,2024,2025,2026",2763.0,0.3145491803278688,2763.0,0.3145491803278688,0.0,0.0,2761.0,0.3143214936247723
INI0000VERL,NO_FILE_FOR_REQUESTED_YEAR,2016,2016,1,2024,2016,,,,,,,,
INI0000VERP,OBSERVATIONS_SCREENED,1944,2026,154225,2024,"1944,1945,1946,1947,1948,1954,1955,1956,1957,1958,1959,1960,1961,1962,1963,1973,1974,1975,1976,1977,1978,1979,1980,1981,1982,1983,1984,1985,1986,1987,1988,1989,1990,1991,1992,1993,1994,1995,1996,2002,2006,2007,2008,2010,2015,2016,2017,2018,2019,2020,2021,2022,2023,2024,2025,2026",6273.0,0.7141393442622951,6273.0,0.7141393442622951,0.0,0.0,6273.0,0.7141393442622951
INI0000VETZ,OBSERVATIONS_SCREENED,1944,2025,13657,2024,"1944,1945,1946,1947,1948,1954,1955,1956,1957,1958,1959,1960,1961,1962,1963,2004,2010,2016,2017,2021,2022,2023,2024,2025",1468.0,0.16712204007285975,1468.0,0.16712204007285975,0.0,0.0,1467.0,0.16700819672131148
INI0000VEVZ,NO_FILE_FOR_REQUESTED_YEAR,2021,2021,2,2024,2021,,,,,,,,
INI0000VIAG,NO_FILE_FOR_REQUESTED_YEAR,2009,2009,2,2024,2009,,,,,,,,
INI0000VIAR,OBSERVATIONS_SCREENED,1973,2026,375465,2024,"1973,1974,1975,1976,1977,1978,1979,1980,1981,1982,1983,1984,1985,1986,1987,1988,1989,1990,1991,1992,1993,1994,1995,1996,1997,1998,1999,2000,2001,2002,2003,2004,2005,2006,2007,2008,2009,2010,2011,2012,2013,2014,2015,2016,2017,2018,2019,2020,2021,2022,2023,2024,2025,2026",8430.0,0.9596994535519126,8429.0,0.9595856102003643,39.0,0.004439890710382513,8430.0,0.9596994535519126
INI0000VIBN,NO_FILE_FOR_REQUESTED_YEAR,2018,2018,8,2024,2018,,,,,,,,
INI0000VIBR,OBSERVATIONS_SCREENED,2004,2026,23911,2024,"2004,2005,2006,2007,2008,2009,2011,2015,2016,2017,2018,2019,2020,2021,2022,2023,2024,2025,2026",2509.0,0.2856329690346084,2508.0,0.2855191256830601,0.0,0.0,2509.0,0.2856329690346084
INI0000VIBT,NO_FILE_FOR_REQUESTED_YEAR,2017,2025,5,2024,"2017,2022,2023,2025",,,,,,,,
INI0000VIBY,OBSERVATIONS_SCREENED,1944,2026,120893,2024,"1944,1945,1946,1947,1948,1954,1955,1956,1957,1958,1959,1960,1961,1962,1963,1973,1974,1975,1976,1977,1978,1979,1980,1981,1982,1983,1984,1985,1986,1987,1988,1989,1990,1991,1992,1993,1994,1995,1996,1997,1998,1999,2000,2001,2002,2003,2004,2005,2006,2007,2008,2009,2010,2011,2012,2013,2014,2015,2016,2017,2018,2019,2020,2021,2022,2023,2024,2025,2026",3814.0,0.4341985428051002,3814.0,0.4341985428051002,117.0,0.01331967213114754,3820.0,0.4348816029143898
INI0000VICG,OBSERVATIONS_SCREENED,2006,2025,16380,2024,"2006,2007,2008,2009,2010,2011,2015,2016,2017,2018,2019,2020,2021,2022,2023,2024,2025",1432.0,0.16302367941712204,1432.0,0.16302367941712204,0.0,0.0,1432.0,0.16302367941712204
INI0000VICX,OBSERVATIONS_SCREENED,1944,2026,21022,2024,"1944,1945,1946,1947,1948,1973,1974,1975,1976,1977,1978,1979,1980,1981,1982,1983,1984,1985,1986,1987,1988,1989,1990,1991,1992,1993,1994,1995,1996,1997,1998,1999,2001,2002,2003,2004,2005,2007,2008,2009,2010,2011,2012,2013,2014,2015,2016,2017,2018,2019,2020,2021,2022,2023,2024,2025,2026",630.0,0.07172131147540983,630.0,0.07172131147540983,0.0,0.0,631.0,0.07183515482695811
INI0000VIDD,OBSERVATIONS_SCREENED,1942,2026,210585,2024,"1942,1943,1944,1945,1946,1947,1948,1954,1955,1956,1957,1958,1959,1960,1961,1962,1963,1973,1974,1975,1976,1977,1978,1979,1980,1981,1982,1983,1984,1985,1986,1987,1988,1989,1990,1991,1992,1993,1994,1995,1996,1997,1998,1999,2000,2001,2002,2003,2004,2005,2006,2007,2008,2009,2010,2011,2012,2013,2014,2015,2016,2017,2018,2019,2020,2021,2022,2023,2024,2025,2026",2912.0,0.331511839708561,2908.0,0.33105646630236796,0.0,0.0,2936.0,0.3342440801457195
INI0000VIDN,OBSERVATIONS_SCREENED,2015,2026,44774,2024,"2015,2016,2017,2018,2019,2020,2021,2022,2023,2024,2025,2026",5461.0,0.6216985428051002,5461.0,0.6216985428051002,0.0,0.0,5461.0,0.6216985428051002
INI0000VIDP,OBSERVATIONS_SCREENED,1975,2026,425968,2024,"1975,1986,1987,1988,1989,1990,1996,1997,1998,1999,2000,2001,2002,2003,2004,2005,2006,2007,2008,2009,2010,2011,2012,2013,2014,2015,2016,2017,2018,2019,2020,2021,2022,2023,2024,2025,2026",8726.0,0.9933970856102003,8726.0,0.9933970856102003,81.0,0.009221311475409836,8726.0,0.9933970856102003
INI0000VIGG,OBSERVATIONS_SCREENED,2015,2026,31149,2024,"2015,2016,2017,2018,2019,2020,2021,2022,2023,2024,2025,2026",3066.0,0.34904371584699456,3066.0,0.34904371584699456,0.0,0.0,3066.0,0.34904371584699456
INI0000VIGR,OBSERVATIONS_SCREENED,1944,2026,163734,2024,"1944,1945,1946,1947,1948,1954,1955,1956,1957,1958,1959,1960,1961,1962,1963,1973,1974,1975,1976,1977,1978,1979,1980,1981,1982,1983,1984,1985,1986,1987,1988,1989,1990,1991,1992,1993,1994,1995,1996,1997,1998,1999,2000,2001,2002,2003,2004,2005,2006,2007,2008,2009,2010,2011,2012,2013,2014,2015,2016,2017,2018,2019,2020,2021,2022,2023,2024,2025,2026",3727.0,0.42429417122040075,3713.0,0.42270036429872493,4.0,0.0004553734061930783,3756.0,0.4275956284153005
INI0000VIHR,OBSERVATIONS_SCREENED,1944,2026,149065,2024,"1944,1945,1946,1947,1948,1954,1955,1956,1957,1958,1959,1960,1961,1962,1963,1973,1974,1975,1976,1977,1978,1979,1980,1981,1982,1983,1984,1985,1986,1987,1988,1989,1990,1991,1992,1993,1994,1995,1996,1997,1998,1999,2000,2001,2002,2003,2004,2005,2006,2007,2008,2009,2010,2011,2012,2013,2014,2015,2016,2017,2018,2019,2020,2021,2022,2023,2024,2025,2026",2764.0,0.3146630236794171,2761.0,0.3143214936247723,9.0,0.0010245901639344263,2807.0,0.3195582877959927
INI0000VIJN,OBSERVATIONS_SCREENED,1944,2026,32762,2024,"1944,1945,1946,1947,1948,1973,1974,1975,1976,1977,1978,1983,1984,1985,1986,1987,1988,1989,1990,1993,1994,1995,1996,1997,1998,2001,2002,2003,2007,2009,2010,2013,2015,2016,2017,2018,2019,2020,2021,2022,2023,2024,2025,2026",2835.0,0.32274590163934425,2831.0,0.3222905282331512,8.0,0.0009107468123861566,2849.0,0.32433970856102
INI0000VIJO,OBSERVATIONS_SCREENED,1943,2026,170758,2024,"1943,1944,1945,1946,1947,1948,1954,1955,1956,1957,1958,1959,1960,1961,1962,1963,1973,1974,1975,1976,1977,1978,1979,1980,1981,1982,1983,1984,1985,1986,1987,1988,1989,1990,1991,1992,1993,1994,1995,1996,1997,1998,1999,2000,2001,2002,2003,2004,2005,2006,2007,2008,2009,2010,2011,2012,2013,2014,2015,2016,2017,2018,2019,2020,2021,2022,2023,2024,2025,2026",4033.0,0.4591302367941712,4000.0,0.4553734061930783,146.0,0.016621129326047358,4042.0,0.46015482695810567
INI0000VIJP,OBSERVATIONS_SCREENED,1944,2026,376724,2024,"1944,1945,1946,1947,1948,1954,1955,1956,1957,1958,1959,1960,1961,1962,1963,1973,1974,1975,1976,1977,1978,1979,1980,1981,1982,1983,1984,1985,1986,1987,1988,1989,1990,1991,1992,1993,1994,1995,1996,1997,1998,1999,2000,2001,2002,2003,2004,2005,2006,2007,2008,2009,2010,2011,2012,2013,2014,2015,2016,2017,2018,2019,2020,2021,2022,2023,2024,2025,2026",8717.0,0.9923724954462659,8717.0,0.9923724954462659,105.0,0.011953551912568305,8718.0,0.9924863387978142
INI0000VIJU,OBSERVATIONS_SCREENED,2015,2025,17219,2024,"2015,2016,2017,2018,2019,2020,2021,2022,2023,2024,2025",1705.0,0.19410291438979962,1703.0,0.1938752276867031,0.0,0.0,1705.0,0.19410291438979962
INI0000VIKG,OBSERVATIONS_SCREENED,2021,2026,2591,2024,"2021,2022,2023,2024,2025,2026",47.0,0.0053506375227686705,47.0,0.0053506375227686705,0.0,0.0,47.0,0.0053506375227686705
INI0000VILD,OBSERVATIONS_SCREENED,2015,2026,9076,2024,"2015,2016,2017,2018,2019,2020,2021,2022,2023,2024,2025,2026",348.0,0.03961748633879782,348.0,0.03961748633879782,0.0,0.0,348.0,0.03961748633879782
INI0000VILH,OBSERVATIONS_SCREENED,2006,2026,23100,2024,"2006,2007,2008,2009,2010,2011,2015,2016,2017,2018,2019,2020,2021,2022,2023,2024,2025,2026",2612.0,0.29735883424408016,2587.0,0.2945127504553734,1358.0,0.1545992714025501,2615.0,0.29770036429872493
INI0000VILK,OBSERVATIONS_SCREENED,1874,2026,440381,2024,"1874,1875,1876,1877,1878,1884,1889,1890,1944,1945,1946,1947,1948,1954,1955,1956,1957,1958,1959,1960,1961,1962,1963,1973,1974,1975,1976,1977,1978,1979,1980,1981,1982,1983,1984,1985,1986,1987,1988,1989,1990,1991,1992,1993,1994,1995,1996,1997,1998,1999,2000,2001,2002,2003,2004,2005,2006,2007,2008,2009,2010,2011,2012,2013,2014,2015,2016,2017,2018,2019,2020,2021,2022,2023,2024,2025,2026",8117.0,0.9240664845173042,8117.0,0.9240664845173042,38.0,0.004326047358834244,8119.0,0.9242941712204007
INI0000VIPT,OBSERVATIONS_SCREENED,2015,2026,20616,2024,"2015,2016,2017,2018,2019,2020,2021,2022,2023,2024,2025,2026",3243.0,0.36919398907103823,3242.0,0.36908014571949,0.0,0.0,3243.0,0.36919398907103823
INI0000VIRB,NO_FILE_FOR_REQUESTED_YEAR,2016,2022,5,2024,"2016,2022",,,,,,,,
INI0000VISM,OBSERVATIONS_SCREENED,2015,2026,20509,2024,"2015,2016,2017,2018,2019,2020,2021,2022,2023,2024,2025,2026",2459.0,0.2799408014571949,2458.0,0.2798269581056466,0.0,0.0,2459.0,0.2799408014571949
INI0000VISP,OBSERVATIONS_SCREENED,2017,2025,3998,2024,"2017,2019,2022,2023,2024,2025",1862.0,0.21197632058287796,1862.0,0.21197632058287796,0.0,0.0,1863.0,0.21209016393442623
INI0000VISR,OBSERVATIONS_SCREENED,2015,2025,18653,2024,"2015,2016,2017,2018,2019,2020,2021,2022,2023,2024,2025",1979.0,0.2252959927140255,1975.0,0.22484061930783242,0.0,0.0,1979.0,0.2252959927140255
INI0000VITE,OBSERVATIONS_SCREENED,2017,2025,49,2024,"2017,2018,2022,2023,2024,2025",17.0,0.001935336976320583,17.0,0.001935336976320583,0.0,0.0,17.0,0.001935336976320583
INI0000VOAR,OBSERVATIONS_SCREENED,2020,2026,16878,2024,"2020,2021,2022,2023,2024,2025,2026",4058.0,0.46197632058287796,4049.0,0.46095173041894355,0.0,0.0,4025.0,0.4582194899817851
INI0000VOAT,OBSERVATIONS_SCREENED,2018,2026,32542,2024,"2018,2019,2020,2021,2022,2023,2024,2025,2026",2621.0,0.2983834244080146,2621.0,0.2983834244080146,0.0,0.0,2621.0,0.2983834244080146
INI0000VOBL,OBSERVATIONS_SCREENED,2008,2026,295106,2024,"2008,2009,2010,2011,2012,2013,2014,2015,2016,2017,2018,2019,2020,2021,2022,2023,2024,2025,2026",8718.0,0.9924863387978142,8718.0,0.9924863387978142,0.0,0.0,8718.0,0.9924863387978142
INI0000VOBM,OBSERVATIONS_SCREENED,2015,2026,76758,2024,"2015,2016,2017,2018,2019,2020,2021,2022,2023,2024,2025,2026",5455.0,0.6210154826958105,5453.0,0.620787795992714,0.0,0.0,5455.0,0.6210154826958105
INI0000VOCI,OBSERVATIONS_SCREENED,2006,2026,234694,2024,"2006,2009,2010,2011,2012,2013,2014,2015,2016,2017,2018,2019,2020,2021,2022,2023,2024,2025,2026",8665.0,0.9864526411657559,8665.0,0.9864526411657559,227.0,0.025842440801457194,8668.0,0.9867941712204007
INI0000VOCL,OBSERVATIONS_SCREENED,2010,2026,240539,2024,"2010,2011,2012,2013,2014,2015,2016,2017,2018,2019,2020,2021,2022,2023,2024,2025,2026",8716.0,0.9922586520947176,8716.0,0.9922586520947176,1.0,0.00011384335154826958,8718.0,0.9924863387978142
INI0000VOGB,OBSERVATIONS_SCREENED,2020,2026,22783,2024,"2020,2021,2022,2023,2024,2025,2026",1614.0,0.1837431693989071,1614.0,0.1837431693989071,0.0,0.0,1612.0,0.18351548269581056
INI0000VOGO,OBSERVATIONS_SCREENED,1973,2026,79223,2024,"1973,1974,2003,2005,2006,2009,2011,2016,2017,2018,2019,2020,2021,2022,2023,2024,2025,2026",7615.0,0.8669171220400729,7604.0,0.8656648451730419,0.0,0.0,7622.0,0.8677140255009107
INI0000VOHB,OBSERVATIONS_SCREENED,2015,2026,54432,2024,"2015,2016,2017,2018,2019,2020,2021,2022,2023,2024,2025,2026",5537.0,0.6303506375227687,5536.0,0.6302367941712204,0.0,0.0,5537.0,0.6303506375227687
INI0000VOHS,OBSERVATIONS_SCREENED,2008,2026,274442,2024,"2008,2009,2010,2011,2012,2013,2014,2015,2016,2017,2018,2019,2020,2021,2022,2023,2024,2025,2026",8642.0,0.9838342440801457,8642.0,0.9838342440801457,0.0,0.0,8637.0,0.9832650273224044
INI0000VOJV,OBSERVATIONS_SCREENED,2019,2024,241,2024,"2019,2020,2021,2022,2023,2024",1.0,0.00011384335154826958,1.0,0.00011384335154826958,0.0,0.0,1.0,0.00011384335154826958
INI0000VOKN,OBSERVATIONS_SCREENED,2018,2026,114150,2024,"2018,2019,2020,2021,2022,2023,2024,2025,2026",8543.0,0.972563752276867,8541.0,0.9723360655737705,0.0,0.0,8543.0,0.972563752276867
INI0000VOMM,OBSERVATIONS_SCREENED,1776,2026,501944,2024,"1776,1777,1778,1875,1876,1877,1878,1884,1889,1890,1944,1945,1946,1947,1948,1954,1955,1956,1957,1958,1959,1960,1961,1962,1963,1973,1974,1975,1976,1977,1978,1979,1980,1981,1982,1983,1984,1985,1986,1987,1988,1989,1990,1991,1992,1993,1994,1995,1996,1997,1998,1999,2000,2001,2002,2003,2004,2005,2006,2007,2008,2009,2010,2011,2012,2013,2014,2015,2016,2017,2018,2019,2020,2021,2022,2023,2024,2025,2026",8724.0,0.9931693989071039,8724.0,0.9931693989071039,2847.0,0.3241120218579235,8724.0,0.9931693989071039
INI0000VOMY,OBSERVATIONS_SCREENED,1944,2026,66749,2024,"1944,1945,1946,1947,1948,2015,2016,2017,2018,2019,2020,2021,2022,2023,2024,2025,2026",4199.0,0.478028233151184,4195.0,0.4775728597449909,0.0,0.0,4199.0,0.478028233151184
INI0000VOPB,OBSERVATIONS_SCREENED,2014,2026,50461,2024,"2014,2015,2016,2017,2018,2019,2020,2021,2022,2023,2024,2025,2026",7920.0,0.9016393442622951,7912.0,0.900728597449909,0.0,0.0,7913.0,0.9008424408014571
INI0000VOPC,OBSERVATIONS_SCREENED,2017,2026,27642,2024,"2017,2018,2019,2020,2021,2022,2023,2024,2025,2026",2776.0,0.31602914389799636,2776.0,0.31602914389799636,0.0,0.0,2772.0,0.3155737704918033
INI0000VORY,OBSERVATIONS_SCREENED,2015,2026,107100,2024,"2015,2016,2017,2018,2019,2020,2021,2022,2023,2024,2025,2026",6162.0,0.7015027322404371,6162.0,0.7015027322404371,0.0,0.0,6161.0,0.7013888888888888
INI0000VOSM,OBSERVATIONS_SCREENED,2018,2026,31026,2024,"2018,2019,2020,2021,2022,2023,2024,2025,2026",3518.0,0.4005009107468124,3516.0,0.40027322404371585,0.0,0.0,3518.0,0.4005009107468124
INI0000VOTK,OBSERVATIONS_SCREENED,2016,2026,67630,2024,"2016,2017,2018,2019,2020,2021,2022,2023,2024,2025,2026",4426.0,0.5038706739526412,4426.0,0.5038706739526412,0.0,0.0,4424.0,0.5036429872495446
INI0000VOTP,OBSERVATIONS_SCREENED,2015,2026,105424,2024,"2015,2016,2017,2018,2019,2020,2021,2022,2023,2024,2025,2026",5825.0,0.6631375227686703,5825.0,0.6631375227686703,0.0,0.0,5825.0,0.6631375227686703
INI0000VOTV,OBSERVATIONS_SCREENED,1996,2026,294218,2024,"1996,1997,1998,1999,2000,2001,2002,2003,2004,2005,2006,2007,2008,2009,2010,2011,2012,2013,2014,2015,2016,2017,2018,2019,2020,2021,2022,2023,2024,2025,2026",8715.0,0.9921448087431693,8715.0,0.9921448087431693,123.0,0.014002732240437158,8717.0,0.9923724954462659
INI0000VOVR,OBSERVATIONS_SCREENED,1944,2026,31559,2024,"1944,1945,1946,1947,1948,1973,1974,1975,1976,1977,1978,1979,1983,1984,1985,1986,1987,1988,1989,1990,1991,1992,1993,1994,1995,1996,1997,1998,2000,2009,2010,2011,2012,2013,2014,2015,2016,2017,2018,2019,2020,2021,2022,2023,2024,2025,2026",1351.0,0.1538023679417122,1351.0,0.1538023679417122,1351.0,0.1538023679417122,1354.0,0.15414389799635703
INM00042026,OBSERVATIONS_SCREENED,1944,2026,8771,2024,"1944,1945,1946,1947,1955,1956,1957,1958,1959,1960,1961,1962,1963,1973,1974,1975,1976,1977,1978,1979,1983,1984,1985,1986,1987,1988,1989,1990,2001,2003,2015,2016,2017,2018,2019,2020,2021,2022,2023,2024,2025,2026",513.0,0.0584016393442623,512.0,0.058287795992714025,513.0,0.0584016393442623,513.0,0.0584016393442623
INM00042029,NO_FILE_FOR_REQUESTED_YEAR,1944,2025,5264,2024,"1944,1945,1946,1947,1948,1955,1956,1957,1958,1959,1960,1961,1962,1963,1974,2015,2016,2018,2020,2021,2025",,,,,,,,
INM00042030,NO_FILE_FOR_REQUESTED_YEAR,1944,2007,5628,2024,"1944,1945,1946,1947,1948,1955,1956,1957,1958,1959,1960,1961,1962,1963,2002,2003,2007",,,,,,,,
INM00042060,NO_FILE_FOR_REQUESTED_YEAR,2001,2018,5,2024,"2001,2003,2018",,,,,,,,
INM00042062,OBSERVATIONS_SCREENED,1973,2026,7102,2024,"1973,1974,1975,1988,1989,1990,1991,1992,1993,1994,1995,1996,1997,1998,1999,2000,2003,2009,2015,2016,2017,2018,2019,2020,2021,2022,2023,2024,2025,2026",550.0,0.06261384335154827,550.0,0.06261384335154827,549.0,0.0625,550.0,0.06261384335154827
INM00042063,NO_FILE_FOR_REQUESTED_YEAR,2017,2023,4,2024,"2017,2018,2020,2023",,,,,,,,
INM00042065,OBSERVATIONS_SCREENED,1999,2026,6650,2024,"1999,2000,2001,2002,2003,2009,2015,2016,2017,2018,2019,2020,2021,2022,2023,2024,2025,2026",664.0,0.075591985428051,664.0,0.075591985428051,662.0,0.07536429872495447,664.0,0.075591985428051
INM00042074,NO_FILE_FOR_REQUESTED_YEAR,2002,2016,7,2024,"2002,2003,2005,2016",,,,,,,,
INM00042075,OBSERVATIONS_SCREENED,2018,2024,8,2024,"2018,2019,2020,2021,2022,2024",1.0,0.00011384335154826958,1.0,0.00011384335154826958,0.0,0.0,1.0,0.00011384335154826958
INM00042077,OBSERVATIONS_SCREENED,2009,2026,6718,2024,"2009,2015,2016,2017,2018,2019,2020,2021,2022,2023,2024,2025,2026",699.0,0.07957650273224044,699.0,0.07957650273224044,698.0,0.07946265938069216,699.0,0.07957650273224044
INM00042078,OBSERVATIONS_SCREENED,1959,2026,7295,2024,"1959,1960,1961,1962,1963,2001,2002,2003,2009,2016,2017,2018,2019,2020,2021,2022,2023,2024,2025,2026",702.0,0.07991803278688525,702.0,0.07991803278688525,698.0,0.07946265938069216,702.0,0.07991803278688525
INM00042079,OBSERVATIONS_SCREENED,2013,2026,27117,2024,"2013,2015,2016,2017,2018,2019,2020,2021,2022,2023,2024,2025,2026",2789.0,0.3175091074681239,2789.0,0.3175091074681239,2827.0,0.3218351548269581,2834.0,0.322632058287796
INM00042080,NO_FILE_FOR_REQUESTED_YEAR,1959,2015,11331,2024,"1959,1960,1961,1962,1963,1973,1974,1975,1976,1977,1978,1979,1980,1981,1982,1983,1984,1985,1986,1987,1988,1989,1990,1991,1992,1993,1994,1995,1996,1997,1998,1999,2002,2003,2006,2008,2015",,,,,,,,
INM00042081,OBSERVATIONS_SCREENED,2002,2026,14352,2024,"2002,2003,2009,2010,2013,2015,2016,2017,2018,2019,2020,2021,2022,2023,2024,2025,2026",1322.0,0.15050091074681238,1321.0,0.1503870673952641,1390.0,0.1582422586520947,1394.0,0.1586976320582878
INM00042083,OBSERVATIONS_SCREENED,1944,2026,34520,2024,"1944,1945,1946,1947,1948,1949,1950,1951,1952,1953,1954,1955,1956,1957,1958,1959,1960,1961,1962,1963,1973,1974,1975,1976,1977,1978,1979,1983,1984,1985,1986,1987,1988,1989,1990,2002,2003,2004,2007,2008,2009,2013,2015,2016,2017,2018,2019,2020,2021,2022,2023,2024,2025,2026",1390.0,0.1582422586520947,1380.0,0.15710382513661203,1383.0,0.15744535519125682,1390.0,0.1582422586520947
INM00042096,NO_FILE_FOR_REQUESTED_YEAR,1973,2003,3061,2024,"1973,1974,1975,1976,1977,1978,1979,1980,1983,1984,1985,1986,1987,1988,1989,1990,2003",,,,,,,,
INM00042097,NO_FILE_FOR_REQUESTED_YEAR,2003,2020,2,2024,"2003,2020",,,,,,,,
INM00042101,OBSERVATIONS_SCREENED,1973,2026,124123,2024,"1973,1974,1975,1976,1977,1978,1979,1980,1981,1982,1983,1984,1985,1986,1987,1988,1989,1990,1991,1992,1993,1994,1995,1996,1997,1998,1999,2000,2001,2002,2003,2004,2005,2006,2007,2008,2009,2010,2011,2012,2013,2014,2015,2016,2017,2018,2019,2020,2021,2022,2023,2024,2025,2026",2841.0,0.3234289617486339,2841.0,0.3234289617486339,41.0,0.004667577413479053,2858.0,0.3253642987249545
INM00042104,OBSERVATIONS_SCREENED,1988,2026,5207,2024,"1988,1989,1990,2015,2016,2017,2018,2019,2020,2021,2022,2023,2024,2025,2026",636.0,0.07240437158469945,633.0,0.07206284153005464,469.0,0.05339253187613843,637.0,0.07251821493624773
INM00042107,NO_FILE_FOR_REQUESTED_YEAR,1999,2002,10,2024,"1999,2000,2001,2002",,,,,,,,
INM00042108,NO_FILE_FOR_REQUESTED_YEAR,1999,2023,12,2024,"1999,2000,2001,2002,2003,2019,2023",,,,,,,,
INM00042110,NO_FILE_FOR_REQUESTED_YEAR,2019,2019,1,2024,2019,,,,,,,,
INM00042111,OBSERVATIONS_SCREENED,1934,2026,119305,2024,"1934,1935,1944,1945,1946,1947,1948,1954,1955,1956,1957,1958,1959,1960,1961,1962,1963,1973,1974,1975,1976,1977,1978,1979,1980,1983,1984,1985,1986,1987,1988,1989,1990,1991,1992,1993,1994,1995,1996,1997,1998,1999,2000,2001,2002,2003,2004,2005,2006,2007,2008,2009,2010,2011,2012,2013,2014,2015,2016,2017,2018,2019,2020,2021,2022,2023,2024,2025,2026",2846.0,0.32399817850637525,2845.0,0.32388433515482695,2851.0,0.3245673952641166,2858.0,0.3253642987249545
INM00042114,OBSERVATIONS_SCREENED,1998,2026,13504,2024,"1998,1999,2002,2003,2007,2009,2013,2015,2016,2017,2018,2019,2020,2021,2022,2023,2024,2025,2026",1439.0,0.16382058287795992,1435.0,0.16336520947176686,1438.0,0.16370673952641165,1442.0,0.16416211293260474
INM00042116,NO_FILE_FOR_REQUESTED_YEAR,1973,2003,798,2024,"1973,1974,1975,1976,1977,1978,1979,2002,2003",,,,,,,,
INM00042117,NO_FILE_FOR_REQUESTED_YEAR,1999,2020,22,2024,"1999,2000,2001,2002,2003,2015,2016,2020",,,,,,,,
INM00042121,NO_FILE_FOR_REQUESTED_YEAR,2001,2021,11,2024,"2001,2002,2005,2011,2021",,,,,,,,
INM00042122,NO_FILE_FOR_REQUESTED_YEAR,1944,2022,2846,2024,"1944,1945,1946,1947,1948,2001,2002,2003,2022",,,,,,,,
INM00042137,OBSERVATIONS_SCREENED,1973,2026,3575,2024,"1973,1974,1975,2001,2002,2003,2009,2015,2016,2017,2018,2019,2020,2021,2022,2023,2024,2025,2026",278.0,0.03164845173041894,278.0,0.03164845173041894,2.0,0.00022768670309653916,278.0,0.03164845173041894
INM00042139,OBSERVATIONS_SCREENED,1944,2026,17523,2024,"1944,1945,1946,1947,1948,1973,1974,1975,1976,1977,1978,1979,2002,2009,2015,2016,2017,2018,2019,2020,2021,2022,2023,2024,2025,2026",1434.0,0.16325136612021857,1433.0,0.1631375227686703,1.0,0.00011384335154826958,1443.0,0.164275956284153
INM00042140,NO_FILE_FOR_REQUESTED_YEAR,1944,2018,8735,2024,"1944,1945,1946,1947,1948,1973,1974,1975,1976,1977,1978,1979,1983,1984,1985,1986,1987,1988,1989,1990,2003,2004,2014,2018",,,,,,,,
INM00042143,OBSERVATIONS_SCREENED,1973,2026,6982,2024,"1973,1974,1975,2002,2009,2015,2016,2017,2018,2019,2020,2021,2022,2023,2024,2025,2026",686.0,0.07809653916211293,686.0,0.07809653916211293,0.0,0.0,686.0,0.07809653916211293
INM00042146,NO_FILE_FOR_REQUESTED_YEAR,1973,1979,962,2024,"1973,1974,1975,1976,1977,1978,1979",,,,,,,,
INM00042147,OBSERVATIONS_SCREENED,1944,2026,32263,2024,"1944,1945,1946,1947,1948,1949,1950,1951,1952,1953,1954,1955,1956,1957,1958,1959,1960,1961,1962,1963,1973,1974,1975,1976,1977,1978,1979,1980,1983,1984,1985,1986,1987,1988,1989,1990,2000,2001,2002,2007,2009,2013,2015,2016,2017,2018,2019,2020,2021,2022,2023,2024,2025,2026",1440.0,0.16393442622950818,1435.0,0.16336520947176686,1435.0,0.16336520947176686,1442.0,0.16416211293260474
INM00042148,OBSERVATIONS_SCREENED,2007,2026,13538,2024,"2007,2009,2010,2013,2015,2016,2017,2018,2019,2020,2021,2022,2023,2024,2025,2026",1408.0,0.16029143897996356,1407.0,0.1601775956284153,1439.0,0.16382058287795992,1441.0,0.16404826958105648
INM00042151,NO_FILE_FOR_REQUESTED_YEAR,1983,2023,12,2024,"1983,1984,2002,2020,2023",,,,,,,,
INM00042165,OBSERVATIONS_SCREENED,1944,2026,141496,2024,"1944,1945,1946,1947,1948,1954,1955,1956,1957,1958,1959,1960,1961,1962,1963,1973,1974,1975,1976,1977,1978,1979,1980,1981,1982,1983,1984,1985,1986,1987,1988,1989,1990,1991,1992,1993,1994,1995,1996,1997,1998,1999,2000,2001,2002,2003,2004,2005,2006,2007,2008,2009,2010,2011,2012,2013,2014,2015,2016,2017,2018,2019,2020,2021,2022,2023,2024,2025,2026",2856.0,0.3251366120218579,2844.0,0.3237704918032787,36.0,0.004098360655737705,2869.0,0.3266165755919854
INM00042170,OBSERVATIONS_SCREENED,1973,2026,33098,2024,"1973,1974,1975,1976,1977,1978,1979,1983,1984,1985,1986,1987,1988,1989,1990,1991,1992,1993,1994,1995,1996,1997,1998,1999,2001,2002,2003,2004,2007,2009,2010,2013,2015,2016,2017,2018,2019,2020,2021,2022,2023,2024,2025,2026",2780.0,0.3164845173041894,2774.0,0.3158014571948998,25.0,0.0028460837887067394,2863.0,0.32593351548269583
INM00042174,OBSERVATIONS_SCREENED,2002,2026,6326,2024,"2002,2003,2009,2015,2016,2017,2018,2019,2020,2021,2022,2023,2024,2025,2026",504.0,0.05737704918032787,499.0,0.056807832422586524,1.0,0.00011384335154826958,509.0,0.057946265938069216
INM00042177,OBSERVATIONS_SCREENED,2002,2024,5776,2024,"2002,2003,2009,2015,2016,2017,2018,2019,2020,2021,2022,2023,2024",595.0,0.0677367941712204,594.0,0.06762295081967214,0.0,0.0,595.0,0.0677367941712204
INM00042178,NO_FILE_FOR_REQUESTED_YEAR,2001,2020,3,2024,"2001,2020",,,,,,,,
INM00042187,OBSERVATIONS_SCREENED,1983,2026,3113,2024,"1983,1984,1999,2009,2015,2016,2017,2018,2019,2020,2021,2022,2023,2024,2025,2026",513.0,0.0584016393442623,512.0,0.058287795992714025,0.0,0.0,513.0,0.0584016393442623
INM00042188,NO_FILE_FOR_REQUESTED_YEAR,1999,2021,7,2024,"1999,2000,2001,2002,2021",,,,,,,,
INM00042190,NO_FILE_FOR_REQUESTED_YEAR,2002,2002,1,2024,2002,,,,,,,,
INM00042206,NO_FILE_FOR_REQUESTED_YEAR,2017,2017,1,2024,2017,,,,,,,,
INM00042217,OBSERVATIONS_SCREENED,2019,2026,9924,2024,"2019,2020,2021,2022,2023,2024,2025,2026",1426.0,0.16234061930783242,1426.0,0.16234061930783242,1424.0,0.1621129326047359,1426.0,0.16234061930783242
INM00042220,OBSERVATIONS_SCREENED,1974,2026,18504,2024,"1974,2003,2009,2011,2015,2016,2017,2018,2019,2020,2021,2022,2023,2024,2025,2026",1995.0,0.2271174863387978,1994.0,0.22700364298724954,0.0,0.0,1996.0,0.2272313296903461
INM00042237,OBSERVATIONS_SCREENED,1944,2026,15380,2024,"1944,1945,1946,1947,1948,1973,1974,1975,1976,1977,1978,1979,1980,1983,1984,1985,1986,1987,1988,1989,1990,2009,2015,2016,2017,2018,2019,2020,2021,2022,2023,2024,2025,2026",429.0,0.04883879781420765,429.0,0.04883879781420765,0.0,0.0,429.0,0.04883879781420765
INM00042249,OBSERVATIONS_SCREENED,1973,2026,9858,2024,"1973,1974,1975,1976,1977,1978,1979,1980,1983,1984,1985,1986,1987,1988,1989,1990,2009,2015,2016,2017,2018,2019,2020,2021,2022,2023,2024,2025,2026",515.0,0.058629326047358835,515.0,0.058629326047358835,0.0,0.0,515.0,0.058629326047358835
INM00042257,OBSERVATIONS_SCREENED,2002,2024,6,2024,"2002,2023,2024",2.0,0.00022768670309653916,2.0,0.00022768670309653916,0.0,0.0,2.0,0.00022768670309653916
INM00042258,OBSERVATIONS_SCREENED,2002,2024,395,2024,"2002,2003,2018,2023,2024",18.0,0.0020491803278688526,18.0,0.0020491803278688526,0.0,0.0,19.0,0.002163023679417122
INM00042261,OBSERVATIONS_SCREENED,1942,2026,109454,2024,"1942,1943,1944,1945,1946,1947,1948,1954,1955,1956,1957,1958,1959,1960,1961,1962,1963,1973,1974,1975,1976,1977,1978,1979,1980,1981,1982,1983,1984,1985,1986,1987,1988,1989,1990,1991,1992,1993,1994,1995,1996,1997,1998,1999,2000,2001,2002,2003,2004,2005,2006,2007,2008,2009,2010,2011,2012,2013,2014,2015,2016,2017,2018,2019,2020,2021,2022,2023,2024,2025,2026",1749.0,0.1991120218579235,1749.0,0.1991120218579235,0.0,0.0,1752.0,0.1994535519125683
INM00042262,OBSERVATIONS_SCREENED,2024,2024,4,2024,2024,3.0,0.00034153005464480874,3.0,0.00034153005464480874,0.0,0.0,3.0,0.00034153005464480874
INM00042265,NO_FILE_FOR_REQUESTED_YEAR,1944,2021,8059,2024,"1944,1945,1946,1947,1948,1973,1974,1975,1976,1977,1978,1979,1983,1984,1985,1986,1987,1988,1989,1990,2002,2003,2020,2021",,,,,,,,
INM00042266,OBSERVATIONS_SCREENED,2009,2026,6851,2024,"2009,2015,2016,2017,2018,2019,2020,2021,2022,2023,2024,2025,2026",684.0,0.0778688524590164,684.0,0.0778688524590164,1.0,0.00011384335154826958,684.0,0.0778688524590164
INM00042267,OBSERVATIONS_SCREENED,2019,2026,2638,2024,"2019,2020,2021,2022,2023,2024,2025,2026",406.0,0.04622040072859745,404.0,0.04599271402550091,6.0,0.0006830601092896175,145.0,0.01650728597449909
INM00042270,OBSERVATIONS_SCREENED,1973,2026,2890,2024,"1973,1974,1975,1976,1977,1978,1979,1983,1984,1985,1986,1987,1988,1989,2002,2009,2016,2017,2024,2025,2026",426.0,0.04849726775956284,426.0,0.04849726775956284,0.0,0.0,2.0,0.00022768670309653916
INM00042271,OBSERVATIONS_SCREENED,1973,2026,9976,2024,"1973,1974,1975,1976,1977,1978,1979,1981,1982,1983,1984,1985,1986,1987,1988,1989,1990,1991,1992,1993,1994,1995,1996,1997,1998,1999,2000,2004,2005,2009,2015,2016,2017,2018,2019,2020,2021,2022,2023,2024,2025,2026",640.0,0.07285974499089254,636.0,0.07240437158469945,0.0,0.0,639.0,0.07274590163934426
INM00042274,NO_FILE_FOR_REQUESTED_YEAR,1973,2017,1873,2024,"1973,1974,1975,1976,1977,1978,1979,1983,1984,1985,1986,1987,1988,2002,2016,2017",,,,,,,,
INM00042279,NO_FILE_FOR_REQUESTED_YEAR,2016,2026,353,2024,"2016,2017,2018,2019,2023,2025,2026",,,,,,,,
INM00042282,OBSERVATIONS_SCREENED,1973,2024,460,2024,"1973,1974,1975,1976,1977,1978,1999,2001,2002,2003,2019,2024",1.0,0.00011384335154826958,1.0,0.00011384335154826958,0.0,0.0,1.0,0.00011384335154826958
INM00042296,OBSERVATIONS_SCREENED,2015,2026,6989,2024,"2015,2016,2017,2018,2019,2020,2021,2022,2023,2024,2025,2026",718.0,0.08173952641165756,715.0,0.08139799635701275,0.0,0.0,719.0,0.08185336976320583
INM00042299,OBSERVATIONS_SCREENED,1974,2026,14819,2024,"1974,2001,2003,2009,2015,2016,2017,2018,2019,2020,2021,2022,2023,2024,2025,2026",1442.0,0.16416211293260474,1441.0,0.16404826958105648,1441.0,0.16404826958105648,1443.0,0.164275956284153
INM00042305,NO_FILE_FOR_REQUESTED_YEAR,2002,2025,9,2024,"2002,2005,2020,2025",,,,,,,,
INM00042308,OBSERVATIONS_SCREENED,2019,2026,13016,2024,"2019,2020,2021,2022,2023,2024,2025,2026",1948.0,0.22176684881602915,1948.0,0.22176684881602915,1948.0,0.22176684881602915,1948.0,0.22176684881602915
INM00042311,NO_FILE_FOR_REQUESTED_YEAR,1944,2016,11301,2024,"1944,1945,1946,1947,1948,1954,1955,1956,1957,1958,1959,1960,1961,1962,1963,1986,1987,1988,1989,1990,2003,2016",,,,,,,,
INM00042328,OBSERVATIONS_SCREENED,1973,2026,118361,2024,"1973,1974,1975,1976,1977,1978,1979,1980,1981,1982,1983,1984,1985,1986,1987,1988,1989,1990,1991,1992,1993,1994,1995,1996,1997,1998,1999,2000,2001,2002,2003,2004,2005,2006,2007,2008,2009,2010,2011,2012,2013,2014,2015,2016,2017,2018,2019,2020,2021,2022,2023,2024,2025,2026",2831.0,0.3222905282331512,2816.0,0.3205828779599271,13.0,0.0014799635701275046,2869.0,0.3266165755919854
INM00042343,OBSERVATIONS_SCREENED,1944,2026,38971,2024,"1944,1945,1946,1947,1948,1973,1974,1975,1976,1977,1978,1979,1983,1984,1985,1986,1987,1988,1989,1990,2001,2003,2004,2007,2009,2010,2013,2015,2016,2017,2018,2019,2020,2021,2022,2023,2024,2025,2026",2820.0,0.32103825136612024,2815.0,0.3204690346083789,9.0,0.0010245901639344263,2833.0,0.3225182149362477
INM00042349,NO_FILE_FOR_REQUESTED_YEAR,1999,2021,11,2024,"1999,2000,2001,2002,2003,2016,2019,2021",,,,,,,,
INM00042353,NO_FILE_FOR_REQUESTED_YEAR,2020,2022,2,2024,"2020,2022",,,,,,,,
INM00042354,NO_FILE_FOR_REQUESTED_YEAR,1973,2026,8647,2024,"1973,1974,1975,1976,1977,1978,1979,1983,1984,1985,1986,1987,1988,1989,1990,2003,2008,2009,2025,2026",,,,,,,,
INM00042358,NO_FILE_FOR_REQUESTED_YEAR,2002,2025,3,2024,"2002,2025",,,,,,,,
INM00042368,NO_FILE_FOR_REQUESTED_YEAR,1885,2021,4413,2024,"1885,1886,1944,1945,1946,1947,1948,1973,1974,1999,2001,2002,2003,2016,2021",,,,,,,,
INM00042370,OBSERVATIONS_SCREENED,2019,2026,2547,2024,"2019,2020,2021,2022,2023,2024,2025,2026",412.0,0.046903460837887066,412.0,0.046903460837887066,0.0,0.0,413.0,0.04701730418943534
INM00042374,NO_FILE_FOR_REQUESTED_YEAR,2002,2023,11,2024,"2002,2003,2004,2016,2018,2023",,,,,,,,
INM00042375,NO_FILE_FOR_REQUESTED_YEAR,1999,2019,21,2024,"1999,2000,2001,2002,2003,2005,2007,2016,2019",,,,,,,,
INM00042381,NO_FILE_FOR_REQUESTED_YEAR,1973,2026,2497,2024,"1973,1974,1975,1976,1977,1978,1979,1980,2025,2026",,,,,,,,
INM00042383,OBSERVATIONS_SCREENED,1944,2026,10736,2024,"1944,1945,1946,1947,1948,1973,1974,1977,1978,1979,1980,1981,1982,1983,1984,1985,1986,1987,1988,1989,1990,2009,2015,2016,2020,2021,2022,2023,2024,2025,2026",622.0,0.07081056466302368,616.0,0.07012750455373407,0.0,0.0,624.0,0.07103825136612021
INM00042387,OBSERVATIONS_SCREENED,1974,2026,5771,2024,"1974,2002,2005,2009,2015,2016,2017,2018,2019,2020,2021,2022,2023,2024,2025,2026",675.0,0.07684426229508197,674.0,0.0767304189435337,0.0,0.0,676.0,0.07695810564663023
INM00042391,OBSERVATIONS_SCREENED,1934,2025,11446,2024,"1934,1935,1944,1945,1946,1947,1948,1999,2000,2001,2003,2015,2016,2017,2018,2019,2020,2021,2022,2023,2024,2025",591.0,0.06728142076502733,589.0,0.06705373406193078,2.0,0.00022768670309653916,594.0,0.06762295081967214
INM00042395,OBSERVATIONS_SCREENED,1973,2026,7106,2024,"1973,1974,1975,1976,1977,1978,1979,2015,2016,2017,2018,2019,2020,2021,2022,2023,2024,2025,2026",601.0,0.06841985428051002,599.0,0.06819216757741348,0.0,0.0,600.0,0.06830601092896176
INM00042397,NO_FILE_FOR_REQUESTED_YEAR,1999,2023,14,2024,"1999,2001,2002,2003,2016,2018,2019,2023",,,,,,,,
INM00042399,OBSERVATIONS_SCREENED,1944,2026,26048,2024,"1944,1945,1946,1947,1948,1954,1955,1956,1957,1958,1959,1960,1961,1962,1963,1974,2003,2007,2009,2013,2015,2016,2017,2018,2019,2020,2021,2022,2023,2024,2025,2026",1437.0,0.1635928961748634,1437.0,0.1635928961748634,14.0,0.0015938069216757742,1443.0,0.164275956284153
INM00042407,OBSERVATIONS_SCREENED,1973,2026,6914,2024,"1973,1974,1975,1976,1977,1978,1979,2002,2005,2009,2015,2016,2017,2018,2019,2020,2021,2022,2023,2024,2025,2026",697.0,0.0793488160291439,697.0,0.0793488160291439,0.0,0.0,697.0,0.0793488160291439
INM00042408,OBSERVATIONS_SCREENED,2015,2026,4575,2024,"2015,2016,2017,2018,2019,2020,2021,2022,2023,2024,2025,2026",642.0,0.07308743169398907,632.0,0.07194899817850638,0.0,0.0,642.0,0.07308743169398907
INM00042409,NO_FILE_FOR_REQUESTED_YEAR,1974,2023,2314,2024,"1974,2009,2015,2016,2017,2018,2019,2020,2021,2022,2023",,,,,,,,
INM00042413,OBSERVATIONS_SCREENED,2001,2026,6427,2024,"2001,2002,2009,2015,2016,2017,2018,2019,2020,2021,2022,2023,2024,2025,2026",686.0,0.07809653916211293,686.0,0.07809653916211293,0.0,0.0,686.0,0.07809653916211293
INM00042414,OBSERVATIONS_SCREENED,1973,2026,6474,2024,"1973,1974,1975,1976,1977,1978,1979,2001,2002,2004,2015,2016,2017,2018,2019,2020,2021,2022,2023,2024,2025,2026",677.0,0.07707194899817851,675.0,0.07684426229508197,0.0,0.0,678.0,0.07718579234972678
INM00042420,OBSERVATIONS_SCREENED,1974,2026,6526,2024,"1974,1975,2000,2001,2002,2003,2015,2016,2017,2018,2019,2020,2021,2022,2023,2024,2025,2026",635.0,0.07229052823315119,634.0,0.07217668488160292,0.0,0.0,636.0,0.07240437158469945
INM00042426,NO_FILE_FOR_REQUESTED_YEAR,2020,2022,2,2024,"2020,2022",,,,,,,,
INM00042435,OBSERVATIONS_SCREENED,1944,2026,73666,2024,"1944,1945,1946,1947,1948,1954,1955,1956,1957,1958,1959,1960,1961,1962,1963,1973,1974,1975,1976,1977,1978,1979,1980,1981,1983,1984,1985,1986,1987,1988,1989,1990,1992,1993,1994,1995,1996,1997,1998,1999,2001,2002,2003,2004,2005,2006,2007,2008,2009,2010,2011,2012,2013,2014,2015,2016,2017,2018,2019,2020,2021,2022,2023,2024,2025,2026",2810.0,0.31989981785063754,2805.0,0.3193306010928962,11.0,0.0012522768670309653,2836.0,0.32285974499089254
INM00042439,NO_FILE_FOR_REQUESTED_YEAR,2015,2020,282,2024,"2015,2016,2017,2018,2020",,,,,,,,
INM00042447,OBSERVATIONS_SCREENED,2002,2026,5106,2024,"2002,2003,2016,2017,2018,2019,2020,2021,2022,2023,2024,2025,2026",493.0,0.056124772313296906,492.0,0.056010928961748634,0.0,0.0,493.0,0.056124772313296906
INM00042450,NO_FILE_FOR_REQUESTED_YEAR,2003,2023,2475,2024,"2003,2009,2015,2016,2017,2018,2019,2020,2021,2022,2023",,,,,,,,
INM00042456,NO_FILE_FOR_REQUESTED_YEAR,1973,2026,5038,2024,"1973,1974,1975,1976,1977,1978,1979,1983,1984,1985,1986,1987,1988,1989,1990,2009,2015,2016,2017,2018,2019,2020,2021,2025,2026",,,,,,,,
INM00042459,OBSERVATIONS_SCREENED,2002,2026,6461,2024,"2002,2003,2009,2015,2016,2017,2018,2019,2020,2021,2022,2023,2024,2025,2026",693.0,0.07889344262295082,690.0,0.07855191256830601,1.0,0.00011384335154826958,693.0,0.07889344262295082
INM00042460,OBSERVATIONS_SCREENED,2002,2026,3849,2024,"2002,2003,2004,2006,2008,2009,2012,2013,2014,2015,2016,2017,2018,2019,2020,2021,2022,2023,2024,2025,2026",157.0,0.017873406193078326,157.0,0.017873406193078326,0.0,0.0,157.0,0.017873406193078326
INM00042467,OBSERVATIONS_SCREENED,1944,2026,14125,2024,"1944,1945,1946,1947,1948,1973,1974,1975,1976,1977,1978,1979,1984,1985,1986,1987,1988,1989,1990,2002,2009,2015,2016,2017,2018,2019,2020,2021,2022,2023,2024,2025,2026",719.0,0.08185336976320583,719.0,0.08185336976320583,1.0,0.00011384335154826958,720.0,0.08196721311475409
INM00042468,OBSERVATIONS_SCREENED,2003,2026,6731,2024,"2003,2004,2007,2008,2009,2012,2015,2016,2017,2018,2019,2020,2021,2022,2023,2024,2025,2026",648.0,0.07377049180327869,646.0,0.07354280510018214,1.0,0.00011384335154826958,647.0,0.07365664845173042
INM00042469,OBSERVATIONS_SCREENED,2009,2026,6497,2024,"2009,2010,2015,2016,2017,2018,2019,2020,2021,2022,2023,2024,2025,2026",616.0,0.07012750455373407,614.0,0.06989981785063752,0.0,0.0,478.0,0.05441712204007286
INM00042471,OBSERVATIONS_SCREENED,1973,2026,2465,2024,"1973,1974,1975,1976,1977,1978,1979,1983,1984,1985,1986,1987,1988,1989,2002,2017,2019,2020,2021,2024,2025,2026",302.0,0.034380692167577415,301.0,0.03426684881602914,0.0,0.0,304.0,0.03460837887067395
INM00042472,NO_FILE_FOR_REQUESTED_YEAR,2016,2018,2,2024,"2016,2018",,,,,,,,
INM00042473,OBSERVATIONS_SCREENED,2004,2026,5551,2024,"2004,2015,2016,2017,2018,2019,2020,2021,2022,2023,2024,2025,2026",309.0,0.0351775956284153,307.0,0.03494990892531876,0.0,0.0,308.0,0.03506375227686703
INM00042474,OBSERVATIONS_SCREENED,1944,2026,27897,2024,"1944,1945,1946,1947,1948,2017,2018,2019,2020,2021,2022,2023,2024,2025,2026",2789.0,0.3175091074681239,2788.0,0.3173952641165756,20.0,0.002276867030965392,2810.0,0.31989981785063754
INM00042477,NO_FILE_FOR_REQUESTED_YEAR,2017,2023,8,2024,"2017,2019,2021,2023",,,,,,,,
INM00042483,OBSERVATIONS_SCREENED,1944,2026,19975,2024,"1944,1945,1946,1947,1948,2002,2007,2009,2015,2016,2017,2018,2019,2020,2021,2022,2023,2024,2025,2026",1746.0,0.1987704918032787,1740.0,0.19808743169398907,7.0,0.0007969034608378871,1754.0,0.19968123861566484
INM00042484,OBSERVATIONS_SCREENED,2002,2024,24,2024,"2002,2007,2017,2018,2021,2022,2023,2024",2.0,0.00022768670309653916,2.0,0.00022768670309653916,0.0,0.0,3.0,0.00034153005464480874
INM00042487,NO_FILE_FOR_REQUESTED_YEAR,2017,2022,5,2024,"2017,2019,2021,2022",,,,,,,,
INM00042488,OBSERVATIONS_SCREENED,2005,2026,5896,2024,"2005,2015,2016,2017,2018,2019,2020,2021,2022,2023,2024,2025,2026",618.0,0.0703551912568306,616.0,0.07012750455373407,2.0,0.00022768670309653916,617.0,0.07024134790528233
INM00042498,OBSERVATIONS_SCREENED,1957,2026,54969,2024,"1957,1958,1959,1960,1961,1962,1973,1974,1975,1976,1977,1978,1979,1980,1982,1983,1984,1985,1986,1987,1988,1989,1990,1991,1992,1993,1994,1995,1996,1997,1998,1999,2000,2001,2002,2003,2004,2005,2006,2007,2008,2009,2010,2011,2012,2013,2014,2015,2016,2017,2018,2019,2020,2021,2022,2023,2024,2025,2026",2814.0,0.3203551912568306,2812.0,0.32012750455373407,14.0,0.0015938069216757742,2815.0,0.3204690346083789
INM00042499,OBSERVATIONS_SCREENED,2002,2026,3335,2024,"2002,2003,2009,2015,2016,2017,2018,2019,2020,2021,2022,2023,2024,2025,2026",53.0,0.006033697632058288,52.0,0.005919854280510018,0.0,0.0,53.0,0.006033697632058288
INM00042511,NO_FILE_FOR_REQUESTED_YEAR,1973,2003,641,2024,"1973,1974,1975,1976,1977,1978,1979,2002,2003",,,,,,,,
INM00042522,OBSERVATIONS_SCREENED,2015,2026,6329,2024,"2015,2016,2017,2018,2019,2020,2021,2022,2023,2024,2025,2026",619.0,0.07046903460837887,613.0,0.06978597449908926,0.0,0.0,621.0,0.0706967213114754
INM00042523,OBSERVATIONS_SCREENED,1973,2026,8531,2024,"1973,1974,1975,1976,1977,1978,1979,1984,1985,1986,2015,2016,2017,2018,2019,2020,2021,2022,2023,2024,2025,2026",689.0,0.07843806921675774,688.0,0.07832422586520947,0.0,0.0,690.0,0.07855191256830601
INM00042527,OBSERVATIONS_SCREENED,1977,2026,6698,2024,"1977,1978,1979,2015,2016,2017,2018,2019,2020,2021,2022,2023,2024,2025,2026",690.0,0.07855191256830601,689.0,0.07843806921675774,685.0,0.07798269581056466,690.0,0.07855191256830601
INM00042539,NO_FILE_FOR_REQUESTED_YEAR,1944,1945,1121,2024,"1944,1945",,,,,,,,
INM00042540,OBSERVATIONS_SCREENED,1944,2025,9210,2024,"1944,1945,1946,1947,1948,1973,1974,1975,1977,1978,1979,1980,1981,1982,1984,1985,1986,1987,1988,1989,1990,2009,2015,2016,2017,2018,2019,2020,2021,2024,2025",382.0,0.04348816029143898,377.0,0.04291894353369763,0.0,0.0,385.0,0.04382969034608379
INM00042546,OBSERVATIONS_SCREENED,2009,2026,6327,2024,"2009,2015,2016,2017,2018,2019,2020,2021,2022,2023,2024,2025,2026",505.0,0.057490892531876135,505.0,0.057490892531876135,0.0,0.0,505.0,0.057490892531876135
INM00042552,NO_FILE_FOR_REQUESTED_YEAR,2004,2009,3,2024,"2004,2008,2009",,,,,,,,
INM00042555,NO_FILE_FOR_REQUESTED_YEAR,1944,2022,9283,2024,"1944,1945,1946,1947,1948,1973,1974,1975,1976,1977,1978,1979,1983,1984,1985,1986,1987,1988,1989,1990,2001,2002,2003,2017,2018,2022",,,,,,,,
INM00042557,OBSERVATIONS_SCREENED,2003,2026,7226,2024,"2003,2009,2015,2016,2017,2018,2019,2020,2021,2022,2023,2024,2025,2026",718.0,0.08173952641165756,718.0,0.08173952641165756,0.0,0.0,718.0,0.08173952641165756
INM00042562,OBSERVATIONS_SCREENED,2003,2026,5659,2024,"2003,2006,2007,2009,2014,2015,2016,2017,2018,2019,2020,2021,2022,2023,2024,2025,2026",713.0,0.08117030965391621,713.0,0.08117030965391621,385.0,0.04382969034608379,713.0,0.08117030965391621
INM00042567,OBSERVATIONS_SCREENED,2002,2026,14761,2024,"2002,2003,2005,2007,2009,2011,2015,2016,2017,2018,2019,2020,2021,2022,2023,2024,2025,2026",1422.0,0.16188524590163936,1422.0,0.16188524590163936,0.0,0.0,1440.0,0.16393442622950818
INM00042577,OBSERVATIONS_SCREENED,1973,2026,9053,2024,"1973,1974,1975,1976,1977,1978,1979,1983,1984,1985,1986,1987,1988,1989,1990,1991,1992,1993,1994,1995,1996,1997,1998,1999,2000,2001,2002,2003,2004,2009,2015,2016,2017,2018,2019,2020,2021,2022,2023,2024,2025,2026",700.0,0.07969034608378871,700.0,0.07969034608378871,0.0,0.0,700.0,0.07969034608378871
INM00042588,OBSERVATIONS_SCREENED,1973,2026,4612,2024,"1973,1974,1975,1976,1977,1978,2002,2003,2009,2015,2016,2017,2018,2019,2020,2021,2022,2023,2024,2025,2026",581.0,0.06614298724954462,577.0,0.06568761384335155,0.0,0.0,581.0,0.06614298724954462
INM00042595,NO_FILE_FOR_REQUESTED_YEAR,2012,2012,1,2024,2012,,,,,,,,
INM00042603,OBSERVATIONS_SCREENED,1944,2026,15314,2024,"1944,1945,1946,1947,1948,1973,1974,1975,1976,1977,1978,1979,1983,1984,1985,1986,1987,1988,1989,1990,2003,2015,2016,2017,2018,2019,2020,2021,2022,2023,2024,2025,2026",706.0,0.08037340619307833,706.0,0.08037340619307833,0.0,0.0,706.0,0.08037340619307833
INM00042618,OBSERVATIONS_SCREENED,1945,2026,21336,2024,"1945,2002,2009,2015,2016,2017,2018,2019,2020,2021,2022,2023,2024,2025,2026",1791.0,0.2038934426229508,1790.0,0.20377959927140255,2.0,0.00022768670309653916,1791.0,0.2038934426229508
INM00042619,OBSERVATIONS_SCREENED,1944,2026,27007,2024,"1944,1945,1946,1947,1948,1954,1955,1956,1957,1958,1959,1960,1961,1962,1963,1973,1974,1975,1988,1989,1990,2003,2004,2009,2011,2015,2016,2017,2018,2019,2020,2021,2022,2023,2024,2025,2026",2071.0,0.2357695810564663,2071.0,0.2357695810564663,2.0,0.00022768670309653916,2071.0,0.2357695810564663
INM00042631,OBSERVATIONS_SCREENED,1973,2026,30875,2024,"1973,1974,1976,1977,1978,1979,1983,1984,1985,1986,1987,1988,1989,1990,2007,2008,2009,2011,2014,2015,2016,2017,2018,2019,2020,2021,2022,2023,2024,2025,2026",2773.0,0.31568761384335153,2747.0,0.31272768670309653,0.0,0.0,2856.0,0.3251366120218579
INM00042638,OBSERVATIONS_SCREENED,2004,2026,7390,2024,"2004,2015,2016,2017,2018,2019,2020,2021,2022,2023,2024,2025,2026",720.0,0.08196721311475409,720.0,0.08196721311475409,0.0,0.0,720.0,0.08196721311475409
INM00042639,OBSERVATIONS_SCREENED,2003,2026,7370,2024,"2003,2009,2015,2016,2017,2018,2019,2020,2021,2022,2023,2024,2025,2026",718.0,0.08173952641165756,718.0,0.08173952641165756,0.0,0.0,717.0,0.08162568306010928
INM00042651,NO_FILE_FOR_REQUESTED_YEAR,2009,2018,926,2024,"2009,2015,2016,2017,2018",,,,,,,,
INM00042652,NO_FILE_FOR_REQUESTED_YEAR,2001,2017,5,2024,"2001,2002,2017",,,,,,,,
INM00042654,OBSERVATIONS_SCREENED,2015,2026,7207,2024,"2015,2016,2017,2018,2019,2020,2021,2022,2023,2024,2025,2026",721.0,0.08208105646630237,720.0,0.08196721311475409,0.0,0.0,537.0,0.061133879781420764
INM00042655,NO_FILE_FOR_REQUESTED_YEAR,2002,2009,2,2024,"2002,2009",,,,,,,,
INM00042661,OBSERVATIONS_SCREENED,1973,2026,9558,2024,"1973,1974,1975,1976,1977,1978,1979,1983,1984,1985,1986,1987,1988,1989,1990,1999,2000,2002,2003,2009,2015,2016,2017,2018,2019,2020,2021,2022,2023,2024,2025,2026",711.0,0.08094262295081968,711.0,0.08094262295081968,709.0,0.08071493624772313,711.0,0.08094262295081968
INM00042662,OBSERVATIONS_SCREENED,2002,2026,7406,2024,"2002,2004,2007,2009,2015,2016,2017,2018,2019,2020,2021,2022,2023,2024,2025,2026",717.0,0.08162568306010928,716.0,0.08151183970856102,2.0,0.00022768670309653916,717.0,0.08162568306010928
INM00042669,NO_FILE_FOR_REQUESTED_YEAR,2001,2023,2,2024,"2001,2023",,,,,,,,
INM00042671,OBSERVATIONS_SCREENED,1944,2026,33694,2024,"1944,1945,1946,1947,1948,1973,1974,1975,1976,1977,1978,1979,1983,1984,1985,1986,1987,1988,1989,1990,2003,2004,2007,2009,2011,2015,2016,2017,2018,2019,2020,2021,2022,2023,2024,2025,2026",2864.0,0.32604735883424407,2863.0,0.32593351548269583,2864.0,0.32604735883424407,2869.0,0.3266165755919854
INM00042672,OBSERVATIONS_SCREENED,1984,2026,6916,2024,"1984,2001,2009,2011,2015,2016,2017,2018,2019,2020,2021,2022,2023,2024,2025,2026",709.0,0.08071493624772313,708.0,0.08060109289617487,1.0,0.00011384335154826958,709.0,0.08071493624772313
INM00042674,OBSERVATIONS_SCREENED,2004,2026,7335,2024,"2004,2006,2009,2011,2015,2016,2017,2018,2019,2020,2021,2022,2023,2024,2025,2026",722.0,0.08219489981785064,722.0,0.08219489981785064,0.0,0.0,721.0,0.08208105646630237
INM00042679,OBSERVATIONS_SCREENED,1973,2026,10007,2024,"1973,1974,1975,1976,1977,1978,1979,1980,1981,1982,1983,1984,1985,1986,1987,1988,1989,1990,1991,1992,1993,1994,1995,1996,1997,1998,1999,2000,2001,2002,2003,2007,2009,2015,2016,2017,2018,2019,2020,2021,2022,2023,2024,2025,2026",720.0,0.08196721311475409,720.0,0.08196721311475409,0.0,0.0,720.0,0.08196721311475409
INM00042693,OBSERVATIONS_SCREENED,1973,2026,30556,2024,"1973,1974,1975,1976,1977,1978,1983,1984,1985,1986,1987,1988,1989,1990,2007,2008,2009,2011,2013,2015,2016,2017,2018,2019,2020,2021,2022,2023,2024,2025,2026",2835.0,0.32274590163934425,2834.0,0.322632058287796,2834.0,0.322632058287796,2850.0,0.3244535519125683
INM00042699,NO_FILE_FOR_REQUESTED_YEAR,1944,2019,7063,2024,"1944,1945,1946,1947,1948,1973,1974,1975,1976,1977,1978,1979,2002,2003,2005,2009,2011,2019",,,,,,,,
INM00042705,OBSERVATIONS_SCREENED,1944,2026,9160,2024,"1944,2002,2015,2016,2017,2018,2019,2020,2021,2022,2023,2024,2025,2026",700.0,0.07969034608378871,699.0,0.07957650273224044,0.0,0.0,701.0,0.07980418943533697
INM00042706,OBSERVATIONS_SCREENED,2005,2026,56317,2024,"2005,2006,2007,2008,2009,2010,2011,2012,2013,2014,2015,2016,2017,2018,2019,2020,2021,2022,2023,2024,2025,2026",2876.0,0.3274134790528233,2876.0,0.3274134790528233,3.0,0.00034153005464480874,2879.0,0.32775500910746813
INM00042708,OBSERVATIONS_SCREENED,2001,2026,11987,2024,"2001,2002,2003,2009,2015,2016,2017,2018,2019,2020,2021,2022,2023,2024,2025,2026",1442.0,0.16416211293260474,1440.0,0.16393442622950818,0.0,0.0,1443.0,0.164275956284153
INM00042709,OBSERVATIONS_SCREENED,1944,2026,13769,2024,"1944,1945,1946,1947,1948,1974,1980,1981,1982,1983,1984,1985,2003,2009,2015,2016,2017,2018,2019,2020,2021,2022,2023,2024,2025,2026",721.0,0.08208105646630237,721.0,0.08208105646630237,0.0,0.0,17.0,0.001935336976320583
INM00042711,OBSERVATIONS_SCREENED,1995,2026,6114,2024,"1995,1996,1997,1998,1999,2000,2001,2002,2003,2009,2015,2016,2017,2018,2019,2020,2021,2022,2023,2024,2025,2026",671.0,0.0763888888888889,671.0,0.0763888888888889,0.0,0.0,670.0,0.07627504553734062
INM00042715,OBSERVATIONS_SCREENED,2001,2026,4954,2024,"2001,2002,2009,2015,2016,2017,2018,2019,2020,2021,2022,2023,2024,2025,2026",714.0,0.08128415300546447,714.0,0.08128415300546447,714.0,0.08128415300546447,715.0,0.08139799635701275
INM00042727,OBSERVATIONS_SCREENED,1954,2026,6662,2024,"1954,1955,1956,1957,1958,1959,1960,1961,1962,1963,2003,2015,2016,2017,2018,2019,2020,2021,2022,2023,2024,2025,2026",2.0,0.00022768670309653916,2.0,0.00022768670309653916,0.0,0.0,2.0,0.00022768670309653916
INM00042729,NO_FILE_FOR_REQUESTED_YEAR,2001,2018,240,2024,"2001,2015,2017,2018",,,,,,,,
INM00042730,OBSERVATIONS_SCREENED,2001,2026,29552,2024,"2001,2003,2005,2007,2008,2009,2011,2015,2016,2017,2018,2019,2020,2021,2022,2023,2024,2025,2026",2871.0,0.32684426229508196,2871.0,0.32684426229508196,4.0,0.0004553734061930783,2871.0,0.32684426229508196
INM00042731,OBSERVATIONS_SCREENED,1944,2026,39803,2024,"1944,1945,1946,1947,1948,1973,1974,1975,1976,1977,1978,1979,1983,1984,1985,1986,1987,1988,1989,1990,1991,1992,1993,1994,1995,1996,1997,1998,1999,2000,2001,2002,2003,2007,2008,2009,2011,2013,2015,2016,2017,2018,2019,2020,2021,2022,2023,2024,2025,2026",2869.0,0.3266165755919854,2862.0,0.32581967213114754,0.0,0.0,2869.0,0.3266165755919854
INM00042734,NO_FILE_FOR_REQUESTED_YEAR,1973,1976,3542,2024,"1973,1974,1975,1976",,,,,,,,
INM00042740,OBSERVATIONS_SCREENED,1973,2026,8941,2024,"1973,1974,1975,1976,1977,1978,2002,2003,2015,2016,2017,2018,2019,2020,2021,2022,2023,2024,2025,2026",718.0,0.08173952641165756,716.0,0.08151183970856102,0.0,0.0,718.0,0.08173952641165756
INM00042744,OBSERVATIONS_SCREENED,1983,2026,7017,2024,"1983,2007,2009,2015,2016,2017,2018,2019,2020,2021,2022,2023,2024,2025,2026",716.0,0.08151183970856102,714.0,0.08128415300546447,0.0,0.0,715.0,0.08139799635701275
INM00042747,NO_FILE_FOR_REQUESTED_YEAR,1944,2023,17008,2024,"1944,1945,1946,1947,1948,1973,1974,1975,1976,1977,1978,1979,1980,1983,1984,1985,1986,1987,1988,1989,1990,1991,1992,1993,1994,2002,2005,2007,2015,2016,2023",,,,,,,,
INM00042751,OBSERVATIONS_SCREENED,1944,2024,10241,2024,"1944,1945,1946,1947,1948,1973,1974,1975,1976,1977,1978,1979,1980,1981,1983,1984,1985,1986,1987,1988,1989,1990,1992,1993,1994,1995,1996,1997,1998,1999,2001,2002,2003,2004,2005,2017,2018,2019,2021,2022,2024",1.0,0.00011384335154826958,1.0,0.00011384335154826958,0.0,0.0,1.0,0.00011384335154826958
INM00042763,OBSERVATIONS_SCREENED,1944,2026,18308,2024,"1944,1945,1946,1947,1948,2007,2009,2011,2015,2016,2017,2018,2019,2020,2021,2022,2023,2024,2025,2026",1434.0,0.16325136612021857,1432.0,0.16302367941712204,1439.0,0.16382058287795992,1440.0,0.16393442622950818
INM00042767,OBSERVATIONS_SCREENED,1944,2026,14429,2024,"1944,1945,1946,1947,1948,1973,1974,1975,1976,1977,1978,1979,1980,1985,1986,1987,1999,2000,2002,2003,2009,2015,2016,2017,2018,2019,2020,2021,2022,2023,2024,2025,2026",720.0,0.08196721311475409,720.0,0.08196721311475409,719.0,0.08185336976320583,720.0,0.08196721311475409
INM00042768,OBSERVATIONS_SCREENED,2002,2026,9235,2024,"2002,2003,2015,2016,2017,2018,2019,2020,2021,2022,2023,2024,2025,2026",1409.0,0.16040528233151183,1408.0,0.16029143897996356,0.0,0.0,1428.0,0.16256830601092895
INM00042771,OBSERVATIONS_SCREENED,1944,2026,15690,2024,"1944,1945,1946,1947,1948,1973,1974,1975,1976,1977,1978,1979,1983,1984,1985,1986,1987,1988,1989,1999,2000,2001,2002,2009,2015,2016,2017,2018,2019,2020,2021,2022,2023,2024,2025,2026",714.0,0.08128415300546447,714.0,0.08128415300546447,2.0,0.00022768670309653916,713.0,0.08117030965391621
INM00042776,OBSERVATIONS_SCREENED,2007,2026,8727,2024,"2007,2009,2015,2016,2017,2018,2019,2020,2021,2022,2023,2024,2025,2026",1391.0,0.15835610200364297,1386.0,0.15778688524590165,0.0,0.0,1439.0,0.16382058287795992
INM00042783,NO_FILE_FOR_REQUESTED_YEAR,1973,2009,1395,2024,"1973,1974,1975,1976,1977,1978,1983,1984,1987,2007,2009",,,,,,,,
INM00042790,OBSERVATIONS_SCREENED,2001,2024,34,2024,"2001,2002,2003,2005,2016,2018,2020,2023,2024",9.0,0.0010245901639344263,8.0,0.0009107468123861566,0.0,0.0,9.0,0.0010245901639344263
INM00042792,OBSERVATIONS_SCREENED,2002,2026,6146,2024,"2002,2003,2009,2015,2016,2017,2018,2019,2020,2021,2022,2023,2024,2025,2026",637.0,0.07251821493624773,635.0,0.07229052823315119,0.0,0.0,0.0,0.0
INM00042793,OBSERVATIONS_SCREENED,2017,2026,3382,2024,"2017,2019,2020,2023,2024,2025,2026",1425.0,0.16222677595628415,1425.0,0.16222677595628415,0.0,0.0,1427.0,0.16245446265938068
INM00042795,OBSERVATIONS_SCREENED,1944,2026,3858,2024,"1944,1945,1973,1974,1975,1976,1977,1978,1979,1980,1981,1982,1983,1984,1985,1986,1987,1988,1989,1990,2001,2003,2009,2015,2016,2019,2024,2025,2026",318.0,0.036202185792349725,317.0,0.03608834244080146,0.0,0.0,321.0,0.036543715846994534
INM00042799,OBSERVATIONS_SCREENED,1945,2026,11505,2024,"1945,1946,1947,1948,1954,1955,1956,1957,1958,1959,1960,1961,1962,1963,1981,1982,2002,2003,2004,2008,2009,2015,2016,2017,2018,2024,2025,2026",294.0,0.03346994535519126,293.0,0.03335610200364299,0.0,0.0,296.0,0.033697632058287796
INM00042803,OBSERVATIONS_SCREENED,1973,2026,8353,2024,"1973,1974,1975,1976,1977,1978,1984,1985,1986,1987,1988,1989,1990,2002,2004,2006,2009,2015,2016,2017,2018,2019,2020,2021,2022,2023,2024,2025,2026",597.0,0.06796448087431695,597.0,0.06796448087431695,0.0,0.0,596.0,0.06785063752276867
INM00042805,OBSERVATIONS_SCREENED,1981,2026,5289,2024,"1981,1982,1983,1984,1985,1999,2000,2001,2002,2003,2009,2015,2016,2017,2018,2019,2020,2021,2022,2023,2024,2025,2026",702.0,0.07991803278688525,700.0,0.07969034608378871,0.0,0.0,701.0,0.07980418943533697
INM00042810,NO_FILE_FOR_REQUESTED_YEAR,2015,2026,1406,2024,"2015,2016,2017,2019,2025,2026",,,,,,,,
INM00042811,OBSERVATIONS_SCREENED,2001,2026,24017,2024,"2001,2009,2015,2016,2017,2018,2019,2020,2021,2022,2023,2024,2025,2026",2868.0,0.32650273224043713,2868.0,0.32650273224043713,0.0,0.0,2869.0,0.3266165755919854
INM00042812,OBSERVATIONS_SCREENED,2009,2026,14033,2024,"2009,2015,2016,2017,2018,2019,2020,2021,2022,2023,2024,2025,2026",1442.0,0.16416211293260474,1442.0,0.16416211293260474,0.0,0.0,1442.0,0.16416211293260474
INM00042830,OBSERVATIONS_SCREENED,1973,2026,33053,2024,"1973,1974,1975,1976,1977,1978,1979,1980,1983,1984,1985,1986,1987,1988,1989,1990,1991,2002,2007,2008,2009,2011,2013,2015,2016,2017,2018,2019,2020,2021,2022,2023,2024,2025,2026",2834.0,0.322632058287796,2823.0,0.321379781420765,0.0,0.0,2868.0,0.32650273224043713
INM00042832,OBSERVATIONS_SCREENED,2001,2026,4629,2024,"2001,2019,2020,2021,2022,2023,2024,2025,2026",713.0,0.08117030965391621,713.0,0.08117030965391621,0.0,0.0,713.0,0.08117030965391621
INM00042834,OBSERVATIONS_SCREENED,1974,2026,6131,2024,"1974,2003,2009,2015,2016,2017,2018,2019,2020,2021,2022,2023,2024,2025,2026",552.0,0.06284153005464481,552.0,0.06284153005464481,0.0,0.0,516.0,0.05874316939890711
INM00042838,OBSERVATIONS_SCREENED,1944,2026,28078,2024,"1944,1945,1946,1947,1948,1954,1955,1956,1957,1958,1959,1960,1961,1962,1963,1973,1974,1975,1976,1977,1978,1979,1980,1983,1984,1985,1986,1987,1988,1989,1990,1991,1992,1993,1994,1995,1996,1997,2003,2007,2009,2011,2015,2016,2017,2018,2019,2020,2021,2022,2023,2024,2025,2026",1438.0,0.16370673952641165,1436.0,0.16347905282331512,3.0,0.00034153005464480874,1438.0,0.16370673952641165
INM00042841,OBSERVATIONS_SCREENED,2001,2024,8,2024,"2001,2002,2003,2019,2024",1.0,0.00011384335154826958,1.0,0.00011384335154826958,0.0,0.0,1.0,0.00011384335154826958
INM00042846,NO_FILE_FOR_REQUESTED_YEAR,2016,2026,960,2024,"2016,2017,2018,2019,2023,2025,2026",,,,,,,,
INM00042849,OBSERVATIONS_SCREENED,2009,2026,7294,2024,"2009,2015,2016,2017,2018,2019,2020,2021,2022,2023,2024,2025,2026",720.0,0.08196721311475409,720.0,0.08196721311475409,0.0,0.0,720.0,0.08196721311475409
INM00042851,OBSERVATIONS_SCREENED,1944,2026,17936,2024,"1944,1945,1946,1947,1948,1973,1974,1975,1976,1977,1978,1979,1983,1984,1985,1986,1987,1988,1989,1990,2007,2009,2015,2016,2017,2018,2019,2020,2021,2022,2023,2024,2025,2026",687.0,0.0782103825136612,677.0,0.07707194899817851,0.0,0.0,693.0,0.07889344262295082
INM00042860,OBSERVATIONS_SCREENED,1973,2026,9690,2024,"1973,1974,1975,1976,1977,1978,1979,1983,1984,1985,1986,1987,1988,1989,1990,2002,2003,2009,2015,2016,2017,2018,2019,2020,2021,2022,2023,2024,2025,2026",721.0,0.08208105646630237,721.0,0.08208105646630237,720.0,0.08196721311475409,721.0,0.08208105646630237
INM00042866,NO_FILE_FOR_REQUESTED_YEAR,1875,2025,16714,2024,"1875,1876,1877,1878,1884,1885,1886,1887,1888,1889,1890,1944,1945,1946,1947,1948,1986,1987,1988,1989,2002,2004,2005,2008,2018,2020,2025",,,,,,,,
INM00042874,OBSERVATIONS_SCREENED,1944,2026,91184,2024,"1944,1945,1946,1947,1948,1954,1955,1956,1957,1958,1959,1960,1961,1962,1963,1996,1997,1998,1999,2000,2001,2002,2003,2004,2005,2006,2007,2008,2009,2010,2011,2012,2013,2014,2015,2016,2017,2018,2019,2020,2021,2022,2023,2024,2025,2026",2863.0,0.32593351548269583,2863.0,0.32593351548269583,331.0,0.037682149362477234,2870.0,0.3267304189435337
INM00042876,OBSERVATIONS_SCREENED,2002,2026,6925,2024,"2002,2003,2015,2016,2017,2018,2019,2020,2021,2022,2023,2024,2025,2026",655.0,0.07456739526411657,653.0,0.07433970856102004,0.0,0.0,658.0,0.07490892531876138
INM00042883,OBSERVATIONS_SCREENED,1944,2026,23307,2024,"1944,1945,1946,1947,1948,1973,1974,1977,1978,1979,1983,1984,1985,1986,1987,1988,1989,1990,2001,2002,2009,2015,2016,2017,2018,2019,2020,2021,2022,2023,2024,2025,2026",1446.0,0.1646174863387978,1446.0,0.1646174863387978,0.0,0.0,1446.0,0.1646174863387978
INM00042884,NO_FILE_FOR_REQUESTED_YEAR,1999,2007,12,2024,"1999,2001,2002,2003,2007",,,,,,,,
INM00042891,OBSERVATIONS_SCREENED,2001,2026,15294,2024,"2001,2002,2009,2011,2015,2016,2017,2018,2019,2020,2021,2022,2023,2024,2025,2026",1474.0,0.16780510018214936,1472.0,0.16757741347905283,0.0,0.0,1477.0,0.16814663023679416
INM00042894,OBSERVATIONS_SCREENED,2009,2026,6285,2024,"2009,2015,2016,2017,2018,2019,2020,2021,2022,2023,2024,2025,2026",631.0,0.07183515482695811,625.0,0.0711520947176685,0.0,0.0,614.0,0.06989981785063752
INM00042900,OBSERVATIONS_SCREENED,2002,2026,6902,2024,"2002,2015,2016,2017,2018,2019,2020,2021,2022,2023,2024,2025,2026",705.0,0.08025956284153006,703.0,0.08003187613843352,0.0,0.0,706.0,0.08037340619307833
INM00042901,OBSERVATIONS_SCREENED,2003,2026,29551,2024,"2003,2009,2015,2016,2017,2018,2019,2020,2021,2022,2023,2024,2025,2026",2877.0,0.3275273224043716,2877.0,0.3275273224043716,2.0,0.00022768670309653916,2878.0,0.32764116575591984
INM00042903,OBSERVATIONS_SCREENED,1944,2026,9218,2024,"1944,1945,1946,1947,1948,1973,1974,1975,1976,1977,1978,1979,1980,1986,2002,2020,2021,2022,2023,2024,2025,2026",576.0,0.06557377049180328,576.0,0.06557377049180328,0.0,0.0,577.0,0.06568761384335155
INM00042915,OBSERVATIONS_SCREENED,2003,2024,5661,2024,"2003,2009,2015,2016,2017,2018,2019,2020,2021,2022,2023,2024",449.0,0.05111566484517304,446.0,0.05077413479052823,0.0,0.0,448.0,0.051001821493624776
INM00042916,OBSERVATIONS_SCREENED,1978,2026,3266,2024,"1978,1979,2007,2016,2017,2021,2022,2023,2024,2025,2026",699.0,0.07957650273224044,699.0,0.07957650273224044,0.0,0.0,700.0,0.07969034608378871
INM00042921,OBSERVATIONS_SCREENED,2006,2026,57239,2024,"2006,2007,2008,2009,2010,2011,2012,2013,2014,2015,2016,2017,2018,2019,2020,2021,2022,2023,2024,2025,2026",2809.0,0.31978597449908924,2803.0,0.31910291438979965,1.0,0.00011384335154826958,2834.0,0.322632058287796
INM00042925,OBSERVATIONS_SCREENED,1944,2026,16578,2024,"1944,1945,1946,1947,1948,1973,1974,1975,1976,1977,1978,1979,1983,1984,1985,1986,1987,1988,1989,1990,2009,2015,2016,2017,2018,2019,2020,2021,2022,2023,2024,2025,2026",682.0,0.07764116575591985,681.0,0.07752732240437159,0.0,0.0,677.0,0.07707194899817851
INM00042931,OBSERVATIONS_SCREENED,1973,2026,15923,2024,"1973,1974,1975,1976,1977,1978,1979,1980,1981,1983,1984,1985,1986,1987,1988,1989,1990,2015,2016,2017,2018,2019,2020,2021,2022,2023,2024,2025,2026",1426.0,0.16234061930783242,1423.0,0.16199908925318762,1.0,0.00011384335154826958,1429.0,0.16268214936247724
INM00042933,OBSERVATIONS_SCREENED,1944,2026,76159,2024,"1944,1945,1946,1947,1948,1954,1955,1956,1957,1958,1959,1960,1961,1962,1963,2003,2004,2005,2006,2007,2008,2009,2010,2011,2012,2013,2014,2015,2016,2017,2018,2019,2020,2021,2022,2023,2024,2025,2026",2859.0,0.3254781420765027,2859.0,0.3254781420765027,0.0,0.0,2873.0,0.3270719489981785
INM00042937,OBSERVATIONS_SCREENED,1944,2026,22206,2024,"1944,1945,1946,1947,1948,1973,1974,1975,1976,1977,1978,1979,1983,1984,1985,1986,1987,1988,1989,1990,2007,2009,2015,2016,2017,2018,2019,2020,2021,2022,2023,2024,2025,2026",1406.0,0.16006375227686703,1403.0,0.1597222222222222,0.0,0.0,1410.0,0.16051912568306012
INM00042939,OBSERVATIONS_SCREENED,2007,2026,12892,2024,"2007,2009,2015,2016,2017,2018,2019,2020,2021,2022,2023,2024,2025,2026",1421.0,0.16177140255009106,1419.0,0.16154371584699453,0.0,0.0,1424.0,0.1621129326047359
INM00042943,OBSERVATIONS_SCREENED,1973,2026,8543,2024,"1973,1974,1975,1976,1977,1978,1979,1983,1984,1985,1986,1987,1988,1989,1990,2002,2009,2015,2016,2017,2018,2019,2020,2021,2022,2023,2024,2025,2026",699.0,0.07957650273224044,698.0,0.07946265938069216,0.0,0.0,701.0,0.07980418943533697
INM00042946,OBSERVATIONS_SCREENED,1983,2026,9847,2024,"1983,1984,2007,2009,2015,2016,2017,2018,2019,2020,2021,2022,2023,2024,2025,2026",1318.0,0.15004553734061932,1315.0,0.1497040072859745,0.0,0.0,1340.0,0.15255009107468123
INM00042948,OBSERVATIONS_SCREENED,2015,2026,6026,2024,"2015,2016,2017,2018,2019,2020,2021,2022,2023,2024,2025,2026",648.0,0.07377049180327869,644.0,0.07331511839708561,0.0,0.0,110.0,0.012522768670309653
INM00042953,NO_FILE_FOR_REQUESTED_YEAR,1944,2019,7893,2024,"1944,1945,1946,1947,1948,1973,1974,1975,1976,1977,1978,1979,2019",,,,,,,,
INM00042961,OBSERVATIONS_SCREENED,1973,2026,5624,2024,"1973,1974,1975,1976,1977,1978,1979,1980,1984,1985,1986,1987,1988,1989,2001,2007,2009,2015,2016,2017,2018,2019,2020,2021,2022,2023,2024,2025,2026",635.0,0.07229052823315119,635.0,0.07229052823315119,0.0,0.0,0.0,0.0
INM00042963,NO_FILE_FOR_REQUESTED_YEAR,2002,2022,51,2024,"2002,2007,2016,2017,2018,2019,2020,2021,2022",,,,,,,,
INM00042969,OBSERVATIONS_SCREENED,1973,2026,8421,2024,"1973,1974,1975,1976,1977,1978,1979,1983,1984,1985,1986,1987,1988,1989,2002,2007,2009,2015,2016,2017,2018,2019,2020,2021,2022,2023,2024,2025,2026",673.0,0.07661657559198543,673.0,0.07661657559198543,0.0,0.0,674.0,0.0767304189435337
INM00042970,OBSERVATIONS_SCREENED,1934,2026,14822,2024,"1934,1935,1944,1945,1946,1947,1948,1988,1989,1990,1991,1992,1993,1994,1995,1996,1997,1998,1999,2000,2001,2002,2003,2004,2005,2006,2007,2008,2009,2010,2011,2012,2013,2014,2015,2016,2017,2018,2019,2020,2021,2022,2023,2024,2025,2026",664.0,0.075591985428051,662.0,0.07536429872495447,0.0,0.0,644.0,0.07331511839708561
INM00042973,OBSERVATIONS_SCREENED,1944,2026,37286,2024,"1944,1945,1946,1947,1948,1973,1974,1976,1977,1978,1979,1980,1983,1984,1985,1986,1987,1988,1989,1990,2002,2003,2004,2007,2009,2011,2015,2016,2017,2018,2019,2020,2021,2022,2023,2024,2025,2026",2872.0,0.32695810564663025,2869.0,0.3266165755919854,0.0,0.0,2873.0,0.3270719489981785
INM00042976,OBSERVATIONS_SCREENED,2002,2026,19438,2024,"2002,2003,2007,2009,2011,2015,2016,2017,2018,2019,2020,2021,2022,2023,2024,2025,2026",2172.0,0.24726775956284153,2171.0,0.24715391621129326,0.0,0.0,2172.0,0.24726775956284153
INM00043001,OBSERVATIONS_SCREENED,1944,2026,27385,2024,"1944,1945,1946,1947,1948,1973,1974,1975,1976,1977,1978,1979,1983,1984,1985,1986,1987,1988,1989,1990,2002,2005,2007,2009,2015,2016,2017,2018,2019,2020,2021,2022,2023,2024,2025,2026",1190.0,0.1354735883424408,1189.0,0.13535974499089254,0.0,0.0,1192.0,0.13570127504553733
INM00043005,OBSERVATIONS_SCREENED,2017,2026,7731,2024,"2017,2018,2019,2020,2021,2022,2023,2024,2025,2026",1041.0,0.11851092896174864,1036.0,0.11794171220400729,1.0,0.00011384335154826958,1022.0,0.1163479052823315
INM00043011,OBSERVATIONS_SCREENED,2002,2026,3607,2024,"2002,2003,2016,2017,2018,2019,2020,2021,2022,2023,2024,2025,2026",446.0,0.05077413479052823,444.0,0.050546448087431695,0.0,0.0,446.0,0.05077413479052823
INM00043012,NO_FILE_FOR_REQUESTED_YEAR,2015,2026,2651,2024,"2015,2016,2017,2018,2019,2020,2021,2023,2026",,,,,,,,
INM00043017,OBSERVATIONS_SCREENED,1944,2026,21489,2024,"1944,1945,1946,1947,1948,1973,1974,1975,1976,1977,1978,1979,1980,1983,1984,1985,1986,1987,1988,1989,1990,2001,2002,2007,2009,2015,2016,2017,2018,2019,2020,2021,2022,2023,2024,2025,2026",1036.0,0.11794171220400729,1036.0,0.11794171220400729,0.0,0.0,1038.0,0.11816939890710383
INM00043019,NO_FILE_FOR_REQUESTED_YEAR,1983,2023,15,2024,"1983,1984,1985,2016,2019,2021,2022,2023",,,,,,,,
INM00043021,OBSERVATIONS_SCREENED,2015,2026,28138,2024,"2015,2016,2017,2018,2019,2020,2021,2022,2023,2024,2025,2026",2255.0,0.2567167577413479,2254.0,0.25660291438979965,0.0,0.0,2256.0,0.2568306010928962
INM00043022,NO_FILE_FOR_REQUESTED_YEAR,2008,2008,1,2024,2008,,,,,,,,
INM00043025,OBSERVATIONS_SCREENED,1985,2026,5028,2024,"1985,1986,2002,2017,2018,2019,2020,2021,2022,2023,2024,2025,2026",655.0,0.07456739526411657,655.0,0.07456739526411657,653.0,0.07433970856102004,655.0,0.07456739526411657
INM00043029,OBSERVATIONS_SCREENED,1944,2026,21301,2024,"1944,1945,1946,1947,1948,1973,1974,1975,1976,1977,1978,1979,1980,1983,1984,1985,1986,1987,1988,1989,1990,2004,2015,2016,2017,2018,2019,2020,2021,2022,2023,2024,2025,2026",1427.0,0.16245446265938068,1424.0,0.1621129326047359,1.0,0.00011384335154826958,1431.0,0.16290983606557377
INM00043042,OBSERVATIONS_SCREENED,1981,2026,6882,2024,"1981,1982,2002,2009,2015,2016,2017,2018,2019,2020,2021,2022,2023,2024,2025,2026",676.0,0.07695810564663023,674.0,0.0767304189435337,0.0,0.0,669.0,0.07616120218579235
INM00043053,OBSERVATIONS_SCREENED,1973,2026,32734,2024,"1973,1974,1975,1976,1977,1978,1979,1980,1983,1984,1985,1986,1987,1988,1989,1990,1991,1992,1993,1994,1995,1996,1997,1998,1999,2000,2001,2002,2003,2004,2007,2009,2011,2014,2015,2016,2017,2018,2019,2020,2021,2022,2023,2024,2025,2026",2877.0,0.3275273224043716,2875.0,0.32729963570127507,0.0,0.0,2880.0,0.32786885245901637
INM00043057,OBSERVATIONS_SCREENED,1875,2026,30717,2024,"1875,1876,1877,1878,1884,1889,1890,2003,2004,2007,2009,2015,2016,2017,2018,2019,2020,2021,2022,2023,2024,2025,2026",1321.0,0.1503870673952641,1321.0,0.1503870673952641,0.0,0.0,1322.0,0.15050091074681238
INM00043058,OBSERVATIONS_SCREENED,2002,2026,5882,2024,"2002,2007,2015,2016,2017,2018,2019,2020,2021,2022,2023,2024,2025,2026",478.0,0.05441712204007286,476.0,0.05418943533697632,0.0,0.0,477.0,0.05430327868852459
INM00043060,OBSERVATIONS_SCREENED,2017,2026,5954,2024,"2017,2018,2019,2020,2021,2022,2023,2024,2025,2026",686.0,0.07809653916211293,686.0,0.07809653916211293,0.0,0.0,685.0,0.07798269581056466
INM00043061,NO_FILE_FOR_REQUESTED_YEAR,1944,2007,864,2024,"1944,1945,1947,2001,2007",,,,,,,,
INM00043062,NO_FILE_FOR_REQUESTED_YEAR,2007,2026,1089,2024,"2007,2015,2016,2017,2018,2019,2025,2026",,,,,,,,
INM00043064,NO_FILE_FOR_REQUESTED_YEAR,1988,2016,292,2024,"1988,1989,1990,1991,2009,2015,2016",,,,,,,,
INM00043067,OBSERVATIONS_SCREENED,1944,2026,14686,2024,"1944,1945,1946,1947,1948,1954,1955,1956,1957,1958,1959,1960,1961,1962,1963,2004,2018,2023,2024,2025,2026",141.0,0.01605191256830601,141.0,0.01605191256830601,141.0,0.01605191256830601,142.0,0.01616575591985428
INM00043069,OBSERVATIONS_SCREENED,1984,2026,4616,2024,"1984,1985,1986,1987,1988,1989,1990,1991,2001,2002,2018,2019,2020,2021,2022,2023,2024,2025,2026",588.0,0.06693989071038252,588.0,0.06693989071038252,0.0,0.0,588.0,0.06693989071038252
INM00043071,OBSERVATIONS_SCREENED,2015,2026,4320,2024,"2015,2016,2017,2018,2019,2020,2021,2022,2023,2024,2025,2026",217.0,0.024704007285974498,217.0,0.024704007285974498,1.0,0.00011384335154826958,321.0,0.036543715846994534
INM00043076,OBSERVATIONS_SCREENED,2015,2026,5157,2024,"2015,2016,2017,2018,2019,2020,2021,2022,2023,2024,2025,2026",682.0,0.07764116575591985,682.0,0.07764116575591985,1.0,0.00011384335154826958,688.0,0.07832422586520947
INM00043081,OBSERVATIONS_SCREENED,1944,2026,37767,2024,"1944,1945,1946,1947,1948,1973,1974,1975,1976,1977,1978,1979,1983,1984,1985,1986,1987,1988,1989,1990,1992,1993,1994,1995,1999,2000,2001,2002,2003,2009,2010,2011,2012,2013,2014,2015,2016,2017,2018,2019,2020,2021,2022,2023,2024,2025,2026",2645.0,0.30111566484517305,2645.0,0.30111566484517305,2648.0,0.30145719489981787,2658.0,0.3025956284153005
INM00043083,OBSERVATIONS_SCREENED,1987,2026,6802,2024,"1987,1988,1989,1990,1991,1992,1993,1994,1995,1996,1997,1998,1999,2000,2001,2002,2007,2009,2015,2016,2017,2018,2019,2020,2021,2022,2023,2024,2025,2026",655.0,0.07456739526411657,654.0,0.0744535519125683,654.0,0.0744535519125683,655.0,0.07456739526411657
INM00043087,OBSERVATIONS_SCREENED,1944,2026,16516,2024,"1944,1945,1946,1947,1948,1973,1974,1975,1976,1977,1978,1979,1983,1984,1985,1986,1987,1988,1989,1990,2009,2010,2011,2012,2013,2014,2015,2016,2018,2019,2020,2021,2022,2023,2024,2025,2026",696.0,0.07923497267759563,696.0,0.07923497267759563,690.0,0.07855191256830601,696.0,0.07923497267759563
INM00043093,NO_FILE_FOR_REQUESTED_YEAR,1989,2025,17,2024,"1989,1990,2016,2019,2020,2021,2022,2025",,,,,,,,
INM00043097,OBSERVATIONS_SCREENED,1973,2026,6865,2024,"1973,1976,1977,1978,2009,2015,2016,2017,2018,2019,2020,2021,2022,2023,2024,2025,2026",651.0,0.0741120218579235,651.0,0.0741120218579235,171.0,0.0194672131147541,173.0,0.019694899817850636
INM00043105,OBSERVATIONS_SCREENED,1944,2026,48893,2024,"1944,1945,1946,1947,1948,1973,1974,1975,1976,1977,1978,1979,1980,1981,1983,1984,1985,1986,1987,1988,1989,1990,1991,1992,1993,1994,1995,1996,1997,1998,1999,2000,2001,2002,2003,2004,2007,2009,2010,2011,2012,2013,2014,2015,2016,2017,2018,2019,2020,2021,2022,2023,2024,2025,2026",2684.0,0.3055555555555556,2684.0,0.3055555555555556,2670.0,0.30396174863387976,2685.0,0.3056693989071038
INM00043109,OBSERVATIONS_SCREENED,1944,2026,21847,2024,"1944,1945,1946,1947,1948,1973,1974,1975,1976,1977,1978,1979,1983,1984,1985,1986,1987,1988,1989,1990,2007,2009,2011,2015,2016,2017,2018,2019,2020,2021,2022,2023,2024,2025,2026",1371.0,0.1560792349726776,1370.0,0.15596539162112932,0.0,0.0,1370.0,0.15596539162112932
INM00043111,OBSERVATIONS_SCREENED,1944,2026,21610,2024,"1944,1945,1946,1947,1948,1975,1976,2002,2003,2004,2007,2009,2011,2015,2016,2017,2018,2019,2020,2021,2022,2023,2024,2025,2026",1426.0,0.16234061930783242,1422.0,0.16188524590163936,1425.0,0.16222677595628415,1428.0,0.16256830601092895
INM00043113,OBSERVATIONS_SCREENED,2002,2026,7276,2024,"2002,2003,2004,2007,2009,2015,2016,2017,2018,2019,2020,2021,2022,2023,2024,2025,2026",708.0,0.08060109289617487,708.0,0.08060109289617487,708.0,0.08060109289617487,709.0,0.08071493624772313
INM00043121,OBSERVATIONS_SCREENED,1944,2026,28802,2024,"1944,1945,1946,1947,1948,1973,1974,1975,1976,1977,1978,1979,1983,1984,1985,1986,1987,1988,1989,1990,1991,1992,1993,1994,1995,1996,1997,2003,2009,2010,2011,2012,2013,2014,2015,2016,2017,2018,2019,2020,2021,2022,2023,2024,2025,2026",2583.0,0.29405737704918034,2583.0,0.29405737704918034,2577.0,0.2933743169398907,2585.0,0.29428506375227687
INM00043125,OBSERVATIONS_SCREENED,1944,2026,12481,2024,"1944,1945,1946,1947,1948,1973,1974,1975,1976,1977,1978,1979,1983,1984,1985,1986,2010,2011,2012,2013,2014,2015,2016,2018,2019,2020,2021,2022,2023,2024,2025,2026",310.0,0.03529143897996357,308.0,0.03506375227686703,311.0,0.03540528233151184,313.0,0.03563296903460838
INM00043133,OBSERVATIONS_SCREENED,1977,2026,5655,2024,"1977,1978,2002,2003,2009,2013,2015,2016,2017,2018,2019,2020,2021,2022,2023,2024,2025,2026",657.0,0.07479508196721311,657.0,0.07479508196721311,656.0,0.07468123861566485,657.0,0.07479508196721311
INM00043136,OBSERVATIONS_SCREENED,1973,2026,8602,2024,"1973,1974,1975,1976,1977,1978,1979,1983,1984,1985,1986,1987,1988,1989,1990,2004,2009,2010,2011,2012,2013,2014,2015,2016,2017,2018,2019,2020,2021,2022,2023,2024,2025,2026",601.0,0.06841985428051002,600.0,0.06830601092896176,599.0,0.06819216757741348,603.0,0.06864754098360656
INM00043137,OBSERVATIONS_SCREENED,1944,2026,11844,2024,"1944,1945,1946,1947,1948,2001,2002,2003,2009,2015,2016,2017,2018,2019,2020,2021,2022,2023,2024,2025,2026",688.0,0.07832422586520947,688.0,0.07832422586520947,684.0,0.0778688524590164,688.0,0.07832422586520947
INM00043147,OBSERVATIONS_SCREENED,2009,2026,28246,2024,"2009,2013,2015,2016,2017,2018,2019,2020,2021,2022,2023,2024,2025,2026",2763.0,0.3145491803278688,2763.0,0.3145491803278688,1217.0,0.13854735883424407,2762.0,0.3144353369763206
INM00043150,OBSERVATIONS_SCREENED,1944,2026,109912,2024,"1944,1945,1946,1947,1948,1983,1984,1985,1986,1987,1988,1989,1990,1991,1992,1993,1994,1995,1996,1997,1998,1999,2000,2001,2002,2003,2004,2005,2006,2007,2008,2009,2010,2011,2012,2013,2014,2015,2016,2017,2018,2019,2020,2021,2022,2023,2024,2025,2026",2850.0,0.3244535519125683,2850.0,0.3244535519125683,2842.0,0.32354280510018213,2850.0,0.3244535519125683
INM00043153,NO_FILE_FOR_REQUESTED_YEAR,1946,1986,4341,2024,"1946,1947,1948,1973,1974,1975,1976,1977,1978,1979,1983,1984,1985,1986",,,,,,,,
INM00043161,OBSERVATIONS_SCREENED,1944,2026,16820,2024,"1944,1945,1946,1947,1948,1973,1974,1975,1976,1977,1978,1979,1983,1984,1985,1986,1987,1988,1989,1990,2003,2009,2010,2011,2012,2013,2014,2015,2016,2017,2018,2019,2020,2021,2022,2023,2024,2025,2026",313.0,0.03563296903460838,312.0,0.03551912568306011,307.0,0.03494990892531876,313.0,0.03563296903460838
INM00043168,OBSERVATIONS_SCREENED,2009,2026,3462,2024,"2009,2014,2015,2016,2017,2018,2019,2020,2021,2022,2023,2024,2025,2026",611.0,0.06955828779599271,611.0,0.06955828779599271,610.0,0.06944444444444445,611.0,0.06955828779599271
INM00043169,OBSERVATIONS_SCREENED,1944,2026,15152,2024,"1944,1945,1946,1947,1948,1973,1974,1975,1976,1977,1978,1979,1980,1983,1984,1985,1986,1987,1988,1989,1990,2002,2003,2009,2010,2011,2012,2013,2014,2015,2016,2017,2018,2019,2020,2021,2022,2023,2024,2025,2026",250.0,0.028460837887067394,248.0,0.028233151183970857,240.0,0.0273224043715847,244.0,0.027777777777777776
INM00043177,OBSERVATIONS_SCREENED,1944,2026,16314,2024,"1944,1945,1946,1947,1948,1973,1974,1975,1976,1977,1978,1979,1983,1984,1985,1986,1987,1988,1989,1990,1991,1992,1993,1994,1995,1996,1997,1998,2000,2001,2002,2003,2009,2010,2011,2012,2013,2014,2015,2016,2017,2018,2019,2020,2021,2022,2023,2024,2025,2026",664.0,0.075591985428051,663.0,0.07547814207650273,664.0,0.075591985428051,664.0,0.075591985428051
INM00043182,OBSERVATIONS_SCREENED,2009,2026,7236,2024,"2009,2014,2015,2016,2017,2018,2019,2020,2021,2022,2023,2024,2025,2026",715.0,0.08139799635701275,715.0,0.08139799635701275,714.0,0.08128415300546447,714.0,0.08128415300546447
INM00043184,NO_FILE_FOR_REQUESTED_YEAR,2001,2025,6,2024,"2001,2002,2003,2016,2025",,,,,,,,
INM00043185,OBSERVATIONS_SCREENED,1944,2026,147010,2024,"1944,1945,1946,1947,1948,1954,1955,1956,1957,1958,1959,1960,1961,1962,1963,1973,1974,1975,1976,1977,1978,1979,1980,1981,1982,1983,1984,1985,1986,1987,1988,1989,1990,1991,1992,1993,1994,1995,1996,1997,1998,1999,2000,2001,2002,2003,2004,2005,2006,2007,2008,2009,2010,2011,2012,2013,2014,2015,2016,2017,2018,2019,2020,2021,2022,2023,2024,2025,2026",2844.0,0.3237704918032787,2844.0,0.3237704918032787,2841.0,0.3234289617486339,2844.0,0.3237704918032787
INM00043187,OBSERVATIONS_SCREENED,2004,2026,28346,2024,"2004,2009,2013,2015,2016,2017,2018,2019,2020,2021,2022,2023,2024,2025,2026",2650.0,0.3016848816029144,2646.0,0.3012295081967213,2637.0,0.30020491803278687,2650.0,0.3016848816029144
INM00043193,OBSERVATIONS_SCREENED,1956,2024,12355,2024,"1956,1957,1958,1959,1960,1961,1962,1963,2002,2003,2015,2016,2017,2018,2019,2020,2021,2022,2024",155.0,0.017645719489981785,155.0,0.017645719489981785,1.0,0.00011384335154826958,151.0,0.017190346083788707
INM00043196,OBSERVATIONS_SCREENED,1944,2026,9978,2024,"1944,1945,1946,1947,1948,2009,2015,2016,2017,2018,2019,2020,2021,2022,2023,2024,2025,2026",666.0,0.07581967213114754,665.0,0.07570582877959928,0.0,0.0,667.0,0.07593351548269581
INM00043200,OBSERVATIONS_SCREENED,2015,2026,5591,2024,"2015,2016,2017,2018,2019,2020,2021,2022,2023,2024,2025,2026",309.0,0.0351775956284153,309.0,0.0351775956284153,238.0,0.02709471766848816,310.0,0.03529143897996357
INM00043205,NO_FILE_FOR_REQUESTED_YEAR,1944,2019,12618,2024,"1944,1945,1946,1947,1948,1973,1974,1975,1976,1977,1978,1979,1983,1984,1985,1986,1987,1988,1989,1990,1991,1992,1993,1994,1995,1996,1997,2002,2009,2010,2011,2012,2013,2014,2015,2016,2017,2018,2019",,,,,,,,
INM00043207,OBSERVATIONS_SCREENED,2015,2026,6800,2024,"2015,2016,2017,2018,2019,2020,2021,2022,2023,2024,2025,2026",640.0,0.07285974499089254,637.0,0.07251821493624773,640.0,0.07285974499089254,640.0,0.07285974499089254
INM00043225,OBSERVATIONS_SCREENED,1973,2026,21691,2024,"1973,1974,1975,1976,1977,1978,1979,1983,1984,1985,1986,1987,1988,1989,1990,1992,1993,1994,1995,1996,1997,1998,2000,2009,2010,2011,2012,2013,2014,2015,2016,2017,2018,2019,2020,2021,2022,2023,2024,2025,2026",1347.0,0.15334699453551912,1347.0,0.15334699453551912,1345.0,0.15311930783242259,1347.0,0.15334699453551912
INM00043227,OBSERVATIONS_SCREENED,2015,2026,2832,2024,"2015,2016,2017,2018,2019,2020,2021,2022,2023,2024,2025,2026",148.0,0.016848816029143898,147.0,0.01673497267759563,148.0,0.016848816029143898,148.0,0.016848816029143898
INM00043228,NO_FILE_FOR_REQUESTED_YEAR,2015,2026,1990,2024,"2015,2016,2017,2018,2019,2020,2021,2022,2025,2026",,,,,,,,
INM00043229,OBSERVATIONS_SCREENED,1977,2025,5031,2024,"1977,1978,2001,2002,2009,2015,2016,2017,2018,2019,2020,2021,2022,2023,2024,2025",248.0,0.028233151183970857,246.0,0.028005464480874317,244.0,0.027777777777777776,249.0,0.028346994535519126
INM00043230,OBSERVATIONS_SCREENED,2015,2026,2172,2024,"2015,2016,2017,2018,2019,2020,2021,2022,2023,2024,2025,2026",152.0,0.017304189435336976,149.0,0.016962659380692167,0.0,0.0,152.0,0.017304189435336976
INM00043241,OBSERVATIONS_SCREENED,1944,2026,48192,2024,"1944,1945,1946,1947,1948,2017,2018,2019,2020,2021,2022,2023,2024,2025,2026",3590.0,0.4086976320582878,3590.0,0.4086976320582878,0.0,0.0,3590.0,0.4086976320582878
INM00043243,OBSERVATIONS_SCREENED,2004,2026,29166,2024,"2004,2009,2013,2015,2016,2017,2018,2019,2020,2021,2022,2023,2024,2025,2026",2743.0,0.31227231329690347,2743.0,0.31227231329690347,2729.0,0.3106785063752277,2743.0,0.31227231329690347
INM00043259,NO_FILE_FOR_REQUESTED_YEAR,1985,2023,6,2024,"1985,1986,2016,2021,2023",,,,,,,,
INM00043260,OBSERVATIONS_SCREENED,2009,2025,2007,2024,"2009,2015,2016,2017,2018,2019,2020,2021,2022,2023,2024,2025",149.0,0.016962659380692167,149.0,0.016962659380692167,146.0,0.016621129326047358,149.0,0.016962659380692167
INM00043263,OBSERVATIONS_SCREENED,2002,2026,2795,2024,"2002,2003,2009,2015,2016,2017,2018,2019,2020,2021,2022,2023,2024,2025,2026",116.0,0.013205828779599272,114.0,0.012978142076502733,114.0,0.012978142076502733,117.0,0.01331967213114754
INM00043264,NO_FILE_FOR_REQUESTED_YEAR,2015,2019,442,2024,"2015,2016,2017,2018,2019",,,,,,,,
INM00043266,OBSERVATIONS_SCREENED,2009,2026,7142,2024,"2009,2015,2016,2017,2018,2019,2020,2021,2022,2023,2024,2025,2026",709.0,0.08071493624772313,709.0,0.08071493624772313,63.0,0.007172131147540984,709.0,0.08071493624772313
INM00043271,OBSERVATIONS_SCREENED,1973,2026,11725,2024,"1973,1974,1975,1976,1977,1978,1979,1983,1984,1985,1986,1987,1988,1989,1990,2009,2010,2011,2012,2013,2014,2015,2016,2017,2018,2019,2020,2021,2022,2023,2024,2025,2026",681.0,0.07752732240437159,681.0,0.07752732240437159,679.0,0.07729963570127504,681.0,0.07752732240437159
INM00043272,OBSERVATIONS_SCREENED,2015,2026,2166,2024,"2015,2016,2017,2018,2019,2020,2021,2022,2023,2024,2025,2026",155.0,0.017645719489981785,155.0,0.017645719489981785,155.0,0.017645719489981785,155.0,0.017645719489981785
INM00043275,OBSERVATIONS_SCREENED,1986,2026,18165,2024,"1986,1987,1988,1989,1990,1991,1992,1993,1994,1995,1996,1997,1998,1999,2001,2002,2003,2009,2013,2015,2016,2017,2018,2019,2020,2021,2022,2023,2024,2025,2026",1620.0,0.18442622950819673,1620.0,0.18442622950819673,1615.0,0.18385701275045538,1621.0,0.184540072859745
INM00043277,OBSERVATIONS_SCREENED,1978,2026,7110,2024,"1978,1979,2015,2016,2017,2018,2019,2020,2021,2022,2023,2024,2025,2026",683.0,0.07775500910746812,683.0,0.07775500910746812,678.0,0.07718579234972678,683.0,0.07775500910746812
INM00043278,OBSERVATIONS_SCREENED,1822,2026,37472,2024,"1822,1823,1824,1825,1834,1835,1836,1837,1838,1839,1840,1934,1935,1944,1945,1946,1947,1948,1987,1988,1989,2001,2003,2009,2013,2015,2016,2017,2018,2019,2020,2021,2022,2023,2024,2025,2026",2079.0,0.23668032786885246,2077.0,0.23645264116575593,2069.0,0.23554189435336975,2079.0,0.23668032786885246
INM00043283,NO_FILE_FOR_REQUESTED_YEAR,1944,1963,15372,2024,"1944,1945,1946,1947,1948,1954,1955,1956,1957,1958,1959,1960,1961,1962,1963",,,,,,,,
INM00043287,NO_FILE_FOR_REQUESTED_YEAR,1944,2025,13612,2024,"1944,1945,1946,1947,1948,1973,1974,1975,1976,1977,1978,1979,1980,1983,1984,1985,1986,1987,1988,1989,1990,1991,2002,2009,2010,2011,2012,2013,2014,2015,2016,2017,2018,2019,2020,2021,2022,2025",,,,,,,,
INM00043289,OBSERVATIONS_SCREENED,1981,2025,3757,2024,"1981,1982,1983,1984,1999,2000,2002,2003,2009,2015,2016,2017,2018,2019,2020,2021,2022,2023,2024,2025",223.0,0.025387067395264116,223.0,0.025387067395264116,217.0,0.024704007285974498,222.0,0.025273224043715847
INM00043291,OBSERVATIONS_SCREENED,1944,2026,11805,2024,"1944,1945,1946,1947,1948,1973,1974,1975,1976,1977,1978,1979,1983,1984,1985,1986,1987,1988,1989,1990,2009,2010,2011,2012,2013,2014,2015,2016,2017,2018,2019,2020,2021,2022,2023,2024,2025,2026",241.0,0.02743624772313297,238.0,0.02709471766848816,237.0,0.02698087431693989,240.0,0.0273224043715847
INM00043296,OBSERVATIONS_SCREENED,1954,2026,170799,2024,"1954,1955,1956,1957,1958,1959,1960,1961,1962,1963,2005,2006,2007,2008,2009,2010,2013,2015,2016,2017,2018,2019,2020,2021,2022,2023,2024,2025,2026",8307.0,0.9456967213114754,8306.0,0.9455828779599271,1025.0,0.11668943533697632,8307.0,0.9456967213114754
INM00043299,NO_FILE_FOR_REQUESTED_YEAR,1999,2021,50,2024,"1999,2000,2001,2002,2003,2017,2018,2019,2020,2021",,,,,,,,
INM00043301,OBSERVATIONS_SCREENED,1977,2026,7222,2024,"1977,1978,1979,1980,2009,2015,2016,2017,2018,2019,2020,2021,2022,2023,2024,2025,2026",691.0,0.07866575591985428,690.0,0.07855191256830601,691.0,0.07866575591985428,692.0,0.07877959927140255
INM00043302,OBSERVATIONS_SCREENED,2015,2026,6621,2024,"2015,2016,2017,2018,2019,2020,2021,2022,2023,2024,2025,2026",693.0,0.07889344262295082,693.0,0.07889344262295082,690.0,0.07855191256830601,693.0,0.07889344262295082
INM00043309,OBSERVATIONS_SCREENED,1973,2026,9968,2024,"1973,1974,1975,1976,1977,1978,1979,1983,1984,1985,1986,1987,1988,1989,1990,1992,1993,1994,1995,1996,1997,1998,2000,2001,2002,2003,2007,2009,2015,2016,2017,2018,2019,2020,2021,2022,2023,2024,2025,2026",722.0,0.08219489981785064,720.0,0.08196721311475409,0.0,0.0,674.0,0.0767304189435337
INM00043310,OBSERVATIONS_SCREENED,2007,2026,7410,2024,"2007,2009,2015,2016,2017,2018,2019,2020,2021,2022,2023,2024,2025,2026",722.0,0.08219489981785064,722.0,0.08219489981785064,0.0,0.0,722.0,0.08219489981785064
INM00043311,OBSERVATIONS_SCREENED,1893,2026,69094,2024,"1893,1894,1895,1896,1897,1898,1899,1973,1974,1975,1976,1977,1978,1979,1980,1983,1984,1985,1986,1987,1988,1989,1990,1991,1992,1993,1994,1995,1996,1997,1998,1999,2000,2001,2002,2003,2005,2006,2007,2008,2009,2010,2011,2012,2013,2014,2015,2016,2017,2018,2019,2020,2021,2022,2023,2024,2025,2026",2855.0,0.32502276867030966,2855.0,0.32502276867030966,8.0,0.0009107468123861566,2856.0,0.3251366120218579
INM00043314,OBSERVATIONS_SCREENED,1944,2026,145617,2024,"1944,1945,1946,1947,1948,1954,1955,1956,1957,1958,1959,1960,1961,1962,1963,1973,1974,1975,1976,1977,1978,1979,1980,1981,1982,1983,1984,1985,1986,1987,1988,1989,1990,1991,1992,1993,1994,1995,1996,1997,1998,1999,2000,2001,2002,2003,2004,2005,2006,2007,2008,2009,2010,2011,2012,2013,2014,2015,2016,2017,2018,2019,2020,2021,2022,2023,2024,2025,2026",2867.0,0.3263888888888889,2865.0,0.32616120218579236,123.0,0.014002732240437158,2868.0,0.32650273224043713
INM00043315,OBSERVATIONS_SCREENED,1977,2026,18009,2024,"1977,1978,2003,2004,2009,2015,2016,2017,2018,2019,2020,2021,2022,2023,2024,2025,2026",1762.0,0.200591985428051,1761.0,0.20047814207650272,0.0,0.0,1762.0,0.200591985428051
INM00043316,OBSERVATIONS_SCREENED,1999,2024,10,2024,"1999,2000,2019,2024",1.0,0.00011384335154826958,1.0,0.00011384335154826958,1.0,0.00011384335154826958,1.0,0.00011384335154826958
INM00043317,OBSERVATIONS_SCREENED,1944,2026,17348,2024,"1944,1945,1946,1947,1948,1973,1974,1975,1976,1977,1978,1979,1983,1984,1985,1986,1987,1988,1989,1990,1992,1993,1994,1995,1996,1997,2009,2010,2011,2012,2013,2014,2015,2016,2017,2018,2019,2020,2021,2022,2023,2024,2025,2026",616.0,0.07012750455373407,613.0,0.06978597449908926,617.0,0.07024134790528233,619.0,0.07046903460837887
INM00043318,OBSERVATIONS_SCREENED,1986,2026,5824,2024,"1986,2003,2009,2015,2016,2017,2018,2019,2020,2021,2022,2023,2024,2025,2026",631.0,0.07183515482695811,629.0,0.07160746812386157,626.0,0.07126593806921676,631.0,0.07183515482695811
INM00043319,NO_FILE_FOR_REQUESTED_YEAR,1944,2023,6346,2024,"1944,1945,1946,1947,1948,1999,2001,2002,2003,2004,2023",,,,,,,,
INM00043322,OBSERVATIONS_SCREENED,2015,2025,1354,2024,"2015,2016,2017,2018,2019,2020,2023,2024,2025",1.0,0.00011384335154826958,1.0,0.00011384335154826958,1.0,0.00011384335154826958,1.0,0.00011384335154826958
INM00043324,OBSERVATIONS_SCREENED,1977,2026,2178,2024,"1977,1978,1979,1983,1984,2002,2020,2021,2022,2023,2024,2025,2026",486.0,0.055327868852459015,483.0,0.054986338797814206,486.0,0.055327868852459015,486.0,0.055327868852459015
INM00043325,OBSERVATIONS_SCREENED,1944,2026,29946,2024,"1944,1945,1946,1947,1948,1973,1974,1975,1976,1977,1978,1979,1980,1981,1982,1983,1984,1985,1986,1987,1988,1989,1990,1991,1992,1993,1994,1995,1996,1997,1998,2000,2001,2002,2003,2009,2010,2011,2012,2013,2014,2015,2016,2017,2018,2019,2020,2021,2022,2023,2024,2025,2026",1303.0,0.14833788706739526,1299.0,0.1478825136612022,1293.0,0.14719945355191258,1304.0,0.14845173041894352
INM00043326,OBSERVATIONS_SCREENED,1973,2024,2357,2024,"1973,1974,1975,1976,1977,1978,1979,1980,1983,1984,1985,1986,1987,1988,1989,1990,1991,1992,1993,1994,1995,2001,2009,2010,2013,2015,2016,2017,2018,2019,2020,2021,2022,2023,2024",1.0,0.00011384335154826958,1.0,0.00011384335154826958,1.0,0.00011384335154826958,1.0,0.00011384335154826958
INM00043330,OBSERVATIONS_SCREENED,1976,2026,4852,2024,"1976,1978,2009,2015,2016,2017,2018,2019,2020,2021,2022,2023,2024,2025,2026",629.0,0.07160746812386157,626.0,0.07126593806921676,627.0,0.07137978142076502,630.0,0.07172131147540983
INM00043331,OBSERVATIONS_SCREENED,2009,2026,28865,2024,"2009,2015,2016,2017,2018,2019,2020,2021,2022,2023,2024,2025,2026",2648.0,0.30145719489981787,2648.0,0.30145719489981787,2643.0,0.3008879781420765,2649.0,0.3015710382513661
INM00043334,NO_FILE_FOR_REQUESTED_YEAR,2002,2025,12,2024,"2002,2018,2019,2020,2022,2023,2025",,,,,,,,
INM00043335,OBSERVATIONS_SCREENED,1944,2026,13813,2024,"1944,1945,1946,1947,1948,2001,2002,2003,2015,2016,2017,2018,2019,2020,2021,2022,2023,2024,2025,2026",665.0,0.07570582877959928,665.0,0.07570582877959928,0.0,0.0,665.0,0.07570582877959928
INM00043338,OBSERVATIONS_SCREENED,2019,2026,4460,2024,"2019,2020,2021,2022,2023,2024,2025,2026",646.0,0.07354280510018214,645.0,0.07342896174863388,646.0,0.07354280510018214,647.0,0.07365664845173042
INM00043339,OBSERVATIONS_SCREENED,1944,2026,20457,2024,"1944,1945,1946,1947,1948,1954,1955,1956,1957,1958,1959,1960,1961,1962,1963,1999,2000,2001,2002,2003,2009,2015,2016,2017,2018,2019,2020,2021,2022,2023,2024,2025,2026",750.0,0.08538251366120218,748.0,0.08515482695810565,750.0,0.08538251366120218,750.0,0.08538251366120218
INM00043340,OBSERVATIONS_SCREENED,2015,2026,6545,2024,"2015,2016,2017,2018,2019,2020,2021,2022,2023,2024,2025,2026",636.0,0.07240437158469945,633.0,0.07206284153005464,0.0,0.0,637.0,0.07251821493624773
INM00043341,OBSERVATIONS_SCREENED,2015,2026,6844,2024,"2015,2016,2017,2018,2019,2020,2021,2022,2023,2024,2025,2026",626.0,0.07126593806921676,620.0,0.07058287795992714,627.0,0.07137978142076502,628.0,0.0714936247723133
INM00043342,OBSERVATIONS_SCREENED,1978,2026,7170,2024,"1978,2002,2009,2015,2016,2017,2018,2019,2020,2021,2022,2023,2024,2025,2026",692.0,0.07877959927140255,692.0,0.07877959927140255,691.0,0.07866575591985428,692.0,0.07877959927140255
INM00043343,OBSERVATIONS_SCREENED,1944,2025,3499,2024,"1944,1945,1946,1947,1948,2008,2016,2017,2018,2019,2020,2022,2024,2025",1.0,0.00011384335154826958,1.0,0.00011384335154826958,1.0,0.00011384335154826958,1.0,0.00011384335154826958
INM00043345,OBSERVATIONS_SCREENED,2015,2024,16,2024,"2015,2016,2017,2019,2020,2024",1.0,0.00011384335154826958,1.0,0.00011384335154826958,1.0,0.00011384335154826958,1.0,0.00011384335154826958
INM00043347,OBSERVATIONS_SCREENED,1944,2026,47717,2024,"1944,1945,1946,1947,1948,1973,1974,1975,1976,1977,1978,1979,1983,1984,1985,1986,1987,1988,1989,1990,1997,1998,1999,2000,2001,2003,2004,2005,2009,2010,2011,2012,2013,2014,2015,2016,2017,2018,2019,2020,2021,2022,2023,2024,2025,2026",2732.0,0.31102003642987247,2731.0,0.31090619307832423,2722.0,0.3098816029143898,2733.0,0.31113387978142076
INM00043348,OBSERVATIONS_SCREENED,2003,2026,28643,2024,"2003,2004,2009,2015,2016,2017,2018,2019,2020,2021,2022,2023,2024,2025,2026",2660.0,0.3028233151183971,2659.0,0.3027094717668488,2653.0,0.3020264116575592,2660.0,0.3028233151183971
INM00043349,OBSERVATIONS_SCREENED,1999,2024,13,2024,"1999,2000,2002,2009,2018,2019,2023,2024",1.0,0.00011384335154826958,1.0,0.00011384335154826958,1.0,0.00011384335154826958,1.0,0.00011384335154826958
INM00043352,OBSERVATIONS_SCREENED,1944,2024,20611,2024,"1944,1945,1946,1948,1973,1974,1975,1976,1977,1978,1979,1980,1983,1984,1985,1986,1987,1988,1989,1990,1999,2009,2010,2011,2012,2013,2014,2015,2016,2017,2018,2019,2020,2021,2022,2023,2024",1168.0,0.13296903460837886,1168.0,0.13296903460837886,2.0,0.00022768670309653916,1168.0,0.13296903460837886
INM00043354,OBSERVATIONS_SCREENED,2002,2026,7053,2024,"2002,2009,2015,2016,2017,2018,2019,2020,2021,2022,2023,2024,2025,2026",660.0,0.07513661202185792,659.0,0.07502276867030966,0.0,0.0,660.0,0.07513661202185792
INM00043356,OBSERVATIONS_SCREENED,2015,2026,5059,2024,"2015,2016,2017,2018,2019,2020,2021,2022,2023,2024,2025,2026",494.0,0.05623861566484517,494.0,0.05623861566484517,494.0,0.05623861566484517,495.0,0.05635245901639344
INM00043357,OBSERVATIONS_SCREENED,2015,2026,6359,2024,"2015,2016,2017,2018,2019,2020,2021,2022,2023,2024,2025,2026",625.0,0.0711520947176685,623.0,0.07092440801457195,1.0,0.00011384335154826958,625.0,0.0711520947176685
INM00043358,NO_FILE_FOR_REQUESTED_YEAR,2015,2026,677,2024,"2015,2016,2017,2018,2019,2020,2021,2025,2026",,,,,,,,
INM00043359,OBSERVATIONS_SCREENED,1944,2026,10224,2024,"1944,1945,1946,1947,1948,1973,1974,1975,1976,1977,1978,1979,2000,2001,2016,2017,2018,2019,2020,2021,2022,2023,2024,2025,2026",598.0,0.06807832422586521,597.0,0.06796448087431695,612.0,0.06967213114754098,610.0,0.06944444444444445
INM00043361,OBSERVATIONS_SCREENED,2003,2026,28723,2024,"2003,2004,2007,2009,2015,2016,2017,2018,2019,2020,2021,2022,2023,2024,2025,2026",2677.0,0.30475865209471764,2676.0,0.3046448087431694,2666.0,0.3035063752276867,2675.0,0.3045309653916211
INM00043363,OBSERVATIONS_SCREENED,1944,2026,51240,2024,"1944,1945,1946,1947,1948,1956,1957,1958,1959,1960,1961,1962,1963,1973,1974,1975,1976,1977,1978,1979,1983,1984,1985,1986,1987,1988,1989,1990,1992,1994,1995,2000,2003,2004,2009,2010,2011,2012,2013,2014,2015,2016,2017,2018,2019,2020,2021,2022,2023,2024,2025,2026",2605.0,0.2965619307832423,2605.0,0.2965619307832423,2584.0,0.2941712204007286,2604.0,0.296448087431694
INM00043364,OBSERVATIONS_SCREENED,2002,2026,7401,2024,"2002,2003,2007,2009,2015,2016,2017,2018,2019,2020,2021,2022,2023,2024,2025,2026",723.0,0.0823087431693989,664.0,0.075591985428051,0.0,0.0,296.0,0.033697632058287796
INM00043367,OBSERVATIONS_SCREENED,1897,2026,8673,2024,"1897,1898,1899,1973,1974,1975,1976,1977,1978,2003,2007,2009,2015,2016,2017,2018,2019,2020,2021,2022,2023,2024,2025,2026",721.0,0.08208105646630237,718.0,0.08173952641165756,0.0,0.0,708.0,0.08060109289617487
INM00043373,NO_FILE_FOR_REQUESTED_YEAR,2003,2022,3,2024,"2003,2020,2022",,,,,,,,
INM00043376,OBSERVATIONS_SCREENED,1973,2026,11178,2024,"1973,1974,1975,1976,1977,1978,1979,1980,1983,1984,1985,1986,1987,1988,1989,1990,1992,1993,1994,1995,2002,2009,2010,2011,2012,2013,2014,2015,2016,2017,2018,2019,2020,2021,2022,2023,2024,2025,2026",627.0,0.07137978142076502,626.0,0.07126593806921676,627.0,0.07137978142076502,629.0,0.07160746812386157
INM00043377,OBSERVATIONS_SCREENED,1980,2026,29295,2024,"1980,1981,1982,1983,1984,1985,1986,1987,1988,1989,1990,1991,1992,1993,1994,1995,1996,1997,1998,1999,2000,2001,2002,2003,2009,2015,2016,2017,2018,2019,2020,2021,2022,2023,2024,2025,2026",2635.0,0.29997723132969034,2635.0,0.29997723132969034,2623.0,0.2986111111111111,2637.0,0.30020491803278687
INM00043379,OBSERVATIONS_SCREENED,2009,2026,6025,2024,"2009,2015,2016,2017,2018,2019,2020,2021,2022,2023,2024,2025,2026",548.0,0.06238615664845173,548.0,0.06238615664845173,546.0,0.06215846994535519,547.0,0.06227231329690346
INM00043382,OBSERVATIONS_SCREENED,1973,2026,9675,2024,"1973,1974,1975,1976,1977,1978,1983,1984,1985,1986,1987,1988,1989,1990,1995,1996,1997,1998,2000,2003,2007,2009,2015,2016,2017,2018,2019,2020,2021,2022,2023,2024,2025,2026",723.0,0.0823087431693989,721.0,0.08208105646630237,0.0,0.0,156.0,0.017759562841530054
INM00043385,NO_FILE_FOR_REQUESTED_YEAR,1973,2003,2070,2024,"1973,1974,1975,1976,1977,1978,1979,1983,1984,1985,1986,1987,1988,1989,1990,1995,1996,1997,1998,2000,2003",,,,,,,,
INM00074924,NO_FILE_FOR_REQUESTED_YEAR,1943,1944,6087,2024,"1943,1944",,,,,,,,
INM00074925,NO_FILE_FOR_REQUESTED_YEAR,1944,1945,6496,2024,"1944,1945",,,,,,,,
INMU0020359,OBSERVATIONS_SCREENED,1944,2026,129042,2024,"1944,1945,1946,1947,1948,1955,1956,1957,1958,1959,1960,1961,1962,1963,1973,1974,1975,1976,1977,1978,1979,1980,1981,1982,1983,1984,1985,1986,1987,1988,1989,1990,1991,1992,1993,1994,1995,1996,1997,1998,1999,2000,2001,2002,2003,2004,2005,2006,2007,2008,2009,2010,2011,2012,2013,2014,2015,2016,2017,2018,2019,2020,2021,2022,2023,2024,2025,2026",2844.0,0.3237704918032787,2844.0,0.3237704918032787,2838.0,0.32308743169398907,2848.0,0.3242258652094718
INMU0020365,NO_FILE_FOR_REQUESTED_YEAR,1944,2006,7286,2024,"1944,1945,1946,1947,1954,1955,1956,1957,1958,1959,1960,1961,1962,1963,1973,1974,1981,1982,1983,1984,1985,1986,2001,2002,2003,2005,2006",,,,,,,,
INMU0020368,OBSERVATIONS_SCREENED,1944,2026,60914,2024,"1944,1945,1946,1947,1948,1954,1955,1956,1957,1958,1959,1960,1961,1962,1963,1973,1974,1975,1976,1977,1978,1979,1983,1984,1985,1986,1987,1988,1989,1990,1991,1992,1993,1994,1995,1996,1997,1998,1999,2000,2001,2002,2003,2005,2007,2009,2013,2015,2016,2017,2018,2019,2020,2021,2022,2023,2024,2025,2026",2820.0,0.32103825136612024,2817.0,0.3206967213114754,22.0,0.0025045537340619307,2825.0,0.32160746812386154
INMU0020391,NO_FILE_FOR_REQUESTED_YEAR,1944,1948,3424,2024,"1944,1945,1946,1947,1948",,,,,,,,
INMU0020408,OBSERVATIONS_SCREENED,1944,2026,137083,2024,"1944,1945,1946,1947,1948,1954,1955,1956,1957,1958,1959,1960,1961,1962,1963,1973,1974,1975,1976,1977,1978,1979,1980,1981,1982,1983,1984,1985,1986,1987,1988,1989,1990,1991,1992,1993,1994,1995,1996,1997,1998,1999,2000,2001,2002,2003,2004,2005,2006,2007,2008,2009,2010,2011,2012,2013,2014,2015,2016,2017,2018,2019,2020,2021,2022,2023,2024,2025,2026",3798.0,0.4323770491803279,3783.0,0.4306693989071038,21.0,0.0023907103825136613,3799.0,0.4324908925318761
INMU0020412,OBSERVATIONS_SCREENED,1944,2026,127276,2024,"1944,1945,1946,1947,1948,1954,1955,1956,1957,1958,1959,1960,1961,1962,1963,1973,1974,1975,1976,1977,1978,1979,1980,1981,1982,1983,1984,1985,1986,1987,1988,1989,1990,1991,1992,1993,1994,1995,1996,1997,1998,1999,2000,2001,2002,2003,2004,2005,2006,2007,2008,2009,2010,2011,2012,2013,2014,2015,2016,2017,2018,2019,2020,2021,2022,2023,2024,2025,2026",2861.0,0.32570582877959925,2859.0,0.3254781420765027,2.0,0.00022768670309653916,2876.0,0.3274134790528233
INMU0020414,OBSERVATIONS_SCREENED,1944,2026,123038,2024,"1944,1945,1946,1947,1948,1973,1974,1975,1976,1977,1978,1979,1980,1981,1982,1983,1984,1985,1986,1987,1988,1989,1990,1991,1992,1993,1994,1995,1996,1997,1998,1999,2000,2001,2002,2003,2004,2005,2006,2007,2008,2009,2010,2011,2012,2013,2014,2015,2016,2017,2018,2019,2020,2021,2022,2023,2024,2025,2026",2838.0,0.32308743169398907,2834.0,0.322632058287796,7.0,0.0007969034608378871,2869.0,0.3266165755919854
INMU0020416,NO_FILE_FOR_REQUESTED_YEAR,1934,1948,4272,2024,"1934,1935,1944,1945,1946,1947,1948",,,,,,,,
INMU0020417,NO_FILE_FOR_REQUESTED_YEAR,1944,1948,3531,2024,"1944,1945,1946,1947,1948",,,,,,,,
INMU0020418,NO_FILE_FOR_REQUESTED_YEAR,1944,1948,1751,2024,"1944,1945,1946,1947,1948",,,,,,,,
INMU0020423,NO_FILE_FOR_REQUESTED_YEAR,1944,1948,3511,2024,"1944,1945,1946,1947,1948",,,,,,,,
INMU0020425,NO_FILE_FOR_REQUESTED_YEAR,1944,1948,3521,2024,"1944,1945,1946,1947,1948",,,,,,,,
INMU0020429,OBSERVATIONS_SCREENED,1944,2026,137951,2024,"1944,1945,1946,1947,1948,1954,1955,1956,1957,1958,1959,1960,1961,1962,1963,1973,1974,1975,1976,1977,1978,1979,1980,1981,1982,1983,1984,1985,1986,1987,1988,1989,1990,1991,1992,1993,1994,1995,1996,1997,1998,1999,2000,2001,2002,2003,2004,2005,2006,2007,2008,2009,2010,2011,2012,2013,2014,2015,2016,2017,2018,2019,2020,2021,2022,2023,2024,2025,2026",2842.0,0.32354280510018213,2842.0,0.32354280510018213,2837.0,0.3229735883424408,2857.0,0.3252504553734062
INMU0020433,OBSERVATIONS_SCREENED,1944,2026,163197,2024,"1944,1945,1946,1947,1948,1956,1957,1958,1959,1960,1961,1962,1963,1973,1974,1975,1976,1977,1978,1979,1980,1981,1982,1983,1984,1985,1986,1987,1988,1989,1990,1991,1992,1993,1994,1995,1996,1997,1998,1999,2000,2001,2002,2003,2004,2005,2006,2007,2008,2009,2010,2011,2012,2013,2014,2015,2016,2017,2018,2019,2020,2021,2022,2023,2024,2025,2026",4899.0,0.5577185792349727,4898.0,0.5576047358834244,2868.0,0.32650273224043713,4898.0,0.5576047358834244
INMU0020436,OBSERVATIONS_SCREENED,1944,2026,51609,2024,"1944,1945,1946,1947,1948,1954,1955,1956,1957,1958,1959,1960,1961,1962,1963,1973,1974,1975,1976,1977,1978,1979,1980,1983,1984,1985,1986,1987,1988,1989,1990,2000,2003,2004,2007,2009,2011,2013,2015,2016,2017,2018,2019,2020,2021,2022,2023,2024,2025,2026",2879.0,0.32775500910746813,2879.0,0.32775500910746813,0.0,0.0,2880.0,0.32786885245901637
INMU0020438,OBSERVATIONS_SCREENED,1944,2026,133024,2024,"1944,1945,1946,1947,1948,1973,1974,1975,1976,1977,1978,1979,1980,1981,1982,1983,1984,1985,1986,1987,1988,1989,1990,1991,1992,1993,1994,1995,1996,1997,1998,1999,2000,2001,2002,2003,2004,2005,2006,2007,2008,2009,2010,2011,2012,2013,2014,2015,2016,2017,2018,2019,2020,2021,2022,2023,2024,2025,2026",2877.0,0.3275273224043716,2874.0,0.3271857923497268,0.0,0.0,2878.0,0.32764116575591984
INMU0020446,OBSERVATIONS_SCREENED,1944,2026,60942,2024,"1944,1945,1946,1947,1948,1973,1974,1977,1978,1985,1986,2005,2006,2007,2008,2009,2010,2011,2012,2013,2014,2015,2016,2017,2018,2019,2020,2021,2022,2023,2024,2025,2026",2841.0,0.3234289617486339,2840.0,0.3233151183970856,21.0,0.0023907103825136613,2870.0,0.3267304189435337
INMU0020447,OBSERVATIONS_SCREENED,1944,2024,5561,2024,"1944,1945,1946,1947,1948,1973,1974,1977,1978,1979,1983,1984,1985,1986,1987,1988,1989,1990,2001,2002,2003,2004,2011,2013,2014,2016,2018,2020,2022,2024",1.0,0.00011384335154826958,1.0,0.00011384335154826958,0.0,0.0,1.0,0.00011384335154826958
INMU0020448,OBSERVATIONS_SCREENED,1942,2026,223581,2024,"1942,1943,1944,1945,1946,1947,1948,1973,1974,1975,1976,1977,1978,1979,1980,1981,1982,1983,1984,1985,1986,1987,1988,1989,1990,1991,1992,1993,1994,1995,1996,1997,1998,1999,2000,2001,2002,2003,2004,2005,2006,2007,2008,2009,2010,2011,2012,2013,2014,2015,2016,2017,2018,2019,2020,2021,2022,2023,2024,2025,2026",6440.0,0.7331511839708561,6438.0,0.7329234972677595,30.0,0.0034153005464480873,6441.0,0.7332650273224044
INMU0020449,NO_FILE_FOR_REQUESTED_YEAR,1944,1948,2550,2024,"1944,1945,1946,1947,1948",,,,,,,,
INMU0020452,OBSERVATIONS_SCREENED,1944,2026,20536,2024,"1944,1945,1946,1947,1948,1949,1950,1951,1952,1953,1954,1955,1956,1957,1958,1959,1960,1961,1962,1963,1973,1974,1975,1976,1977,1978,1979,1983,1984,1985,1986,1987,1988,1989,1990,2001,2002,2003,2015,2016,2017,2018,2019,2020,2021,2022,2023,2024,2025,2026",6.0,0.0006830601092896175,6.0,0.0006830601092896175,6.0,0.0006830601092896175,6.0,0.0006830601092896175
INMU0020455,NO_FILE_FOR_REQUESTED_YEAR,1945,1963,12663,2024,"1945,1946,1947,1948,1954,1955,1956,1957,1958,1959,1960,1961,1962,1963",,,,,,,,
INMU0020460,NO_FILE_FOR_REQUESTED_YEAR,1874,2023,53098,2024,"1874,1875,1876,1877,1878,1883,1884,1885,1886,1887,1888,1889,1890,1944,1945,1946,1947,1948,1974,1975,1987,1988,1989,1990,2001,2003,2007,2009,2012,2013,2015,2016,2017,2018,2019,2020,2021,2022,2023",,,,,,,,
INMU0020467,OBSERVATIONS_SCREENED,1944,2026,18149,2024,"1944,1945,1946,1947,1948,1973,1974,1975,1976,1977,1978,1979,1983,1984,1985,1986,2002,2003,2009,2015,2016,2017,2018,2019,2020,2021,2022,2023,2024,2025,2026",1057.0,0.12033242258652095,1052.0,0.1197632058287796,1054.0,0.11999089253187614,1058.0,0.12044626593806922
INMU0020468,OBSERVATIONS_SCREENED,1944,2026,35929,2024,"1944,1945,1946,1947,1948,1954,1955,1956,1957,1958,1959,1960,1961,1962,1963,1973,1974,1975,1976,1977,1978,1979,1983,1984,1985,1986,1987,1988,1989,1990,1992,1993,1994,1995,1996,1997,1998,1999,2003,2007,2009,2012,2015,2016,2017,2018,2019,2020,2021,2022,2023,2024,2025,2026",2464.0,0.28051001821493626,2452.0,0.279143897996357,2457.0,0.2797131147540984,2466.0,0.2807377049180328
INMU0020470,NO_FILE_FOR_REQUESTED_YEAR,1944,1948,3177,2024,"1944,1945,1946,1947,1948",,,,,,,,
INMU0020498,OBSERVATIONS_SCREENED,1893,2026,132356,2024,"1893,1894,1895,1896,1897,1898,1899,1945,1946,1947,1948,1954,1955,1956,1957,1958,1959,1960,1961,1962,1963,1973,1974,1975,1976,1977,1978,1979,1980,1981,1982,1983,1984,1985,1986,1987,1988,1989,1990,1991,1992,1993,1994,1995,1996,1997,1998,1999,2000,2001,2002,2003,2004,2005,2006,2007,2008,2009,2010,2011,2012,2013,2014,2015,2016,2017,2018,2019,2020,2021,2022,2023,2024,2025,2026",2871.0,0.32684426229508196,2871.0,0.32684426229508196,0.0,0.0,2870.0,0.3267304189435337
INMU0020501,NO_FILE_FOR_REQUESTED_YEAR,1944,1948,3489,2024,"1944,1945,1946,1947,1948",,,,,,,,
INMU0020504,OBSERVATIONS_SCREENED,1934,2026,151031,2024,"1934,1935,1944,1945,1946,1947,1948,1954,1955,1956,1957,1958,1959,1960,1961,1962,1963,1973,1974,1975,1976,1977,1978,1979,1980,1981,1982,1983,1984,1985,1986,1987,1988,1989,1990,1991,1992,1993,1994,1995,1996,1997,1998,1999,2000,2001,2002,2003,2004,2005,2006,2007,2008,2009,2010,2011,2012,2013,2014,2015,2016,2017,2018,2019,2020,2021,2022,2023,2024,2025,2026",2017.0,0.22962204007285975,2000.0,0.22768670309653916,0.0,0.0,2018.0,0.229735883424408
INMU0020507,OBSERVATIONS_SCREENED,1944,2026,480094,2024,"1944,1945,1946,1947,1948,1954,1955,1956,1957,1958,1959,1960,1961,1962,1963,1973,1974,1975,1976,1977,1978,1979,1980,1981,1982,1983,1984,1985,1986,1987,1988,1989,1990,1991,1992,1993,1994,1995,1996,1997,1998,1999,2000,2001,2002,2003,2004,2005,2006,2007,2008,2009,2010,2011,2012,2013,2014,2015,2016,2017,2018,2019,2020,2021,2022,2023,2024,2025,2026",8700.0,0.9904371584699454,8700.0,0.9904371584699454,0.0,0.0,8700.0,0.9904371584699454
INMU0020512,NO_FILE_FOR_REQUESTED_YEAR,1944,1948,3511,2024,"1944,1945,1946,1947,1948",,,,,,,,
INMU0020514,OBSERVATIONS_SCREENED,1934,2026,158023,2024,"1934,1935,1944,1945,1946,1947,1948,1954,1955,1956,1957,1958,1959,1960,1961,1962,1963,1973,1974,1975,1976,1977,1978,1979,1980,1981,1982,1983,1984,1985,1986,1987,1988,1989,1990,1991,1992,1993,1994,1995,1996,1997,1998,1999,2000,2001,2002,2003,2004,2005,2006,2007,2008,2009,2010,2011,2012,2013,2014,2015,2016,2017,2018,2019,2020,2021,2022,2023,2024,2025,2026",2624.0,0.2987249544626594,2623.0,0.2986111111111111,6.0,0.0006830601092896175,2636.0,0.30009107468123863
INMU0020515,OBSERVATIONS_SCREENED,1944,2026,14198,2024,"1944,1945,1946,1947,1948,1975,1976,1977,1978,1979,1980,1983,1984,1985,1986,1987,1988,1989,1990,1991,1992,1993,1994,1995,1996,1997,1998,1999,2000,2001,2002,2003,2009,2015,2016,2017,2018,2019,2020,2021,2022,2023,2024,2025,2026",713.0,0.08117030965391621,711.0,0.08094262295081968,712.0,0.08105646630236794,713.0,0.08117030965391621
INMU0020517,OBSERVATIONS_SCREENED,1944,2025,11296,2024,"1944,1945,1946,1947,1948,1983,1984,1985,1986,1987,1988,1989,1990,2001,2002,2015,2016,2017,2018,2019,2020,2021,2022,2023,2024,2025",268.0,0.03051001821493625,266.0,0.03028233151183971,267.0,0.030396174863387977,271.0,0.030851548269581055
INMU0020518,OBSERVATIONS_SCREENED,1944,2026,149921,2024,"1944,1945,1946,1947,1948,1954,1955,1956,1957,1958,1959,1960,1961,1962,1963,1973,1974,1975,1976,1977,1978,1979,1980,1981,1982,1983,1984,1985,1986,1987,1988,1989,1990,1991,1992,1993,1994,1995,1996,1997,1998,1999,2000,2001,2002,2003,2004,2005,2006,2007,2008,2009,2010,2011,2012,2013,2014,2015,2016,2017,2018,2019,2020,2021,2022,2023,2024,2025,2026",2828.0,0.32194899817850636,2826.0,0.32172131147540983,2823.0,0.321379781420765,2829.0,0.32206284153005466
INMU0020521,NO_FILE_FOR_REQUESTED_YEAR,1944,2004,1766,2024,"1944,1945,1946,2004",,,,,,,,
INMU0020523,OBSERVATIONS_SCREENED,1944,2026,65975,2024,"1944,1945,1946,1947,1948,1973,1974,1975,1976,1977,1978,1979,1983,1984,1985,1986,1987,1988,1989,1990,1992,1994,1996,1997,2005,2006,2007,2008,2009,2010,2011,2012,2013,2014,2015,2016,2017,2018,2019,2020,2021,2022,2023,2024,2025,2026",2330.0,0.26525500910746813,2330.0,0.26525500910746813,2310.0,0.2629781420765027,2340.0,0.26639344262295084
INMU0020524,OBSERVATIONS_SCREENED,1944,2026,135884,2024,"1944,1945,1946,1947,1948,1973,1974,1975,1976,1977,1978,1979,1980,1981,1982,1983,1984,1985,1986,1987,1988,1989,1990,1991,1992,1993,1994,1995,1996,1997,1998,1999,2000,2001,2002,2003,2004,2005,2006,2007,2008,2009,2010,2011,2012,2013,2014,2015,2016,2017,2018,2019,2020,2021,2022,2023,2024,2025,2026",2617.0,0.2979280510018215,2575.0,0.29314663023679416,2610.0,0.29713114754098363,2618.0,0.29804189435336975
INMU0020525,OBSERVATIONS_SCREENED,1944,2026,143633,2024,"1944,1945,1946,1947,1948,1973,1974,1975,1976,1977,1978,1979,1980,1981,1982,1983,1984,1985,1986,1987,1988,1989,1990,1991,1992,1993,1994,1995,1996,1997,1998,1999,2000,2001,2002,2003,2004,2005,2006,2007,2008,2009,2010,2011,2012,2013,2014,2015,2016,2017,2018,2019,2020,2021,2022,2023,2024,2025,2026",2855.0,0.32502276867030966,2852.0,0.32468123861566484,2843.0,0.3236566484517304,2862.0,0.32581967213114754
INMU0020530,NO_FILE_FOR_REQUESTED_YEAR,1944,2025,12968,2024,"1944,1945,1946,1947,1948,1954,1955,1956,1957,1958,1959,1960,1961,1962,1963,1973,1984,2001,2025",,,,,,,,
INMU0020531,OBSERVATIONS_SCREENED,1853,2026,243615,2024,"1853,1854,1855,1856,1857,1858,1859,1860,1861,1862,1863,1864,1944,1945,1946,1947,1948,1954,1955,1956,1957,1958,1959,1960,1961,1962,1963,1973,1974,1975,1976,1977,1978,1979,1980,1981,1982,1983,1984,1985,1986,1987,1988,1989,1990,1991,1992,1993,1994,1995,1996,1997,1998,1999,2000,2001,2002,2003,2004,2005,2006,2007,2008,2009,2010,2011,2012,2013,2014,2015,2016,2017,2018,2019,2020,2021,2022,2023,2024,2025,2026",2850.0,0.3244535519125683,2850.0,0.3244535519125683,2846.0,0.32399817850637525,2856.0,0.3251366120218579
INMU0020536,OBSERVATIONS_SCREENED,1944,2026,153756,2024,"1944,1945,1946,1947,1948,1954,1955,1956,1957,1958,1959,1960,1961,1962,1963,1973,1974,1975,1976,1977,1978,1979,1980,1981,1982,1983,1984,1985,1986,1987,1988,1989,1990,1991,1992,1993,1994,1995,1996,1997,1998,1999,2000,2001,2002,2003,2004,2005,2006,2007,2008,2009,2010,2011,2012,2013,2014,2015,2016,2017,2018,2019,2020,2021,2022,2023,2024,2025,2026",2814.0,0.3203551912568306,2813.0,0.32024134790528236,2799.0,0.31864754098360654,2815.0,0.3204690346083789
INMU0020546,OBSERVATIONS_SCREENED,1944,2026,135318,2024,"1944,1945,1946,1947,1948,1973,1974,1975,1976,1977,1978,1979,1980,1981,1982,1983,1984,1985,1986,1987,1988,1989,1990,1991,1992,1993,1994,1995,1996,1997,1998,1999,2000,2001,2002,2003,2004,2005,2006,2007,2008,2009,2010,2011,2012,2013,2014,2015,2016,2017,2018,2019,2020,2021,2022,2023,2024,2025,2026",2837.0,0.3229735883424408,2832.0,0.3224043715846995,2833.0,0.3225182149362477,2841.0,0.3234289617486339
INMU0020548,OBSERVATIONS_SCREENED,1944,2026,152931,2024,"1944,1945,1946,1947,1948,1954,1955,1956,1957,1958,1959,1960,1961,1962,1963,1973,1974,1975,1976,1977,1978,1979,1980,1981,1982,1983,1984,1985,1986,1987,1988,1989,1990,1991,1992,1993,1994,1995,1996,1997,1998,1999,2000,2001,2002,2003,2004,2005,2006,2007,2008,2009,2010,2011,2012,2013,2014,2015,2016,2017,2018,2019,2020,2021,2022,2023,2024,2025,2026",2831.0,0.3222905282331512,2831.0,0.3222905282331512,2822.0,0.32126593806921677,2831.0,0.3222905282331512
INMU0020550,OBSERVATIONS_SCREENED,1944,2026,141364,2024,"1944,1945,1946,1947,1948,1973,1974,1975,1976,1977,1978,1979,1980,1981,1982,1983,1984,1985,1986,1987,1988,1989,1990,1991,1992,1993,1994,1995,1996,1997,1998,1999,2000,2001,2002,2003,2004,2005,2006,2007,2008,2009,2010,2011,2012,2013,2014,2015,2016,2017,2018,2019,2020,2021,2022,2023,2024,2025,2026",2839.0,0.32320127504553736,2839.0,0.32320127504553736,2836.0,0.32285974499089254,2843.0,0.3236566484517304
INMU0020551,NO_FILE_FOR_REQUESTED_YEAR,1944,1948,3530,2024,"1944,1945,1946,1947,1948",,,,,,,,
INMU0020554,NO_FILE_FOR_REQUESTED_YEAR,1944,2023,17892,2024,"1944,1945,1946,1947,1948,1954,1955,1956,1957,1958,1959,1960,1961,1962,1963,1980,1981,1982,1983,1984,1985,1986,1987,1988,1999,2000,2001,2002,2003,2015,2016,2018,2019,2023",,,,,,,,
INMU0020560,OBSERVATIONS_SCREENED,1944,2026,333442,2024,"1944,1945,1946,1947,1948,1954,1955,1956,1957,1958,1959,1960,1961,1962,1963,1973,1974,1975,1976,1977,1978,1979,1980,1981,1982,1983,1984,1985,1986,1987,1988,1989,1990,1991,1992,1993,1994,1995,1996,1997,1998,1999,2000,2001,2002,2003,2004,2005,2006,2007,2008,2009,2010,2011,2012,2013,2014,2015,2016,2017,2018,2019,2020,2021,2022,2023,2024,2025,2026",6723.0,0.7653688524590164,6722.0,0.7652550091074681,2851.0,0.3245673952641166,6723.0,0.7653688524590164
INMU0020569,NO_FILE_FOR_REQUESTED_YEAR,1944,1948,3536,2024,"1944,1945,1946,1947,1948",,,,,,,,
INMU0022075,NO_FILE_FOR_REQUESTED_YEAR,1944,2017,17108,2024,"1944,1945,1946,1947,1948,1954,1955,1956,1957,1958,1959,1960,1961,1962,1963,1973,1974,1975,1976,1977,1978,2016,2017",,,,,,,,
INMU0022081,NO_FILE_FOR_REQUESTED_YEAR,1944,2020,13163,2024,"1944,1945,1946,1947,1948,1954,1955,1956,1957,1958,1959,1960,1961,1962,1963,1973,1974,1975,1976,1977,1978,1979,1983,1984,1985,1986,1987,1988,1989,1990,1991,1992,1993,1994,1995,1996,1997,1998,1999,2000,2001,2002,2003,2004,2020",,,,,,,,
INMU0022185,NO_FILE_FOR_REQUESTED_YEAR,1944,2010,57970,2024,"1944,1945,1946,1947,1948,1954,1955,1956,1957,1958,1959,1960,1961,1962,1963,1973,1974,1975,1976,1977,1978,1979,1980,1981,1982,1983,1984,1985,1986,1987,1988,1989,1990,1991,1992,1993,1994,1995,1996,1997,1998,1999,2000,2001,2002,2003,2005,2010",,,,,,,,
INMU0022226,NO_FILE_FOR_REQUESTED_YEAR,1946,1948,1670,2024,"1946,1947,1948",,,,,,,,
INMU0029561,NO_FILE_FOR_REQUESTED_YEAR,1944,1946,639,2024,"1944,1945,1946",,,,,,,,
INU042071-1,NO_FILE_FOR_REQUESTED_YEAR,2004,2010,3,2024,"2004,2010",,,,,,,,
INU042123-1,OBSERVATIONS_SCREENED,1944,2026,72064,2024,"1944,1945,1946,1947,1948,1954,1955,1956,1957,1958,1959,1960,1961,1962,1963,1973,1974,1975,1976,1977,1978,1979,1983,1984,1985,1986,1987,1988,1989,1990,1991,1992,1993,1994,1995,1996,1997,1998,1999,2000,2001,2002,2003,2004,2005,2006,2007,2008,2009,2010,2011,2012,2013,2014,2015,2016,2017,2018,2019,2020,2021,2022,2023,2024,2025,2026",2841.0,0.3234289617486339,2836.0,0.32285974499089254,20.0,0.002276867030965392,2866.0,0.3262750455373406
INU042361-1,NO_FILE_FOR_REQUESTED_YEAR,2004,2008,5,2024,"2004,2008",,,,,,,,
INU042410-1,OBSERVATIONS_SCREENED,1944,2026,281304,2024,"1944,1945,1946,1947,1948,1954,1955,1956,1957,1958,1959,1960,1961,1962,1963,1973,1974,1975,1976,1977,1978,1979,1980,1981,1982,1983,1984,1985,1986,1987,1988,1989,1990,1991,1992,1993,1994,1995,1996,1997,1998,1999,2000,2001,2002,2003,2004,2005,2006,2007,2008,2009,2010,2011,2012,2013,2014,2015,2016,2017,2018,2019,2020,2021,2022,2023,2024,2025,2026",8489.0,0.9664162112932605,8487.0,0.9661885245901639,6.0,0.0006830601092896175,8490.0,0.9665300546448088
INU042452-1,OBSERVATIONS_SCREENED,1973,2026,124053,2024,"1973,1974,1975,1976,1977,1978,1979,1980,1981,1982,1983,1984,1985,1986,1987,1988,1989,1990,1991,1992,1993,1994,1995,1996,1997,1998,1999,2000,2001,2002,2003,2004,2005,2006,2007,2008,2009,2010,2011,2012,2013,2014,2015,2016,2017,2018,2019,2020,2021,2022,2023,2024,2025,2026",2843.0,0.3236566484517304,2836.0,0.32285974499089254,234.0,0.02663934426229508,2849.0,0.32433970856102
INU042475-1,OBSERVATIONS_SCREENED,1942,2025,106177,2024,"1942,1943,1944,1945,1946,1947,1948,1954,1955,1956,1957,1958,1959,1960,1961,1962,1963,1973,1974,1975,1976,1977,1978,1979,1980,1981,1982,1983,1984,1985,1986,1987,1988,1989,1990,1991,1992,1993,1994,1995,1996,1997,1998,1999,2000,2001,2002,2003,2004,2005,2006,2007,2008,2009,2010,2011,2012,2013,2014,2015,2016,2017,2018,2021,2022,2023,2024,2025",1403.0,0.1597222222222222,1403.0,0.1597222222222222,2.0,0.00022768670309653916,1404.0,0.1598360655737705
INU042542-1,OBSERVATIONS_SCREENED,1975,2026,120333,2024,"1975,1976,1977,1978,1979,1980,1983,1984,1985,1986,1987,1988,1989,1990,1991,1992,1993,1994,1995,1996,1997,1998,2000,2001,2002,2003,2004,2005,2006,2007,2008,2009,2010,2011,2012,2013,2014,2015,2016,2017,2018,2019,2020,2021,2022,2023,2024,2025,2026",6517.0,0.7419171220400729,6516.0,0.7418032786885246,2860.0,0.325591985428051,6517.0,0.7419171220400729
INU042623-1,NO_FILE_FOR_REQUESTED_YEAR,2009,2009,1,2024,2009,,,,,,,,
INU042634-1,OBSERVATIONS_SCREENED,1944,2026,149827,2024,"1944,1945,1946,1947,1948,1954,1955,1956,1957,1958,1959,1960,1961,1962,1963,1973,1974,1975,1976,1977,1978,1979,1980,1981,1982,1983,1984,1985,1986,1987,1988,1989,1990,1991,1992,1993,1994,1995,1996,1997,1998,1999,2000,2001,2002,2003,2004,2005,2006,2007,2008,2009,2010,2011,2012,2013,2014,2015,2016,2017,2018,2019,2020,2021,2022,2023,2024,2025,2026",3637.0,0.41404826958105645,3621.0,0.41222677595628415,0.0,0.0,3646.0,0.4150728597449909
INU042754-1,OBSERVATIONS_SCREENED,1944,2026,209295,2024,"1944,1945,1946,1947,1948,1954,1955,1956,1957,1958,1959,1960,1961,1962,1963,1973,1974,1975,1976,1977,1978,1979,1980,1981,1982,1983,1984,1985,1986,1987,1988,1989,1990,1991,1992,1993,1994,1995,1996,1997,1998,1999,2000,2001,2002,2003,2004,2005,2006,2007,2008,2009,2010,2011,2012,2013,2014,2015,2016,2017,2018,2019,2020,2021,2022,2023,2024,2025,2026",8397.0,0.9559426229508197,8396.0,0.9558287795992714,2873.0,0.3270719489981785,8397.0,0.9559426229508197
INU042809-1,OBSERVATIONS_SCREENED,1784,2026,524088,2024,"1784,1785,1786,1943,1944,1945,1946,1947,1948,1954,1955,1956,1957,1958,1959,1960,1961,1962,1963,1973,1974,1975,1976,1977,1978,1979,1980,1981,1982,1983,1984,1985,1986,1987,1988,1989,1990,1991,1992,1993,1994,1995,1996,1997,1998,1999,2000,2001,2002,2003,2004,2005,2006,2007,2008,2009,2010,2011,2012,2013,2014,2015,2016,2017,2018,2019,2020,2021,2022,2023,2024,2025,2026",8732.0,0.99408014571949,8732.0,0.99408014571949,42.0,0.0047814207650273225,8735.0,0.9944216757741348
INU042840-1,OBSERVATIONS_SCREENED,1944,2026,148281,2024,"1944,1945,1946,1947,1948,1954,1955,1956,1957,1958,1959,1960,1961,1962,1963,1973,1974,1975,1976,1977,1978,1979,1980,1981,1982,1983,1984,1985,1986,1987,1988,1989,1990,1991,1992,1993,1994,1995,1996,1997,1998,1999,2000,2001,2002,2003,2004,2005,2006,2007,2008,2009,2010,2011,2012,2013,2014,2015,2016,2017,2018,2019,2020,2021,2022,2023,2024,2025,2026",2877.0,0.3275273224043716,2872.0,0.32695810564663025,0.0,0.0,2878.0,0.32764116575591984
INU042886-1,OBSERVATIONS_SCREENED,1957,2026,164530,2024,"1957,1958,1959,1960,1961,1962,1973,1974,1975,1976,1977,1978,1979,1980,1981,1982,1983,1984,1985,1986,1987,1988,1989,1990,1991,1992,1993,1994,1995,1996,1997,1998,1999,2000,2001,2002,2003,2004,2005,2006,2007,2008,2009,2010,2011,2012,2013,2014,2015,2016,2017,2018,2019,2020,2021,2022,2023,2024,2025,2026",5612.0,0.6388888888888888,5611.0,0.6387750455373407,0.0,0.0,5615.0,0.6392304189435337
INU042921-1,NO_FILE_FOR_REQUESTED_YEAR,2009,2009,1,2024,2009,,,,,,,,
INU043086-1,OBSERVATIONS_SCREENED,1973,2026,116137,2024,"1973,1974,1975,1976,1977,1978,1979,1980,1981,1982,1983,1984,1985,1986,1987,1988,1989,1990,1991,1992,1993,1994,1995,1996,1997,1998,1999,2000,2001,2002,2003,2004,2005,2006,2007,2008,2009,2010,2011,2012,2013,2014,2015,2016,2017,2018,2019,2020,2021,2022,2023,2024,2025,2026",2846.0,0.32399817850637525,2843.0,0.3236566484517304,2840.0,0.3233151183970856,2850.0,0.3244535519125683
INU043237-1,OBSERVATIONS_SCREENED,1954,2026,145731,2024,"1954,1955,1956,1957,1958,1959,1960,1961,1962,1963,1973,1974,1975,1976,1977,1978,1979,1980,1981,1982,1983,1984,1985,1986,1987,1988,1989,1990,1991,1992,1993,1994,1995,1996,1997,1998,1999,2000,2001,2002,2003,2004,2005,2006,2007,2008,2009,2010,2011,2012,2013,2014,2015,2016,2017,2018,2019,2020,2021,2022,2023,2024,2025,2026",2785.0,0.31705373406193077,2784.0,0.31693989071038253,2774.0,0.3158014571948998,2795.0,0.3181921675774135
INU043284-1,OBSERVATIONS_SCREENED,1973,2026,279075,2024,"1973,1974,1975,1976,1977,1978,1979,1980,1981,1982,1983,1984,1985,1986,1987,1988,1989,1990,1991,1992,1993,1994,1995,1996,1997,1998,1999,2000,2001,2002,2003,2004,2005,2006,2007,2008,2009,2010,2011,2012,2013,2014,2015,2016,2017,2018,2019,2020,2021,2022,2023,2024,2025,2026",8707.0,0.9912340619307832,8707.0,0.9912340619307832,2803.0,0.31910291438979965,8708.0,0.9913479052823315
INU043346-1,OBSERVATIONS_SCREENED,1999,2026,60801,2024,"1999,2000,2001,2002,2003,2004,2005,2006,2007,2008,2009,2010,2011,2012,2013,2014,2015,2016,2017,2018,2019,2020,2021,2022,2023,2024,2025,2026",2846.0,0.32399817850637525,2845.0,0.32388433515482695,2840.0,0.3233151183970856,2847.0,0.3241120218579235
INU23-00002,NO_FILE_FOR_REQUESTED_YEAR,1888,1890,5840,2024,"1888,1889,1890",,,,,,,,
INU55-00051,NO_FILE_FOR_REQUESTED_YEAR,1893,1895,498,2024,"1893,1894,1895",,,,,,,,
INU55-00062,NO_FILE_FOR_REQUESTED_YEAR,1893,1899,1067,2024,"1893,1896,1897,1898,1899",,,,,,,,
INU55-00064,NO_FILE_FOR_REQUESTED_YEAR,1893,1899,1158,2024,"1893,1894,1895,1896,1897,1899",,,,,,,,
INU55-00066,NO_FILE_FOR_REQUESTED_YEAR,1893,1899,576,2024,"1893,1894,1898,1899",,,,,,,,
INU55-00069,NO_FILE_FOR_REQUESTED_YEAR,1893,1899,2553,2024,"1893,1894,1895,1896,1897,1898,1899",,,,,,,,
INU55-00071,NO_FILE_FOR_REQUESTED_YEAR,1893,1899,2378,2024,"1893,1894,1895,1896,1897,1898,1899",,,,,,,,
INU55-00072,NO_FILE_FOR_REQUESTED_YEAR,1893,1893,142,2024,1893,,,,,,,,
INU55-00075,NO_FILE_FOR_REQUESTED_YEAR,1821,1821,85,2024,1821,,,,,,,,
INU55-00076,NO_FILE_FOR_REQUESTED_YEAR,1820,1820,61,2024,1820,,,,,,,,
INU55-00078,NO_FILE_FOR_REQUESTED_YEAR,1893,1899,2004,2024,"1893,1894,1895,1896,1897,1898,1899",,,,,,,,
INU60-00023,NO_FILE_FOR_REQUESTED_YEAR,1832,1838,13067,2024,"1832,1833,1834,1835,1836,1837,1838",,,,,,,,
INU00042314,NO_FILE_FOR_REQUESTED_YEAR,1954,1963,8467,2024,"1954,1955,1956,1957,1958,1959,1960,1961,1962,1963",,,,,,,,
INU00042623,NO_FILE_FOR_REQUESTED_YEAR,1956,1963,6447,2024,"1956,1957,1958,1959,1960,1961,1962,1963",,,,,,,,
INU00042727,NO_FILE_FOR_REQUESTED_YEAR,1954,1963,2818,2024,"1954,1955,1956,1957,1958,1959,1960,1961,1962,1963",,,,,,,,
INU00042410,NO_FILE_FOR_REQUESTED_YEAR,1954,1963,9001,2024,"1954,1955,1956,1957,1958,1959,1960,1961,1962,1963",,,,,,,,
INU00042809,NO_FILE_FOR_REQUESTED_YEAR,1954,1963,11032,2024,"1954,1955,1956,1957,1958,1959,1960,1961,1962,1963",,,,,,,,
INU00042398,NO_FILE_FOR_REQUESTED_YEAR,1957,1962,4834,2024,"1957,1958,1959,1960,1961,1962",,,,,,,,
INU00042498,NO_FILE_FOR_REQUESTED_YEAR,1957,1962,2227,2024,"1957,1958,1959,1960,1961,1962",,,,,,,,
INU00042971,NO_FILE_FOR_REQUESTED_YEAR,1957,1962,4284,2024,"1957,1958,1959,1960,1961,1962",,,,,,,,
INU00042492,NO_FILE_FOR_REQUESTED_YEAR,1954,1963,7493,2024,"1954,1955,1956,1957,1958,1959,1960,1961,1962,1963",,,,,,,,
INU00042886,NO_FILE_FOR_REQUESTED_YEAR,1959,1962,2486,2024,"1959,1960,1961,1962",,,,,,,,
INU00043149,NO_FILE_FOR_REQUESTED_YEAR,1954,1963,10573,2024,"1954,1955,1956,1957,1958,1959,1960,1961,1962,1963",,,,,,,,
INU00042475,NO_FILE_FOR_REQUESTED_YEAR,1954,1963,11155,2024,"1954,1955,1956,1957,1958,1959,1960,1961,1962,1963",,,,,,,,
INU00020405,NO_FILE_FOR_REQUESTED_YEAR,1944,1948,3305,2024,"1944,1945,1946,1947,1948",,,,,,,,
INU00042369,NO_FILE_FOR_REQUESTED_YEAR,1954,1963,9552,2024,"1954,1955,1956,1957,1958,1959,1960,1961,1962,1963",,,,,,,,
INU00042571,NO_FILE_FOR_REQUESTED_YEAR,1954,1963,10224,2024,"1954,1955,1956,1957,1958,1959,1960,1961,1962,1963",,,,,,,,
INU00020407,NO_FILE_FOR_REQUESTED_YEAR,1944,1948,3461,2024,"1944,1945,1946,1947,1948",,,,,,,,
INU00043279,NO_FILE_FOR_REQUESTED_YEAR,1954,1963,10056,2024,"1954,1955,1956,1957,1958,1959,1960,1961,1962,1963",,,,,,,,
INU00042675,NO_FILE_FOR_REQUESTED_YEAR,1954,1963,10783,2024,"1954,1955,1956,1957,1958,1959,1960,1961,1962,1963",,,,,,,,
INU00042147,NO_FILE_FOR_REQUESTED_YEAR,1944,1963,12429,2024,"1944,1945,1946,1947,1948,1949,1950,1951,1952,1953,1954,1955,1956,1957,1958,1959,1960,1961,1962,1963",,,,,,,,
INU00042867,NO_FILE_FOR_REQUESTED_YEAR,1954,1963,11062,2024,"1954,1955,1956,1957,1958,1959,1960,1961,1962,1963",,,,,,,,
INU00043344,NO_FILE_FOR_REQUESTED_YEAR,1954,1963,9771,2024,"1954,1955,1956,1957,1958,1959,1960,1961,1962,1963",,,,,,,,
INU00043128,NO_FILE_FOR_REQUESTED_YEAR,1957,1962,6006,2024,"1957,1958,1959,1960,1961,1962",,,,,,,,
INU00043129,NO_FILE_FOR_REQUESTED_YEAR,1954,1963,4977,2024,"1954,1955,1956,1957,1958,1959,1960,1961,1962,1963",,,,,,,,
INU00042361,NO_FILE_FOR_REQUESTED_YEAR,1954,1963,10264,2024,"1954,1955,1956,1957,1958,1959,1960,1961,1962,1963",,,,,,,,
INU00043237,NO_FILE_FOR_REQUESTED_YEAR,1954,1963,9615,2024,"1954,1955,1956,1957,1958,1959,1960,1961,1962,1963",,,,,,,,
INU00043339,NO_FILE_FOR_REQUESTED_YEAR,1954,1963,6013,2024,"1954,1955,1956,1957,1958,1959,1960,1961,1962,1963",,,,,,,,
INU00042667,NO_FILE_FOR_REQUESTED_YEAR,1954,1963,10739,2024,"1954,1955,1956,1957,1958,1959,1960,1961,1962,1963",,,,,,,,
INU00042078,NO_FILE_FOR_REQUESTED_YEAR,1959,1963,1835,2024,"1959,1960,1961,1962,1963",,,,,,,,
INU00042080,NO_FILE_FOR_REQUESTED_YEAR,1959,1963,1745,2024,"1959,1960,1961,1962,1963",,,,,,,,
INU00020367,NO_FILE_FOR_REQUESTED_YEAR,1944,1948,2537,2024,"1944,1945,1946,1947,1948",,,,,,,,
INU00042451,NO_FILE_FOR_REQUESTED_YEAR,1954,1963,10395,2024,"1954,1955,1956,1957,1958,1959,1960,1961,1962,1963",,,,,,,,
INU00042348,NO_FILE_FOR_REQUESTED_YEAR,1954,1963,10024,2024,"1954,1955,1956,1957,1958,1959,1960,1961,1962,1963",,,,,,,,
INU00042754,NO_FILE_FOR_REQUESTED_YEAR,1954,1963,10623,2024,"1954,1955,1956,1957,1958,1959,1960,1961,1962,1963",,,,,,,,
INU00020415,NO_FILE_FOR_REQUESTED_YEAR,1944,1948,3550,2024,"1944,1945,1946,1947,1948",,,,,,,,
INU00020388,NO_FILE_FOR_REQUESTED_YEAR,1944,1948,3264,2024,"1944,1945,1946,1947,1948",,,,,,,,
INU00020393,NO_FILE_FOR_REQUESTED_YEAR,1945,1946,656,2024,"1945,1946",,,,,,,,
INU00042123,NO_FILE_FOR_REQUESTED_YEAR,1954,1963,9326,2024,"1954,1955,1956,1957,1958,1959,1960,1961,1962,1963",,,,,,,,
INU00042543,NO_FILE_FOR_REQUESTED_YEAR,1954,1963,10768,2024,"1954,1955,1956,1957,1958,1959,1960,1961,1962,1963",,,,,,,,
INU00043193,NO_FILE_FOR_REQUESTED_YEAR,1956,1963,8339,2024,"1956,1957,1958,1959,1960,1961,1962,1963",,,,,,,,
INU00043003,NO_FILE_FOR_REQUESTED_YEAR,1954,1963,11099,2024,"1954,1955,1956,1957,1958,1959,1960,1961,1962,1963",,,,,,,,
INU00042647,NO_FILE_FOR_REQUESTED_YEAR,1954,1963,10998,2024,"1954,1955,1956,1957,1958,1959,1960,1961,1962,1963",,,,,,,,
INU00020505,NO_FILE_FOR_REQUESTED_YEAR,1944,1963,9442,2024,"1944,1945,1946,1947,1948,1954,1955,1956,1957,1958,1959,1960,1961,1962,1963",,,,,,,,
INU00042737,NO_FILE_FOR_REQUESTED_YEAR,1954,1963,6014,2024,"1954,1955,1956,1957,1958,1959,1960,1961,1962,1963",,,,,,,,
INU00042634,NO_FILE_FOR_REQUESTED_YEAR,1954,1963,10382,2024,"1954,1955,1956,1957,1958,1959,1960,1961,1962,1963",,,,,,,,
INU00043541,NO_FILE_FOR_REQUESTED_YEAR,1955,1963,617,2024,"1955,1956,1957,1958,1959,1960,1961,1962,1963",,,,,,,,
INU00043604,NO_FILE_FOR_REQUESTED_YEAR,1955,1963,1522,2024,"1955,1956,1957,1958,1959,1960,1961,1962,1963",,,,,,,,
INU00048109,NO_FILE_FOR_REQUESTED_YEAR,1955,1965,8635,2024,"1955,1956,1957,1958,1959,1960,1961,1962,1963,1964,1965",,,,,,,,
INU00043351,NO_FILE_FOR_REQUESTED_YEAR,1954,1963,9368,2024,"1954,1955,1956,1957,1958,1959,1960,1961,1962,1963",,,,,,,,
INU00020522,NO_FILE_FOR_REQUESTED_YEAR,1944,1948,3421,2024,"1944,1945,1946,1947,1948",,,,,,,,
INU00042909,NO_FILE_FOR_REQUESTED_YEAR,1954,1963,10735,2024,"1954,1955,1956,1957,1958,1959,1960,1961,1962,1963",,,,,,,,
INU00000057,NO_FILE_FOR_REQUESTED_YEAR,1897,1899,863,2024,"1897,1898,1899",,,,,,,,
