location_id,year,month_1,month_2,month_3,month_4,month_5,month_6,month_7,month_8,month_9,month_10,month_11,month_12
INU55-00064,1893,0,0,0,0,0,0,0,0,0,29,0,0
INU55-00064,1894,0,0,0,28,31,30,31,31,30,30,29,31
INU55-00064,1895,31,0,30,29,30,29,31,31,30,30,30,31
INU55-00064,1896,31,29,31,30,31,18,31,30,30,31,30,21
INU55-00064,1897,0,0,0,30,31,30,0,0,0,0,0,0
INU55-00064,1899,0,0,31,30,31,0,0,0,0,0,0,0
INU55-00062,1893,0,0,0,0,0,0,0,8,27,0,0,0
INU55-00062,1896,0,0,31,30,30,30,31,29,30,31,0,0
INU55-00062,1897,0,17,31,30,0,0,4,31,30,31,30,0
INU55-00062,1898,0,0,30,29,31,30,31,30,30,31,30,31
INU55-00062,1899,31,8,31,30,31,30,0,31,30,31,30,0
INU55-00066,1893,0,0,0,0,0,0,0,8,0,0,29,31
INU55-00066,1894,31,28,31,2,0,0,0,0,0,0,0,0
INU55-00066,1898,0,0,0,0,0,0,0,28,30,31,30,31
INU55-00066,1899,0,21,0,30,31,30,31,31,30,31,0,31
INU042840-1,1944,57,58,60,58,57,60,62,62,60,59,58,62
INU042840-1,1945,62,55,61,59,60,56,57,58,59,59,56,55
INU042840-1,1946,61,51,61,59,62,59,56,62,59,47,43,60
INU042840-1,1947,48,36,57,60,60,59,60,61,57,62,59,41
INU042840-1,1948,51,58,61,60,57,60,60,60,57,58,57,61
INU042840-1,1954,61,55,62,59,62,59,62,60,60,62,60,61
INU042840-1,1955,61,54,60,59,60,59,60,58,60,62,60,62
INU042840-1,1956,62,58,62,59,60,58,62,62,60,62,60,58
INU042840-1,1957,84,71,78,75,73,66,146,145,141,148,143,141
INU042840-1,1958,149,133,150,143,148,145,147,149,145,148,128,140
INU042840-1,1959,67,67,80,71,67,64,73,66,63,50,58,56
INU042840-1,1960,62,63,66,61,64,52,30,31,30,30,30,31
INU042840-1,1961,92,81,133,121,123,122,129,135,130,141,111,133
INU042840-1,1962,141,133,129,127,134,141,141,145,140,138,136,143
INU042840-1,1963,62,56,62,59,61,60,58,58,59,61,60,60
INU042840-1,1973,152,148,168,154,147,154,157,148,144,132,138,140
INU042840-1,1974,133,131,143,138,144,142,139,142,146,139,148,131
INU042840-1,1975,124,125,152,150,125,120,140,154,127,119,129,140
INU042840-1,1976,125,129,153,136,129,117,150,151,140,134,143,152
INU042840-1,1977,166,158,189,173,172,153,159,166,193,176,181,182
INU042840-1,1978,176,177,213,196,205,187,196,201,190,197,187,173
INU042840-1,1979,185,154,194,213,220,205,206,202,204,210,208,215
INU042840-1,1980,219,206,227,196,216,190,207,219,197,213,211,229
INU042840-1,1981,227,203,220,209,206,186,186,203,158,194,189,208
INU042840-1,1982,197,197,218,196,199,197,195,196,198,209,190,185
INU042840-1,1983,191,189,204,157,173,198,196,202,205,196,199,192
INU042840-1,1984,197,203,212,209,178,171,130,191,200,202,175,199
INU042840-1,1985,209,187,189,171,167,162,139,176,172,187,194,174
INU042840-1,1986,177,157,167,155,162,127,126,110,120,144,127,158
INU042840-1,1987,155,158,144,105,156,161,165,161,169,157,161,144
INU042840-1,1988,165,174,138,171,161,148,156,167,172,134,180,193
INU042840-1,1989,171,178,177,186,207,174,177,212,192,210,198,221
INU042840-1,1990,230,191,221,216,179,209,205,217,214,233,167,217
INU042840-1,1991,195,197,228,193,191,193,214,223,220,222,213,214
INU042840-1,1992,228,209,203,213,215,209,210,193,222,220,221,224
INU042840-1,1993,212,205,229,222,231,218,216,230,211,228,217,223
INU042840-1,1994,216,208,189,216,216,207,233,225,220,221,225,231
INU042840-1,1995,224,216,210,219,215,209,220,226,219,223,218,227
INU042840-1,1996,225,216,235,221,234,218,230,227,222,199,210,234
INU042840-1,1997,227,203,214,213,228,202,228,223,224,229,201,211
INU042840-1,1998,211,197,225,191,232,203,202,215,195,234,217,216
INU042840-1,1999,200,204,214,208,216,171,211,215,202,203,212,212
INU042840-1,2000,201,220,227,190,89,131,179,213,201,227,202,202
INU042840-1,2001,229,209,231,212,234,205,226,200,201,239,199,221
INU042840-1,2002,193,198,216,226,218,210,232,221,222,224,235,233
INU042840-1,2003,244,213,218,227,235,164,231,233,218,231,236,239
INU042840-1,2004,236,229,243,233,239,226,240,244,234,241,233,233
INU042840-1,2005,240,222,218,231,245,227,227,234,229,246,230,237
INU042840-1,2006,237,217,242,233,243,230,244,48,201,242,235,236
INU042840-1,2007,241,222,238,237,227,236,241,234,233,233,229,242
INU042840-1,2008,246,228,246,236,246,236,240,246,236,243,236,238
INU042840-1,2009,240,223,243,231,246,222,245,247,238,248,236,246
INU042840-1,2010,245,223,247,239,243,234,234,247,228,243,236,247
INU042840-1,2011,246,221,239,238,243,198,242,237,238,248,240,244
INU042840-1,2012,246,230,244,235,247,234,248,247,239,247,236,246
INU042840-1,2013,248,221,248,240,246,237,248,246,211,248,237,248
INU042840-1,2014,248,224,248,240,248,240,247,248,239,248,240,248
INU042840-1,2015,248,222,247,240,243,240,248,246,238,247,239,248
INU042840-1,2016,248,230,245,239,248,240,248,248,240,248,239,248
INU042840-1,2017,247,224,248,240,248,238,247,245,240,248,240,246
INU042840-1,2018,248,224,248,238,248,240,248,247,236,245,240,247
INU042840-1,2019,247,224,246,240,248,240,248,246,240,247,238,248
INU042840-1,2020,248,231,247,240,248,238,247,248,235,247,240,247
INU042840-1,2021,248,214,248,239,244,239,245,246,240,247,240,248
INU042840-1,2022,248,224,248,240,246,239,247,244,240,242,239,245
INU042840-1,2023,246,219,244,239,248,238,248,245,233,247,238,235
INU042840-1,2024,248,231,247,215,247,239,240,246,235,247,239,245
INU042840-1,2025,246,219,247,237,247,236,244,230,223,245,236,185
INU042840-1,2026,125,105,0,0,0,0,0,0,0,0,0,0
INM00043185,1944,112,116,118,120,116,120,124,122,120,120,120,122
INM00043185,1945,122,110,122,114,114,110,108,112,120,78,114,118
INM00043185,1946,120,100,114,118,122,116,118,122,120,90,88,104
INM00043185,1947,120,108,118,116,120,114,112,118,108,118,120,124
INM00043185,1948,124,116,124,120,122,116,122,124,120,118,120,122
INM00043185,1954,62,56,62,58,61,60,62,59,60,62,59,62
INM00043185,1955,62,54,61,60,62,59,60,57,60,62,60,62
INM00043185,1956,62,58,61,59,59,59,61,62,60,62,60,59
INM00043185,1957,82,79,80,53,55,53,144,144,142,151,143,138
INM00043185,1958,143,131,149,137,145,140,142,147,145,146,127,139
INM00043185,1959,47,43,54,51,52,53,57,53,51,44,41,42
INM00043185,1960,43,41,45,45,43,45,26,30,31,32,30,31
INM00043185,1961,47,36,54,48,55,51,56,60,53,54,55,49
INM00043185,1962,61,56,58,52,59,56,59,61,56,58,55,57
INM00043185,1963,62,56,62,60,62,59,57,61,59,61,60,61
INM00043185,1973,13,29,44,34,35,39,52,38,42,41,43,41
INM00043185,1974,49,55,48,45,43,47,39,43,44,37,45,40
INM00043185,1975,41,44,43,34,33,43,47,48,42,40,43,34
INM00043185,1976,33,34,40,38,67,67,76,40,80,80,78,102
INM00043185,1977,133,131,147,140,136,120,147,135,166,137,126,157
INM00043185,1978,178,175,209,181,203,173,189,190,178,157,157,168
INM00043185,1979,168,155,174,211,194,186,200,197,214,213,194,181
INM00043185,1980,199,199,202,185,187,171,193,203,165,192,195,214
INM00043185,1981,215,191,213,197,194,185,203,208,185,200,201,225
INM00043185,1982,202,189,206,195,176,197,180,197,186,188,201,210
INM00043185,1983,215,183,205,180,183,201,212,227,221,226,224,201
INM00043185,1984,214,196,227,213,216,204,211,213,210,217,206,223
INM00043185,1985,223,206,217,210,200,185,212,218,211,221,197,202
INM00043185,1986,211,196,213,206,204,183,193,167,176,172,188,192
INM00043185,1987,194,187,204,195,189,178,188,187,187,207,177,190
INM00043185,1988,196,186,187,187,184,182,177,182,190,167,175,207
INM00043185,1989,176,183,215,194,211,193,211,211,169,230,222,221
INM00043185,1990,222,191,225,208,167,212,211,221,193,231,204,217
INM00043185,1991,231,217,214,203,201,198,222,219,217,217,214,229
INM00043185,1992,225,210,173,214,220,200,208,211,208,227,225,210
INM00043185,1993,226,206,226,215,203,209,213,207,210,231,213,207
INM00043185,1994,204,183,225,220,199,197,214,216,209,218,209,212
INM00043185,1995,216,205,209,213,217,196,208,215,192,205,195,218
INM00043185,1996,213,215,224,226,225,213,225,222,222,209,208,218
INM00043185,1997,220,204,201,187,204,202,205,214,199,213,200,206
INM00043185,1998,191,199,211,209,208,206,209,204,211,229,206,217
INM00043185,1999,211,199,215,206,213,209,209,216,208,202,203,194
INM00043185,2000,212,214,232,216,234,224,225,221,210,230,217,219
INM00043185,2001,232,202,223,223,227,223,227,224,221,232,218,221
INM00043185,2002,231,208,220,220,232,206,239,242,227,231,229,231
INM00043185,2003,240,217,244,243,232,215,235,239,222,239,232,235
INM00043185,2004,234,227,244,239,239,236,241,244,234,235,235,242
INM00043185,2005,245,221,240,239,247,238,236,243,239,246,226,238
INM00043185,2006,239,219,246,239,242,234,248,245,237,247,239,242
INM00043185,2007,247,220,233,236,238,235,247,239,237,238,237,245
INM00043185,2008,245,230,247,238,247,240,243,243,237,246,235,245
INM00043185,2009,247,224,243,238,243,224,247,246,234,246,239,247
INM00043185,2010,245,224,248,239,248,236,237,247,238,244,240,248
INM00043185,2011,247,222,242,239,245,200,246,245,240,248,240,247
INM00043185,2012,248,231,248,240,248,238,247,245,240,246,234,247
INM00043185,2013,246,223,248,238,246,237,249,248,239,248,238,248
INM00043185,2014,248,224,248,240,247,239,245,248,238,248,240,247
INM00043185,2015,247,224,246,240,246,239,248,248,239,248,240,246
INM00043185,2016,247,221,246,239,241,226,243,242,232,243,237,248
INM00043185,2017,247,223,247,240,247,229,239,239,233,238,240,247
INM00043185,2018,247,222,248,228,246,232,243,245,229,242,240,248
INM00043185,2019,248,224,245,238,246,235,243,240,227,236,236,247
INM00043185,2020,248,228,244,236,247,231,235,241,214,236,232,248
INM00043185,2021,248,207,247,237,243,231,237,247,232,240,236,247
INM00043185,2022,248,223,248,239,246,238,246,241,236,236,240,246
INM00043185,2023,247,223,241,231,238,238,248,243,233,246,238,233
INM00043185,2024,245,231,242,213,244,234,234,240,231,247,239,244
INM00043185,2025,246,214,244,240,247,233,245,230,223,246,238,248
INM00043185,2026,242,207,0,0,0,0,0,0,0,0,0,0
INU00042147,1944,55,57,59,59,55,59,60,54,55,59,60,59
INU00042147,1945,25,49,61,58,57,49,58,56,57,60,58,55
INU00042147,1946,60,51,59,58,55,37,31,39,43,44,38,61
INU00042147,1947,51,51,60,59,59,52,48,46,48,52,55,61
INU00042147,1948,58,54,61,55,57,53,56,60,56,59,54,55
INU00042147,1949,53,52,60,59,55,56,61,57,57,59,58,61
INU00042147,1950,61,56,59,58,60,58,57,62,60,61,60,60
INU00042147,1951,61,55,60,59,59,58,61,59,59,61,59,61
INU00042147,1952,61,58,62,59,60,56,57,62,60,62,59,62
INU00042147,1953,53,56,60,59,62,59,61,62,60,62,60,62
INU00042147,1954,60,55,62,60,62,57,1,60,59,61,59,58
INU00042147,1955,60,54,61,58,60,51,62,62,60,60,60,61
INU00042147,1956,60,57,61,60,60,59,62,55,59,61,58,61
INU00042147,1957,50,55,56,56,57,53,60,55,52,59,58,59
INU00042147,1958,60,54,53,54,60,53,56,56,57,1,57,59
INU00042147,1959,59,56,56,54,57,52,61,56,58,56,58,58
INU00042147,1960,47,54,1,56,59,54,54,55,54,57,57,61
INU00042147,1961,59,43,58,46,59,2,54,60,55,0,0,0
INU00042147,1962,0,45,0,1,54,58,1,57,0,0,0,1
INU00042147,1963,59,55,59,60,58,53,0,0,0,0,0,0
INM00074924,1943,0,0,0,0,0,0,0,0,0,0,0,6
INM00074924,1944,744,691,744,720,744,315,0,0,6,744,719,654
INM00043347,1944,116,116,120,120,116,120,124,124,118,124,116,120
INM00043347,1945,124,108,114,104,104,112,112,116,120,122,114,120
INM00043347,1946,124,102,122,120,124,118,108,124,120,96,90,124
INM00043347,1947,124,112,122,120,124,120,120,120,120,124,118,124
INM00043347,1948,122,116,124,120,120,116,122,122,120,118,114,122
INM00043347,1973,36,45,38,27,26,36,48,32,38,34,40,37
INM00043347,1974,39,44,39,33,23,24,28,31,20,20,18,23
INM00043347,1975,19,26,22,11,14,24,35,26,24,22,24,17
INM00043347,1976,23,22,32,22,17,11,7,15,11,7,2,11
INM00043347,1977,25,22,24,28,24,21,23,18,26,27,23,33
INM00043347,1978,41,36,56,43,42,41,42,22,20,0,0,1
INM00043347,1979,0,0,0,0,0,1,0,0,0,0,0,0
INM00043347,1983,0,0,0,0,0,0,0,0,11,16,17,20
INM00043347,1984,26,20,19,31,17,18,31,29,22,32,24,9
INM00043347,1985,33,29,27,28,20,23,16,27,22,33,15,18
INM00043347,1986,22,27,23,25,14,13,14,16,12,9,13,21
INM00043347,1987,18,17,20,13,12,6,2,4,11,1,10,7
INM00043347,1988,20,13,12,1,3,8,10,11,2,0,1,1
INM00043347,1989,0,12,5,8,4,1,4,6,8,4,9,10
INM00043347,1990,7,11,3,3,4,0,0,0,0,0,0,0
INM00043347,1997,0,0,6,0,0,0,0,1,0,0,1,1
INM00043347,1998,0,0,9,4,1,0,0,0,0,0,0,0
INM00043347,1999,0,0,0,0,0,0,0,0,0,0,2,1
INM00043347,2000,0,0,0,0,0,0,1,0,0,0,0,0
INM00043347,2001,0,0,0,0,0,1,0,0,0,0,1,0
INM00043347,2003,0,0,0,0,0,0,1,0,0,0,0,0
INM00043347,2004,0,0,0,0,1,0,0,0,0,0,0,0
INM00043347,2005,0,1,0,0,0,0,0,0,0,0,0,0
INM00043347,2009,0,4,0,0,0,0,0,2,107,121,118,121
INM00043347,2010,121,110,123,118,123,108,115,123,118,118,119,120
INM00043347,2011,123,111,118,120,123,100,124,122,107,118,120,124
INM00043347,2012,124,113,124,120,124,117,122,123,120,122,115,124
INM00043347,2013,124,110,126,119,122,120,128,124,119,124,118,122
INM00043347,2014,123,112,123,120,124,118,120,124,120,124,119,122
INM00043347,2015,123,111,121,119,123,119,124,124,116,124,119,216
INM00043347,2016,248,221,243,239,248,240,248,246,240,248,237,246
INM00043347,2017,246,224,248,240,248,236,248,246,232,226,238,248
INM00043347,2018,248,222,248,230,248,238,236,247,228,245,239,248
INM00043347,2019,248,223,245,237,246,237,247,248,238,247,237,247
INM00043347,2020,248,232,240,92,132,236,245,228,218,246,238,246
INM00043347,2021,241,212,243,237,182,237,243,247,237,242,238,246
INM00043347,2022,248,223,243,238,246,234,242,238,239,234,238,243
INM00043347,2023,242,223,241,196,216,223,241,239,233,243,234,229
INM00043347,2024,242,226,242,209,242,231,240,223,196,240,221,223
INM00043347,2025,212,190,226,232,234,223,227,221,210,230,233,234
INM00043347,2026,232,196,0,0,0,0,0,0,0,0,0,0
INU00042314,1954,62,54,61,60,59,58,59,60,57,62,59,62
INU00042314,1955,61,54,59,60,60,60,59,58,59,62,59,60
INU00042314,1956,61,57,58,59,56,59,57,57,56,58,59,58
INU00042314,1957,51,38,44,42,26,37,127,120,116,125,117,124
INU00042314,1958,125,109,121,119,123,122,122,121,117,121,119,124
INU00042314,1959,45,43,43,34,30,27,32,32,29,36,34,39
INU00042314,1960,39,42,37,36,30,26,23,25,34,38,41,41
INU00042314,1961,78,64,103,87,94,91,83,90,96,97,97,111
INU00042314,1962,125,119,120,107,108,110,116,111,115,107,89,117
INU00042314,1963,59,54,59,51,58,56,53,56,54,51,58,58
INMU0020365,1944,0,0,0,0,0,48,60,60,52,0,0,0
INMU0020365,1945,0,0,0,0,0,48,56,56,54,0,0,0
INMU0020365,1946,0,0,0,0,0,24,16,28,30,0,0,0
INMU0020365,1947,0,0,0,0,0,50,48,30,16,0,0,0
INMU0020365,1954,59,52,59,60,60,55,62,59,55,54,57,60
INMU0020365,1955,61,53,55,60,60,59,60,58,56,51,60,60
INMU0020365,1956,60,55,62,57,56,57,59,55,56,60,51,56
INMU0020365,1957,44,48,56,52,58,48,44,48,52,55,50,47
INMU0020365,1958,53,50,57,53,57,54,51,53,56,53,42,39
INMU0020365,1959,45,43,51,52,50,48,52,53,50,46,47,38
INMU0020365,1960,45,48,56,48,51,42,26,27,29,27,29,29
INMU0020365,1961,40,41,57,51,57,54,56,58,54,55,58,54
INMU0020365,1962,56,56,55,53,56,57,55,51,51,57,56,59
INMU0020365,1963,59,56,60,54,55,53,56,55,55,55,54,59
INMU0020365,1973,14,6,11,9,8,11,5,7,4,14,14,6
INMU0020365,1974,11,13,14,14,7,8,0,2,0,0,0,0
INMU0020365,1981,0,0,0,0,0,0,0,0,0,4,7,2
INMU0020365,1982,1,1,0,0,0,0,2,1,0,0,0,0
INMU0020365,1983,0,0,1,0,2,0,1,0,1,0,0,0
INMU0020365,1984,1,2,3,5,4,3,8,7,5,1,6,3
INMU0020365,1985,8,3,5,5,5,6,5,4,2,1,3,2
INMU0020365,1986,1,1,10,0,1,1,1,0,0,2,0,0
INMU0020365,2001,0,0,0,0,0,0,1,0,0,0,0,0
INMU0020365,2002,0,0,0,0,0,1,0,0,0,0,0,0
INMU0020365,2003,0,0,0,0,0,0,0,0,0,1,0,0
INMU0020365,2005,1,0,0,0,1,0,0,0,0,0,0,0
INMU0020365,2006,1,0,0,0,0,0,0,0,0,0,0,0
INU00042675,1954,60,55,62,60,62,60,59,59,60,62,60,62
INU00042675,1955,60,55,61,60,61,59,59,57,58,61,59,62
INU00042675,1956,61,57,60,59,59,60,62,59,60,62,59,60
INU00042675,1957,78,73,77,71,77,72,148,147,146,150,145,146
INU00042675,1958,147,131,150,145,151,145,148,151,144,149,132,137
INU00042675,1959,67,66,82,74,65,66,69,71,68,64,63,65
INU00042675,1960,68,69,69,71,73,60,66,67,65,65,58,67
INU00042675,1961,97,87,137,126,134,133,139,142,125,143,138,135
INU00042675,1962,144,136,143,145,144,135,142,146,141,144,143,143
INU00042675,1963,61,54,62,60,59,58,60,59,60,59,60,60
INMU0020391,1944,56,53,60,57,57,58,62,62,58,58,59,61
INMU0020391,1945,62,56,62,58,59,57,58,57,57,62,58,54
INMU0020391,1946,60,50,60,60,61,51,42,50,56,44,43,60
INMU0020391,1947,61,55,57,57,58,57,58,54,48,60,57,60
INMU0020391,1948,60,55,61,59,58,59,62,60,56,59,58,57
INU00042754,1954,62,56,62,57,61,60,59,60,59,62,59,59
INU00042754,1955,61,55,61,60,62,60,59,58,59,61,60,62
INU00042754,1956,62,58,61,60,58,60,62,61,59,62,60,60
INU00042754,1957,84,69,78,75,71,65,145,142,147,149,147,144
INU00042754,1958,148,136,151,143,151,145,148,147,147,150,135,134
INU00042754,1959,61,68,80,74,60,60,65,67,66,69,61,59
INU00042754,1960,64,65,78,70,70,61,58,57,68,62,60,63
INU00042754,1961,94,89,139,121,127,121,124,136,129,140,127,139
INU00042754,1962,147,133,134,134,138,132,140,147,132,143,134,141
INU00042754,1963,62,56,59,59,60,56,60,59,60,60,58,59
INU00042971,1957,24,19,22,18,7,7,124,124,120,124,120,124
INU00042971,1958,124,112,124,120,124,120,124,124,120,124,120,124
INU00042971,1959,19,25,26,20,15,11,11,11,7,14,16,25
INU00042971,1960,17,18,22,19,17,19,17,11,17,25,19,22
INU00042971,1961,47,36,70,52,52,41,49,51,49,53,56,57
INU00042971,1962,78,74,84,80,72,80,93,77,81,72,87,77
INU00042867,1954,62,56,61,60,62,60,62,60,60,62,60,62
INU00042867,1955,62,55,61,58,61,60,60,58,60,62,60,62
INU00042867,1956,61,58,62,60,59,60,62,61,60,62,60,61
INU00042867,1957,80,76,80,77,77,74,144,145,145,153,152,153
INU00042867,1958,154,136,153,146,156,148,152,152,149,157,139,142
INU00042867,1959,71,77,95,84,65,68,71,77,69,61,74,71
INU00042867,1960,72,68,87,83,79,67,68,65,74,69,56,67
INU00042867,1961,103,90,145,130,144,132,134,131,138,145,143,138
INU00042867,1962,146,136,147,138,141,139,150,148,138,144,144,149
INU00042867,1963,62,56,62,58,62,59,61,60,58,60,60,61
INMU0020548,1944,116,114,120,120,114,120,122,122,118,122,120,122
INMU0020548,1945,124,110,124,114,120,114,116,116,120,120,114,120
INMU0020548,1946,124,102,122,120,122,118,118,124,118,92,90,120
INMU0020548,1947,120,94,120,120,124,120,120,122,116,116,118,122
INMU0020548,1948,122,116,122,118,124,114,122,124,120,116,112,124
INMU0020548,1954,62,56,62,60,62,60,62,59,60,62,59,62
INMU0020548,1955,62,55,61,60,62,60,60,58,59,62,59,62
INMU0020548,1956,62,58,62,59,60,60,59,62,60,62,60,61
INMU0020548,1957,84,80,80,76,70,73,92,91,88,93,90,93
INMU0020548,1958,92,83,93,90,92,89,93,91,90,92,90,93
INMU0020548,1959,63,68,72,76,66,61,68,66,62,63,62,64
INMU0020548,1960,61,65,73,74,62,54,32,31,29,30,28,27
INMU0020548,1961,96,94,133,125,129,128,135,143,136,141,134,136
INMU0020548,1962,151,138,146,141,147,143,149,144,141,146,146,143
INMU0020548,1963,62,56,62,60,62,56,60,57,59,61,60,60
INMU0020548,1973,136,122,131,105,133,144,139,134,134,137,140,139
INMU0020548,1974,151,153,146,147,137,149,128,144,134,134,124,129
INMU0020548,1975,139,134,122,95,114,116,153,138,130,127,160,154
INMU0020548,1976,144,126,170,149,138,126,150,161,136,148,135,139
INMU0020548,1977,154,148,178,169,174,145,177,170,176,160,164,180
INMU0020548,1978,191,195,224,214,214,192,211,208,201,191,191,192
INMU0020548,1979,192,179,184,202,204,204,213,211,214,215,208,198
INMU0020548,1980,216,209,223,207,226,215,220,231,212,232,204,232
INMU0020548,1981,235,205,235,217,220,217,223,217,194,201,199,227
INMU0020548,1982,211,191,217,196,192,192,196,210,199,192,196,219
INMU0020548,1983,219,190,215,203,186,203,206,209,197,216,198,189
INMU0020548,1984,207,189,221,215,235,199,191,208,204,206,207,226
INMU0020548,1985,231,211,207,206,192,192,209,203,193,202,200,199
INMU0020548,1986,195,184,214,194,197,191,190,171,185,184,180,182
INMU0020548,1987,184,177,206,198,195,182,173,188,187,197,183,190
INMU0020548,1988,196,179,195,192,189,172,164,196,166,162,175,188
INMU0020548,1989,158,187,200,182,201,202,201,196,165,212,190,217
INMU0020548,1990,230,188,218,201,161,207,229,230,205,228,208,210
INMU0020548,1991,218,206,202,204,198,201,218,211,216,206,215,222
INMU0020548,1992,220,210,167,194,196,192,205,194,210,215,213,196
INMU0020548,1993,198,200,227,210,198,216,222,209,210,207,200,196
INMU0020548,1994,192,192,227,219,189,190,213,213,213,222,217,218
INMU0020548,1995,219,185,209,228,227,185,195,205,201,217,201,186
INMU0020548,1996,199,188,211,202,216,191,189,198,199,184,181,186
INMU0020548,1997,196,182,185,178,159,182,184,197,191,201,193,206
INMU0020548,1998,186,180,202,203,197,201,207,206,209,217,208,215
INMU0020548,1999,206,199,221,208,201,211,207,205,207,215,207,188
INMU0020548,2000,213,206,230,214,222,217,225,220,215,234,223,227
INMU0020548,2001,232,211,240,226,229,213,229,227,214,230,214,230
INMU0020548,2002,230,211,221,226,224,217,236,243,222,237,237,239
INMU0020548,2003,223,214,240,234,233,222,237,239,219,239,235,233
INMU0020548,2004,232,226,241,238,231,233,237,240,232,243,238,239
INMU0020548,2005,239,221,234,237,245,232,239,244,239,244,224,237
INMU0020548,2006,231,210,244,237,245,237,242,239,231,247,239,243
INMU0020548,2007,246,218,237,238,238,237,246,239,235,236,236,244
INMU0020548,2008,245,232,241,237,247,239,243,245,239,245,235,243
INMU0020548,2009,245,224,246,237,246,224,247,246,236,247,240,248
INMU0020548,2010,246,224,248,239,248,236,237,246,238,245,240,248
INMU0020548,2011,247,223,243,240,246,200,248,246,240,248,240,246
INMU0020548,2012,248,229,247,240,248,238,248,245,240,247,235,247
INMU0020548,2013,248,223,248,238,245,238,256,248,240,248,237,248
INMU0020548,2014,247,224,248,239,248,239,246,246,238,248,240,248
INMU0020548,2015,248,224,247,240,246,238,248,248,239,248,240,248
INMU0020548,2016,248,225,245,239,247,240,248,248,240,248,236,248
INMU0020548,2017,248,224,248,240,248,239,248,246,240,248,240,247
INMU0020548,2018,247,222,247,232,248,240,244,247,236,246,240,238
INMU0020548,2019,248,223,197,239,247,239,248,248,238,247,237,247
INMU0020548,2020,247,232,246,170,154,240,248,248,239,247,240,248
INMU0020548,2021,248,214,248,237,226,237,248,248,240,247,240,248
INMU0020548,2022,247,223,248,240,246,238,243,236,237,233,237,242
INMU0020548,2023,248,222,245,220,218,235,247,245,232,246,236,231
INMU0020548,2024,247,227,239,211,244,237,241,240,220,244,239,242
INMU0020548,2025,243,209,241,240,244,232,244,228,222,245,237,248
INMU0020548,2026,239,206,0,0,0,0,0,0,0,0,0,0
INU00043003,1954,62,56,62,60,62,60,61,60,60,62,60,62
INU00043003,1955,61,55,60,60,61,60,60,58,60,62,60,62
INU00043003,1956,62,58,61,60,60,60,61,61,60,62,60,61
INU00043003,1957,95,78,85,83,75,71,146,147,153,160,151,149
INU00043003,1958,152,141,155,144,154,147,150,150,146,152,134,143
INU00043003,1959,75,72,88,87,67,73,71,67,71,64,70,67
INU00043003,1960,70,71,78,81,70,72,73,78,71,70,64,70
INU00043003,1961,105,99,147,129,131,127,137,136,131,148,140,136
INU00043003,1962,145,139,148,142,147,145,148,149,141,144,138,151
INU00043003,1963,62,56,62,60,61,59,61,61,60,61,59,61
INU00043149,1954,62,56,62,59,62,60,62,60,60,62,59,62
INU00043149,1955,62,54,60,60,61,60,59,58,60,62,60,61
INU00043149,1956,62,58,62,60,61,59,62,62,60,62,60,61
INU00043149,1957,81,74,77,72,65,67,145,140,140,147,143,142
INU00043149,1958,143,131,146,136,144,142,140,141,142,118,128,138
INU00043149,1959,64,70,70,77,67,57,63,60,58,48,58,66
INU00043149,1960,62,66,68,69,61,56,58,59,65,64,58,60
INU00043149,1961,103,95,146,123,128,124,127,138,130,142,136,133
INU00043149,1962,151,137,144,143,147,146,145,153,129,130,147,146
INU00043149,1963,62,56,59,60,62,56,60,59,60,61,58,59
INU00043339,1954,60,55,62,58,60,59,59,58,59,61,59,56
INU00043339,1955,62,55,60,59,60,58,60,57,57,61,59,61
INU00043339,1956,61,57,62,60,57,59,60,60,60,62,57,58
INU00043339,1957,29,27,31,28,28,28,92,90,90,93,87,91
INU00043339,1958,91,83,92,86,86,89,93,89,89,92,89,92
INU00043339,1959,30,27,30,26,29,27,28,31,25,29,30,30
INU00043339,1960,30,28,29,29,28,27,27,31,29,27,28,30
INU00043339,1961,29,26,29,23,30,29,29,30,29,28,29,24
INU00043339,1962,30,28,28,29,45,42,29,30,29,30,29,31
INU00043339,1963,62,54,58,59,60,60,60,59,59,55,59,55
INU00043193,1956,0,0,0,0,0,0,0,0,0,1,58,58
INU00043193,1957,83,75,75,69,70,59,138,136,139,139,137,139
INU00043193,1958,147,133,145,140,145,141,140,144,144,146,130,138
INU00043193,1959,68,62,77,78,62,61,61,68,62,58,55,58
INU00043193,1960,60,62,67,72,59,57,58,61,62,59,52,67
INU00043193,1961,98,81,138,118,108,113,107,129,131,141,119,130
INU00043193,1962,143,132,142,138,125,132,135,145,131,138,139,143
INU00043193,1963,59,54,62,58,61,58,57,59,60,61,59,60
INMU0020531,1853,597,552,621,598,598,598,598,621,598,598,598,621
INMU0020531,1854,598,552,621,575,621,598,598,621,598,598,598,598
INMU0020531,1855,621,552,621,575,621,598,598,621,575,621,598,598
INMU0020531,1856,621,575,598,598,621,575,621,598,598,621,575,621
INMU0020531,1857,621,552,598,598,598,598,621,598,598,621,575,621
INMU0020531,1858,598,552,621,598,598,598,621,598,598,598,598,621
INMU0020531,1859,598,551,619,597,598,598,598,621,598,598,598,621
INMU0020531,1860,598,575,621,575,621,597,598,621,575,621,598,598
INMU0020531,1861,621,552,598,598,621,575,621,621,575,621,598,598
INMU0020531,1862,621,552,598,598,621,575,621,597,598,621,575,620
INMU0020531,1863,621,552,598,598,598,598,621,598,598,621,575,621
INMU0020531,1864,598,575,621,598,598,598,598,620,598,598,598,621
INMU0020531,1944,116,112,118,120,116,116,124,122,116,120,118,112
INMU0020531,1945,120,102,122,120,118,112,110,114,118,124,114,118
INMU0020531,1946,116,102,118,118,124,116,112,122,120,96,92,120
INMU0020531,1947,118,100,122,120,124,120,118,120,120,122,116,124
INMU0020531,1948,124,116,124,120,122,116,124,122,118,120,120,124
INMU0020531,1954,61,56,62,59,61,60,61,58,59,62,59,61
INMU0020531,1955,62,53,59,58,60,60,60,57,60,60,59,62
INMU0020531,1956,61,56,62,60,59,56,61,61,59,61,60,60
INMU0020531,1957,78,75,78,74,66,69,93,90,90,91,90,94
INMU0020531,1958,93,85,92,88,90,90,93,91,90,93,91,92
INMU0020531,1959,61,68,78,70,64,58,65,67,50,59,55,63
INMU0020531,1960,65,66,72,71,69,50,62,65,68,61,59,60
INMU0020531,1961,103,82,143,127,137,129,130,134,140,142,136,95
INMU0020531,1962,150,133,145,136,148,144,149,150,146,147,145,143
INMU0020531,1963,61,56,62,60,59,57,62,62,59,60,59,60
INMU0020531,1973,171,154,179,144,157,169,178,160,147,156,149,172
INMU0020531,1974,171,162,165,167,152,171,148,182,160,158,157,142
INMU0020531,1975,158,144,155,108,147,144,152,160,119,135,165,150
INMU0020531,1976,173,140,185,130,134,142,152,176,150,141,154,134
INMU0020531,1977,170,157,191,173,168,166,174,190,190,159,163,183
INMU0020531,1978,190,196,227,208,222,198,215,203,196,193,193,185
INMU0020531,1979,203,183,208,221,226,204,225,220,212,225,211,195
INMU0020531,1980,219,221,218,205,222,201,220,231,212,215,215,235
INMU0020531,1981,238,205,231,222,227,217,224,225,209,217,209,228
INMU0020531,1982,220,200,214,207,182,201,215,202,204,203,209,215
INMU0020531,1983,222,194,230,206,192,224,233,227,223,225,223,210
INMU0020531,1984,222,215,229,227,233,214,212,236,224,235,217,227
INMU0020531,1985,240,213,223,226,211,212,225,227,229,231,204,232
INMU0020531,1986,227,208,237,217,225,208,221,192,217,196,205,213
INMU0020531,1987,215,204,220,217,215,207,214,220,211,218,212,223
INMU0020531,1988,227,217,226,220,215,212,196,221,192,146,171,217
INMU0020531,1989,183,197,230,205,220,201,218,210,191,230,228,226
INMU0020531,1990,239,195,230,205,183,218,219,231,203,231,167,219
INMU0020531,1991,227,217,206,213,208,200,218,220,212,216,212,225
INMU0020531,1992,225,214,170,206,209,207,225,199,212,222,227,207
INMU0020531,1993,224,211,234,225,205,213,226,222,219,221,214,208
INMU0020531,1994,213,198,243,223,203,202,220,223,220,228,230,141
INMU0020531,1995,150,159,167,123,89,106,129,136,112,157,158,177
INMU0020531,1996,191,170,197,228,228,221,222,229,222,208,204,216
INMU0020531,1997,217,204,201,211,239,216,216,225,219,224,211,221
INMU0020531,1998,203,194,209,214,219,224,231,218,227,237,218,237
INMU0020531,1999,229,215,234,228,223,235,229,224,228,221,219,212
INMU0020531,2000,226,226,237,225,236,219,228,227,220,235,224,239
INMU0020531,2001,240,222,243,233,237,235,241,236,231,240,233,234
INMU0020531,2002,235,211,237,212,236,223,239,245,229,239,239,238
INMU0020531,2003,244,218,220,237,234,225,247,244,223,234,232,239
INMU0020531,2004,242,227,243,236,246,239,245,245,237,244,237,244
INMU0020531,2005,246,224,242,239,248,239,242,246,240,248,230,242
INMU0020531,2006,238,221,248,236,245,238,247,248,237,248,239,244
INMU0020531,2007,246,221,239,239,238,238,244,240,236,236,237,247
INMU0020531,2008,248,232,244,237,247,240,243,244,238,246,234,244
INMU0020531,2009,247,224,246,237,245,221,246,246,237,247,235,248
INMU0020531,2010,245,224,248,238,247,235,236,246,238,245,239,248
INMU0020531,2011,248,223,241,239,247,200,247,245,240,248,240,246
INMU0020531,2012,248,231,248,240,247,238,248,246,240,247,234,246
INMU0020531,2013,248,222,247,238,246,237,258,248,239,248,237,248
INMU0020531,2014,248,224,248,240,248,239,245,248,239,248,240,248
INMU0020531,2015,247,224,248,239,245,239,248,248,239,248,240,247
INMU0020531,2016,248,225,246,239,247,240,248,248,240,248,237,248
INMU0020531,2017,248,224,248,240,248,239,248,247,240,248,240,245
INMU0020531,2018,248,222,247,231,248,239,246,247,236,246,239,248
INMU0020531,2019,247,224,247,238,247,239,247,248,238,247,237,247
INMU0020531,2020,248,232,248,238,240,240,248,248,237,247,240,248
INMU0020531,2021,248,213,247,240,246,240,245,248,240,248,240,248
INMU0020531,2022,248,223,248,239,244,238,246,240,239,236,239,245
INMU0020531,2023,248,223,242,231,247,238,246,246,233,247,239,235
INMU0020531,2024,247,231,245,213,244,236,242,241,231,247,238,243
INMU0020531,2025,247,215,247,240,247,235,247,231,224,245,239,248
INMU0020531,2026,244,206,0,0,0,0,0,0,0,0,0,0
INU00043541,1955,0,0,0,0,7,17,16,16,12,8,0,0
INU00043541,1956,2,0,0,0,1,14,10,3,10,8,5,5
INU00043541,1957,4,8,1,0,1,4,10,18,8,5,1,1
INU00043541,1958,0,4,2,0,9,20,18,16,21,6,1,1
INU00043541,1959,3,2,2,1,7,17,25,6,3,6,0,0
INU00043541,1960,0,0,0,0,5,14,9,11,14,22,0,0
INU00043541,1961,0,0,0,0,1,8,10,0,7,8,3,1
INU00043541,1962,0,1,0,0,1,7,16,7,6,3,7,2
INU00043541,1963,0,0,0,0,6,9,19,17,15,16,7,0
INU00043237,1954,61,56,62,58,62,60,61,59,60,61,59,61
INU00043237,1955,62,55,60,60,62,59,60,58,60,60,60,62
INU00043237,1956,62,58,62,60,60,57,60,60,59,62,59,61
INU00043237,1957,82,74,80,64,56,58,92,93,89,92,89,93
INU00043237,1958,93,83,93,90,92,88,92,91,89,92,89,92
INU00043237,1959,69,67,78,77,62,57,70,65,58,58,58,63
INU00043237,1960,65,67,62,74,63,61,61,57,61,62,63,55
INU00043237,1961,99,87,133,116,117,122,129,137,132,143,135,134
INU00043237,1962,146,136,141,136,141,136,142,145,140,141,136,139
INU00043237,1963,62,53,62,59,61,59,60,61,58,59,60,61
INU042071-1,2004,0,0,0,0,0,0,0,0,0,0,1,1
INU042071-1,2010,0,0,0,0,0,0,1,0,0,0,0,0
INU00043279,1954,62,56,62,60,62,60,62,60,60,62,59,60
INU00043279,1955,61,55,61,60,62,60,60,56,60,62,60,62
INU00043279,1956,62,58,62,60,60,60,61,62,60,62,58,61
INU00043279,1957,86,78,83,74,74,68,92,92,92,94,91,95
INU00043279,1958,95,86,93,92,93,90,93,93,93,95,91,95
INU00043279,1959,64,77,78,81,72,67,65,67,65,65,70,66
INU00043279,1960,69,66,77,77,72,67,74,71,72,67,61,69
INU00043279,1961,104,100,145,133,144,133,142,141,134,142,144,143
INU00043279,1962,146,137,149,141,149,146,150,151,145,148,148,147
INU00043279,1963,62,55,62,60,62,59,61,59,58,59,59,61
INU00043344,1954,60,55,62,58,61,60,62,57,59,62,59,61
INU00043344,1955,62,55,61,60,62,59,60,58,59,62,59,62
INU00043344,1956,61,58,62,59,59,59,59,62,60,61,57,61
INU00043344,1957,85,76,81,76,71,71,92,92,90,93,88,92
INU00043344,1958,92,80,91,90,90,90,92,91,89,93,88,93
INU00043344,1959,71,69,74,75,67,67,65,62,61,53,60,61
INU00043344,1960,64,60,70,78,64,51,59,65,62,67,61,63
INU00043344,1961,103,97,144,127,134,128,133,135,131,142,137,137
INU00043344,1962,144,137,142,143,146,143,146,147,143,147,146,144
INU00043344,1963,61,54,59,59,61,56,60,60,58,59,60,60
INU042361-1,2004,0,0,0,0,0,0,0,4,0,0,0,0
INU042361-1,2008,0,0,0,0,1,0,0,0,0,0,0,0
INU042623-1,2009,0,0,0,0,0,0,0,0,0,1,0,0
INU00048109,1955,1,0,14,64,75,39,68,65,70,87,81,76
INU00048109,1956,78,67,27,0,1,42,68,72,62,45,44,44
INU00048109,1957,35,31,1,3,51,35,25,0,1,0,31,55
INU00048109,1958,43,53,41,19,47,62,58,59,64,6,32,36
INU00048109,1959,39,65,44,48,47,60,71,62,74,26,25,81
INU00048109,1960,77,93,147,134,137,136,139,129,121,142,146,147
INU00048109,1961,94,93,112,114,130,106,128,126,111,106,80,107
INU00048109,1962,88,97,126,123,103,95,104,111,22,50,92,91
INU00048109,1963,73,75,96,83,60,70,74,14,5,9,7,15
INU00048109,1964,11,11,12,13,27,42,73,89,93,85,93,105
INU00048109,1965,97,104,124,132,128,115,123,0,0,0,0,0
INU042123-1,1944,56,53,59,57,58,59,58,61,60,53,50,60
INU042123-1,1945,59,54,62,56,61,55,57,57,60,60,58,61
INU042123-1,1946,61,49,60,60,62,46,45,41,50,44,41,55
INU042123-1,1947,57,50,59,51,56,51,47,32,33,49,41,51
INU042123-1,1948,52,51,61,60,56,59,59,59,59,56,58,59
INU042123-1,1954,61,55,62,60,61,58,62,58,59,60,59,58
INU042123-1,1955,61,55,59,57,61,59,57,56,60,60,59,61
INU042123-1,1956,62,58,61,60,59,57,55,61,59,61,56,58
INU042123-1,1957,83,73,80,79,82,63,71,74,74,79,82,65
INU042123-1,1958,80,76,80,85,78,81,70,78,77,80,56,63
INU042123-1,1959,67,69,80,82,65,72,72,63,70,70,62,69
INU042123-1,1960,66,76,74,75,77,49,29,28,30,28,27,25
INU042123-1,1961,100,95,142,132,137,126,142,140,137,146,128,141
INU042123-1,1962,141,135,137,138,147,140,141,145,146,146,148,148
INU042123-1,1963,60,53,60,57,60,57,55,57,55,59,59,57
INU042123-1,1973,113,99,129,114,90,82,100,86,101,99,98,78
INU042123-1,1974,98,74,108,93,80,84,100,92,66,86,79,78
INU042123-1,1975,98,87,73,65,51,55,79,87,76,77,86,57
INU042123-1,1976,61,51,73,81,109,105,86,96,84,92,79,90
INU042123-1,1977,87,94,105,97,109,100,108,120,104,99,95,96
INU042123-1,1978,101,109,118,113,117,106,111,111,103,3,0,2
INU042123-1,1979,4,5,0,0,0,0,0,0,0,0,0,0
INU042123-1,1983,0,0,0,0,33,33,5,2,11,34,35,33
INU042123-1,1984,37,45,61,65,51,63,78,63,61,60,76,42
INU042123-1,1985,64,56,54,63,59,60,50,64,43,68,37,39
INU042123-1,1986,56,59,55,47,31,20,32,27,10,18,28,51
INU042123-1,1987,45,42,41,22,40,14,19,11,29,6,14,21
INU042123-1,1988,37,28,10,3,3,4,31,25,14,5,10,16
INU042123-1,1989,7,20,20,25,15,5,20,12,15,15,22,26
INU042123-1,1990,19,17,12,8,8,8,12,2,2,7,12,7
INU042123-1,1991,10,24,21,19,12,11,7,9,4,6,3,1
INU042123-1,1992,4,5,6,1,16,5,8,13,8,7,8,9
INU042123-1,1993,6,3,9,3,7,13,9,10,18,18,19,23
INU042123-1,1994,28,32,11,25,22,18,5,10,9,7,7,15
INU042123-1,1995,4,7,50,66,69,55,77,78,38,15,10,11
INU042123-1,1996,11,7,15,15,13,11,10,15,22,28,41,37
INU042123-1,1997,40,30,25,10,5,2,1,6,1,1,0,1
INU042123-1,1998,0,1,23,22,3,0,0,1,0,0,0,1
INU042123-1,1999,0,0,0,0,1,1,0,0,0,1,3,3
INU042123-1,2000,2,0,0,0,0,1,0,0,0,0,0,0
INU042123-1,2001,0,84,88,104,113,89,96,72,100,108,106,106
INU042123-1,2002,97,88,73,85,79,76,78,92,100,108,107,98
INU042123-1,2003,93,81,87,90,100,93,66,60,57,75,109,114
INU042123-1,2004,116,108,108,117,116,115,117,91,115,118,112,121
INU042123-1,2005,116,111,116,118,119,108,113,117,110,121,115,110
INU042123-1,2006,97,59,99,112,33,49,19,19,80,110,111,110
INU042123-1,2007,113,99,108,115,118,119,123,116,117,119,112,124
INU042123-1,2008,117,100,115,117,122,119,121,115,119,119,113,109
INU042123-1,2009,120,114,121,118,124,104,122,124,114,121,120,118
INU042123-1,2010,122,110,122,113,122,119,112,121,118,112,120,115
INU042123-1,2011,123,111,121,120,121,101,124,123,108,118,118,124
INU042123-1,2012,124,113,122,120,122,119,123,123,119,123,120,124
INU042123-1,2013,122,105,124,119,123,119,125,123,118,124,117,123
INU042123-1,2014,123,111,121,120,124,119,122,123,118,123,119,124
INU042123-1,2015,123,109,124,120,124,120,123,124,119,124,120,217
INU042123-1,2016,245,224,244,238,248,239,244,245,239,248,239,246
INU042123-1,2017,247,223,248,236,244,237,244,241,236,240,232,245
INU042123-1,2018,240,220,244,231,241,236,240,241,228,243,236,245
INU042123-1,2019,243,224,242,239,245,232,247,247,238,245,235,241
INU042123-1,2020,238,230,246,239,247,235,248,244,235,248,238,248
INU042123-1,2021,247,212,248,240,248,238,248,248,239,247,238,248
INU042123-1,2022,248,223,248,238,239,237,240,246,236,243,238,247
INU042123-1,2023,243,221,245,239,248,236,245,242,232,247,238,234
INU042123-1,2024,248,230,242,214,245,237,242,244,236,247,237,244
INU042123-1,2025,246,215,245,240,247,234,246,232,225,246,238,246
INU042123-1,2026,242,207,0,0,0,0,0,0,0,0,0,0
INU042475-1,1942,0,0,0,0,0,0,77,557,599,619,584,367
INU042475-1,1943,372,335,390,389,402,331,341,339,329,418,719,744
INU042475-1,1944,744,696,744,720,744,720,326,60,59,60,58,61
INU042475-1,1945,61,56,61,58,63,719,743,744,712,61,58,59
INU042475-1,1946,61,50,61,59,61,48,51,56,57,44,42,61
INU042475-1,1947,61,55,58,59,59,56,58,58,53,59,58,55
INU042475-1,1948,44,55,55,52,57,56,57,59,59,58,59,55
INU042475-1,1954,62,56,61,60,62,60,62,60,59,62,59,61
INU042475-1,1955,62,55,61,59,62,59,60,58,60,61,60,61
INU042475-1,1956,61,57,60,59,56,59,61,61,59,62,59,57
INU042475-1,1957,93,82,84,87,80,69,147,153,151,161,154,148
INU042475-1,1958,161,143,162,152,159,149,152,149,150,162,141,143
INU042475-1,1959,82,89,98,93,72,70,70,61,72,65,73,71
INU042475-1,1960,72,76,84,78,72,59,68,64,77,71,59,57
INU042475-1,1961,97,95,144,134,140,134,135,143,134,144,138,143
INU042475-1,1962,150,137,145,141,149,139,147,151,143,152,142,151
INU042475-1,1963,59,54,58,58,61,54,57,56,57,57,57,61
INU042475-1,1973,120,153,163,158,161,132,159,120,134,144,118,98
INU042475-1,1974,78,69,121,101,97,85,55,100,119,135,119,144
INU042475-1,1975,119,128,145,113,150,114,180,145,144,135,153,146
INU042475-1,1976,130,130,144,145,153,120,118,146,112,148,112,118
INU042475-1,1977,123,140,163,143,160,138,125,177,184,166,183,174
INU042475-1,1978,177,171,193,183,181,153,133,181,146,197,165,181
INU042475-1,1979,178,163,191,178,188,164,194,193,169,167,145,198
INU042475-1,1980,182,164,203,188,191,193,174,179,154,213,206,167
INU042475-1,1981,209,193,197,195,186,174,191,171,193,116,141,144
INU042475-1,1982,129,125,148,151,97,56,87,98,67,120,122,95
INU042475-1,1983,105,123,158,143,115,93,122,107,128,119,139,116
INU042475-1,1984,119,59,106,88,30,30,90,96,72,92,84,122
INU042475-1,1985,96,109,143,127,58,69,77,104,76,79,166,101
INU042475-1,1986,144,127,149,130,113,90,76,51,88,101,46,87
INU042475-1,1987,137,103,101,15,37,85,77,101,88,173,125,133
INU042475-1,1988,187,122,119,47,156,158,147,136,78,113,152,123
INU042475-1,1989,126,123,118,35,118,157,117,159,77,105,111,95
INU042475-1,1990,120,126,67,62,61,15,11,19,43,72,86,60
INU042475-1,1991,156,147,149,115,76,87,132,80,29,107,26,28
INU042475-1,1992,35,17,30,79,40,83,46,10,22,79,97,71
INU042475-1,1993,135,177,151,116,141,160,119,158,174,192,158,159
INU042475-1,1994,139,139,191,108,106,96,101,104,106,158,113,110
INU042475-1,1995,120,175,168,139,76,39,99,43,54,59,72,140
INU042475-1,1996,123,159,78,55,141,131,104,184,169,186,115,95
INU042475-1,1997,180,172,160,140,117,93,155,73,112,201,137,118
INU042475-1,1998,93,112,113,141,118,135,105,119,120,184,145,144
INU042475-1,1999,98,104,148,122,137,113,147,136,101,175,127,131
INU042475-1,2000,137,154,169,117,50,37,75,182,89,148,157,112
INU042475-1,2001,168,107,114,92,168,161,185,175,180,215,194,195
INU042475-1,2002,174,170,167,173,160,157,197,188,171,178,191,190
INU042475-1,2003,159,140,147,77,153,169,179,190,177,197,177,193
INU042475-1,2004,154,182,192,197,197,185,157,189,174,216,195,193
INU042475-1,2005,187,157,194,190,182,197,180,194,165,221,190,199
INU042475-1,2006,193,179,207,200,210,200,214,201,200,217,183,204
INU042475-1,2007,209,206,195,203,206,196,172,203,190,212,195,209
INU042475-1,2008,210,182,204,226,228,220,211,226,229,243,227,216
INU042475-1,2009,219,207,228,220,237,209,242,237,219,237,226,228
INU042475-1,2010,233,208,232,228,234,223,224,237,232,242,233,240
INU042475-1,2011,232,217,239,230,241,191,229,229,230,244,214,216
INU042475-1,2012,223,218,210,212,193,204,207,220,221,214,210,224
INU042475-1,2013,208,192,216,215,214,211,220,216,198,222,207,207
INU042475-1,2014,225,196,210,129,6,2,2,1,0,0,0,0
INU042475-1,2015,1,0,0,1,1,2,1,2,0,0,0,1
INU042475-1,2016,0,2,6,0,1,1,1,0,0,0,0,0
INU042475-1,2017,1,0,0,4,0,0,1,0,0,0,0,0
INU042475-1,2018,0,0,0,0,1,0,0,0,0,73,370,24
INU042475-1,2021,0,0,0,26,0,0,0,0,0,5,1,0
INU042475-1,2022,0,0,0,0,0,0,0,1,20,50,51,47
INU042475-1,2023,49,18,44,38,93,63,46,61,68,70,25,106
INU042475-1,2024,436,507,402,78,67,137,37,94,48,40,49,32
INU042475-1,2025,16,6,6,1,0,0,1,0,0,0,0,0
INU042452-1,1973,30,35,34,32,37,31,31,30,29,31,45,29
INU042452-1,1974,52,37,42,59,46,52,57,40,55,68,60,76
INU042452-1,1975,88,88,81,76,58,60,90,67,25,33,25,27
INU042452-1,1976,32,10,34,26,2,2,0,3,0,1,2,117
INU042452-1,1977,129,132,129,113,146,137,149,148,136,144,149,157
INU042452-1,1978,171,185,209,185,186,200,194,204,185,162,158,166
INU042452-1,1979,165,165,179,217,224,213,220,213,217,231,198,223
INU042452-1,1980,227,206,224,216,229,209,202,225,222,203,208,230
INU042452-1,1981,216,198,225,220,215,205,184,210,186,206,206,221
INU042452-1,1982,197,185,208,188,188,195,188,163,170,184,191,186
INU042452-1,1983,194,180,200,179,193,158,182,167,175,204,197,202
INU042452-1,1984,207,188,197,193,190,187,189,193,176,198,192,200
INU042452-1,1985,204,186,201,182,176,185,194,207,182,204,191,199
INU042452-1,1986,194,176,186,184,179,171,183,175,188,162,154,196
INU042452-1,1987,180,166,175,161,155,174,183,180,167,193,179,196
INU042452-1,1988,179,174,171,172,181,170,172,176,164,144,159,164
INU042452-1,1989,151,137,163,169,154,148,127,142,114,181,184,179
INU042452-1,1990,178,158,181,141,147,136,107,90,85,115,146,150
INU042452-1,1991,190,150,166,177,153,155,113,161,164,176,186,171
INU042452-1,1992,163,174,188,195,175,182,153,147,155,187,188,179
INU042452-1,1993,175,168,192,171,178,179,183,173,154,165,169,169
INU042452-1,1994,161,147,171,97,136,138,117,130,154,159,158,167
INU042452-1,1995,143,121,134,158,168,141,157,151,151,161,171,160
INU042452-1,1996,178,163,133,126,131,148,154,154,156,154,138,147
INU042452-1,1997,162,152,134,99,110,115,126,119,133,158,152,107
INU042452-1,1998,115,130,143,141,127,134,124,123,144,157,144,159
INU042452-1,1999,131,111,129,126,130,121,122,108,105,145,115,100
INU042452-1,2000,117,137,166,116,160,174,189,183,176,206,196,203
INU042452-1,2001,194,187,195,203,212,183,132,169,187,195,197,179
INU042452-1,2002,193,188,213,191,205,158,200,211,206,229,230,230
INU042452-1,2003,233,217,235,219,226,220,213,229,207,226,220,230
INU042452-1,2004,222,225,211,229,225,219,229,182,226,235,225,229
INU042452-1,2005,225,218,232,226,237,223,227,242,231,229,228,236
INU042452-1,2006,225,207,241,233,245,224,243,237,224,230,229,228
INU042452-1,2007,235,209,218,226,224,219,243,229,228,227,223,235
INU042452-1,2008,233,202,243,229,240,227,238,237,234,244,226,237
INU042452-1,2009,236,218,241,235,246,219,245,246,229,247,239,241
INU042452-1,2010,246,223,246,239,245,238,235,246,238,248,239,238
INU042452-1,2011,246,222,245,240,245,199,245,243,237,246,236,245
INU042452-1,2012,244,231,246,240,245,236,248,246,240,246,237,245
INU042452-1,2013,247,223,246,237,243,239,248,243,237,248,229,246
INU042452-1,2014,246,221,245,235,245,237,242,247,234,246,238,247
INU042452-1,2015,246,222,245,232,243,222,235,230,229,239,229,243
INU042452-1,2016,242,223,243,236,249,239,240,248,392,355,311,359
INU042452-1,2017,356,312,364,350,388,355,375,391,402,361,235,243
INU042452-1,2018,243,224,251,238,246,237,242,246,238,292,328,327
INU042452-1,2019,261,318,370,388,402,340,331,358,354,387,264,235
INU042452-1,2020,239,231,252,239,249,250,276,266,285,294,252,263
INU042452-1,2021,263,230,298,247,249,243,252,250,242,251,240,247
INU042452-1,2022,244,225,247,237,226,229,235,238,234,237,240,245
INU042452-1,2023,246,224,244,241,247,235,245,243,232,246,236,226
INU042452-1,2024,243,229,242,212,245,238,238,244,234,244,238,242
INU042452-1,2025,244,215,245,239,247,234,245,230,224,244,236,246
INU042452-1,2026,239,203,0,0,0,0,0,0,0,0,0,0
INU042921-1,2009,0,0,0,0,0,0,0,0,0,1,0,0
INU042542-1,1975,0,0,0,0,0,0,0,7,5,6,15,3
INU042542-1,1976,7,4,14,8,0,2,0,0,2,4,1,78
INU042542-1,1977,69,76,94,87,77,91,87,94,83,94,96,96
INU042542-1,1978,98,101,111,113,113,112,116,113,110,1,0,0
INU042542-1,1979,1,3,1,2,0,1,10,0,0,0,1,1
INU042542-1,1980,1,0,0,0,0,0,0,0,0,0,0,0
INU042542-1,1983,0,10,28,47,40,29,11,2,15,35,36,39
INU042542-1,1984,46,46,69,79,59,46,71,46,53,45,55,46
INU042542-1,1985,66,59,67,61,62,62,54,58,59,70,42,47
INU042542-1,1986,46,59,52,56,36,24,35,23,20,26,25,50
INU042542-1,1987,37,38,40,30,35,16,24,6,18,3,18,31
INU042542-1,1988,45,43,15,5,6,6,33,13,8,7,4,8
INU042542-1,1989,2,10,11,20,10,3,9,4,2,15,17,20
INU042542-1,1990,22,14,13,8,9,6,12,6,0,4,6,3
INU042542-1,1991,11,13,14,10,12,8,1,7,4,3,2,2
INU042542-1,1992,3,5,3,3,19,5,6,7,5,6,4,3
INU042542-1,1993,3,2,2,1,6,9,8,3,9,10,11,8
INU042542-1,1994,7,9,6,12,6,2,2,4,2,1,1,5
INU042542-1,1995,3,1,25,47,42,39,51,52,19,1,3,3
INU042542-1,1996,6,3,2,2,9,4,3,7,7,15,25,21
INU042542-1,1997,16,15,11,5,6,2,0,5,1,0,0,0
INU042542-1,1998,0,0,16,17,3,0,0,0,0,1,0,0
INU042542-1,2000,0,0,1,0,0,0,0,0,0,0,0,0
INU042542-1,2001,0,82,106,100,105,93,71,55,87,96,99,86
INU042542-1,2002,81,70,58,58,61,56,78,71,71,72,78,76
INU042542-1,2003,83,64,81,67,99,91,65,60,57,70,110,113
INU042542-1,2004,116,108,108,117,116,110,117,91,116,118,110,121
INU042542-1,2005,117,110,116,116,121,109,109,117,110,121,115,110
INU042542-1,2006,98,61,99,112,32,52,19,22,81,115,109,109
INU042542-1,2007,112,106,113,116,119,115,122,118,115,117,109,123
INU042542-1,2008,116,93,117,114,120,115,121,120,120,118,116,108
INU042542-1,2009,116,115,121,120,123,104,123,124,113,118,118,124
INU042542-1,2010,121,108,121,119,124,120,117,118,118,123,118,119
INU042542-1,2011,123,111,122,120,121,100,124,121,108,119,115,124
INU042542-1,2012,120,112,123,119,123,119,122,120,120,123,119,123
INU042542-1,2013,124,111,122,118,123,119,126,123,115,124,117,123
INU042542-1,2014,123,111,123,120,124,119,121,121,118,122,119,123
INU042542-1,2015,124,111,124,119,124,120,124,123,119,124,120,436
INU042542-1,2016,517,462,510,464,519,479,488,532,445,547,810,770
INU042542-1,2017,756,737,762,793,856,856,833,845,703,664,502,588
INU042542-1,2018,657,705,781,756,518,627,525,514,571,682,642,630
INU042542-1,2019,629,592,750,752,803,801,736,747,678,759,708,711
INU042542-1,2020,529,589,596,180,273,534,503,530,583,588,480,656
INU042542-1,2021,617,637,770,767,622,606,757,780,768,890,989,1013
INU042542-1,2022,1030,918,1011,929,932,838,866,957,944,947,927,972
INU042542-1,2023,988,895,940,939,985,893,951,948,928,974,960,959
INU042542-1,2024,1039,950,998,886,1029,984,930,1015,982,1032,985,996
INU042542-1,2025,1016,917,936,686,998,965,993,964,908,1047,1084,1087
INU042542-1,2026,1078,904,0,0,0,0,0,0,0,0,0,0
INU042634-1,1944,58,57,60,57,57,59,60,56,60,60,59,62
INU042634-1,1945,59,56,60,60,61,55,58,58,60,59,57,59
INU042634-1,1946,62,47,59,58,62,56,46,60,60,47,46,60
INU042634-1,1947,61,50,62,59,62,60,57,60,60,62,59,58
INU042634-1,1948,61,56,62,58,57,58,58,58,60,60,60,61
INU042634-1,1954,58,56,61,60,61,58,62,59,60,62,59,62
INU042634-1,1955,61,54,61,59,61,60,59,55,58,60,60,62
INU042634-1,1956,62,58,61,52,60,58,59,60,60,62,59,60
INU042634-1,1957,85,69,79,69,75,59,134,132,136,136,133,134
INU042634-1,1958,146,138,144,143,146,142,140,149,142,147,130,140
INU042634-1,1959,65,67,75,73,60,65,56,68,64,54,63,61
INU042634-1,1960,66,67,73,68,64,56,52,62,65,68,55,60
INU042634-1,1961,95,78,133,116,130,115,120,133,110,138,136,124
INU042634-1,1962,141,137,137,138,140,123,138,134,137,131,132,147
INU042634-1,1963,61,56,59,59,58,57,59,59,60,61,59,57
INU042634-1,1973,178,162,187,173,167,127,161,161,148,164,155,174
INU042634-1,1974,169,159,177,160,150,124,91,166,140,165,174,170
INU042634-1,1975,172,160,166,145,135,110,137,157,139,142,158,171
INU042634-1,1976,168,150,185,158,157,112,134,148,149,156,152,169
INU042634-1,1977,170,166,183,188,139,170,172,188,194,181,164,180
INU042634-1,1978,171,181,211,193,189,194,202,209,200,202,190,187
INU042634-1,1979,192,165,202,216,207,197,208,179,211,202,201,218
INU042634-1,1980,220,204,209,189,180,166,189,202,186,184,195,203
INU042634-1,1981,211,186,202,191,191,160,144,176,149,170,163,194
INU042634-1,1982,168,164,170,167,164,168,173,161,174,123,119,178
INU042634-1,1983,146,149,133,148,155,169,159,181,190,189,174,167
INU042634-1,1984,172,185,189,161,138,152,120,182,202,174,164,195
INU042634-1,1985,193,180,185,157,148,174,169,191,183,173,185,168
INU042634-1,1986,192,166,154,145,167,144,125,143,158,123,118,168
INU042634-1,1987,183,168,171,162,197,193,175,182,187,190,207,180
INU042634-1,1988,186,184,197,196,184,163,171,183,181,136,201,200
INU042634-1,1989,175,166,177,190,225,195,180,230,208,219,194,215
INU042634-1,1990,216,182,227,223,184,172,206,209,202,244,190,208
INU042634-1,1991,220,198,229,218,210,215,226,206,211,212,203,223
INU042634-1,1992,211,210,202,208,221,206,188,183,217,198,189,176
INU042634-1,1993,156,193,219,218,232,220,229,234,223,230,218,230
INU042634-1,1994,217,212,233,235,226,228,205,224,214,219,227,234
INU042634-1,1995,229,217,221,223,235,216,228,210,215,233,222,232
INU042634-1,1996,227,217,236,229,239,225,226,228,213,227,225,237
INU042634-1,1997,237,215,223,210,222,199,223,227,229,231,205,227
INU042634-1,1998,210,196,226,206,229,206,203,220,222,225,216,226
INU042634-1,1999,206,211,220,199,210,188,224,205,195,209,213,214
INU042634-1,2000,209,209,228,199,234,185,203,222,204,230,209,225
INU042634-1,2001,195,1,55,58,58,52,52,88,227,217,205,231
INU042634-1,2002,236,212,219,229,225,205,223,233,232,222,229,220
INU042634-1,2003,230,203,225,198,237,185,225,231,216,214,235,240
INU042634-1,2004,207,208,239,234,242,216,239,243,236,245,234,240
INU042634-1,2005,235,221,240,238,245,234,229,231,233,242,230,240
INU042634-1,2006,236,214,246,238,244,228,247,244,240,244,238,240
INU042634-1,2007,246,223,237,236,234,230,239,234,233,234,225,239
INU042634-1,2008,235,227,246,238,245,236,242,244,236,246,236,238
INU042634-1,2009,240,221,244,235,245,221,250,247,238,248,236,245
INU042634-1,2010,246,222,246,239,245,228,234,247,226,242,233,245
INU042634-1,2011,244,221,234,236,242,192,237,233,237,243,234,241
INU042634-1,2012,241,229,243,235,246,230,248,243,239,243,233,245
INU042634-1,2013,248,220,248,238,241,232,247,246,236,247,237,247
INU042634-1,2014,248,224,248,239,248,240,247,248,239,248,240,248
INU042634-1,2015,248,222,247,240,244,239,248,246,238,248,239,247
INU042634-1,2016,248,230,247,240,247,240,248,248,240,248,239,248
INU042634-1,2017,247,224,248,240,248,238,246,245,239,245,240,246
INU042634-1,2018,247,223,246,238,248,240,248,248,237,247,239,247
INU042634-1,2019,247,224,245,240,248,240,247,248,239,248,238,248
INU042634-1,2020,248,231,247,237,248,237,246,248,236,248,240,247
INU042634-1,2021,248,214,247,239,244,237,245,246,240,247,241,248
INU042634-1,2022,248,224,248,240,246,238,245,244,250,280,282,275
INU042634-1,2023,277,227,260,252,308,292,272,294,273,286,256,313
INU042634-1,2024,624,617,487,280,305,342,274,296,263,261,271,255
INU042634-1,2025,253,222,246,240,242,237,245,230,223,245,237,248
INU042634-1,2026,202,105,0,0,0,0,0,0,0,0,0,0
INMU0020507,1944,116,116,118,116,116,118,124,124,118,120,118,122
INMU0020507,1945,124,112,120,120,124,114,116,116,120,120,114,120
INMU0020507,1946,116,96,120,120,120,120,84,122,118,94,92,122
INMU0020507,1947,118,90,124,118,118,118,116,118,116,122,116,124
INMU0020507,1948,122,116,122,120,110,120,124,120,118,118,116,110
INMU0020507,1954,62,55,62,60,62,60,62,60,60,62,60,60
INMU0020507,1955,62,55,61,59,61,59,60,58,59,61,60,62
INMU0020507,1956,62,58,61,60,60,60,62,59,60,60,58,60
INMU0020507,1957,94,82,82,76,73,65,147,151,149,152,155,153
INMU0020507,1958,156,135,160,146,158,151,151,152,150,153,135,142
INMU0020507,1959,72,84,88,82,64,70,69,71,69,65,68,63
INMU0020507,1960,64,74,84,81,72,63,72,71,70,66,63,63
INMU0020507,1961,103,97,138,127,135,134,132,132,136,135,135,137
INMU0020507,1962,147,136,151,142,149,143,143,145,133,142,142,144
INMU0020507,1963,61,55,61,58,54,57,59,60,60,60,59,58
INMU0020507,1973,188,163,200,186,206,201,202,166,171,181,174,177
INMU0020507,1974,185,173,185,191,193,192,189,190,183,185,193,184
INMU0020507,1975,186,175,195,181,178,177,189,193,174,179,194,191
INMU0020507,1976,179,166,184,167,182,163,178,185,162,171,168,177
INMU0020507,1977,181,185,216,215,175,199,202,215,213,203,200,216
INMU0020507,1978,194,209,231,224,231,213,209,219,205,218,205,200
INMU0020507,1979,208,180,218,224,234,223,219,221,222,223,224,227
INMU0020507,1980,233,218,227,219,226,206,222,222,211,230,226,235
INMU0020507,1981,234,202,230,230,227,203,216,223,198,228,203,216
INMU0020507,1982,204,195,216,196,204,207,216,199,200,213,206,200
INMU0020507,1983,220,195,216,184,198,214,193,221,208,214,217,213
INMU0020507,1984,212,212,217,221,196,191,153,208,215,213,187,215
INMU0020507,1985,221,202,222,196,207,198,191,216,211,213,221,209
INMU0020507,1986,228,202,212,206,208,194,176,184,204,184,157,187
INMU0020507,1987,212,198,212,195,224,210,209,218,204,237,225,197
INMU0020507,1988,199,215,204,211,224,200,199,212,199,146,205,210
INMU0020507,1989,195,192,190,208,231,214,198,232,209,228,209,225
INMU0020507,1990,226,200,231,228,196,215,221,224,212,242,217,222
INMU0020507,1991,228,211,233,229,221,220,230,236,226,227,221,223
INMU0020507,1992,236,226,213,230,232,227,234,229,231,224,227,234
INMU0020507,1993,230,215,235,234,240,232,239,239,226,233,224,229
INMU0020507,1994,223,213,237,237,226,228,234,234,229,225,235,236
INMU0020507,1995,234,216,232,230,238,225,238,238,221,243,228,237
INMU0020507,1996,235,579,608,614,648,591,560,623,580,529,539,558
INMU0020507,1997,592,531,615,566,548,540,586,532,547,554,539,549
INMU0020507,1998,513,551,565,558,592,529,526,475,469,541,464,553
INMU0020507,1999,498,475,547,500,490,466,529,522,518,549,625,645
INMU0020507,2000,661,698,760,727,676,681,656,636,584,645,642,655
INMU0020507,2001,509,518,654,599,650,700,754,743,764,665,647,748
INMU0020507,2002,698,646,607,677,737,587,523,525,510,595,679,651
INMU0020507,2003,703,562,671,666,712,762,746,746,795,979,804,784
INMU0020507,2004,800,731,815,859,847,825,879,878,867,860,850,879
INMU0020507,2005,887,798,891,848,907,864,877,897,856,890,844,875
INMU0020507,2006,865,742,854,861,877,837,893,885,840,868,849,870
INMU0020507,2007,881,796,839,874,903,882,901,858,853,893,848,902
INMU0020507,2008,893,800,891,883,924,892,895,886,878,918,856,884
INMU0020507,2009,904,824,943,1520,1620,1525,1532,1607,1575,1612,1536,1566
INMU0020507,2010,1614,1356,1611,1192,1624,1554,1544,1586,1487,1609,1559,1571
INMU0020507,2011,1590,1394,1602,1550,1603,1516,1594,1560,1548,1600,1498,1531
INMU0020507,2012,1582,1456,1426,1477,1587,1560,1560,1566,1447,1480,1446,1437
INMU0020507,2013,1496,1306,1553,1424,1553,1476,1513,1515,1470,1531,1426,1443
INMU0020507,2014,1417,1311,1444,1446,1554,1487,1475,1495,1187,1430,1366,1442
INMU0020507,2015,1436,1309,1418,1277,1367,1251,1308,1172,1388,1304,1255,1359
INMU0020507,2016,1429,1308,1379,1372,1437,1354,1455,1435,1394,1407,1163,1412
INMU0020507,2017,1418,1294,1435,1420,1452,1408,1476,1468,1427,1416,1353,1435
INMU0020507,2018,1424,1333,1478,1401,1474,1428,1440,1475,1331,1461,1382,1416
INMU0020507,2019,1454,1270,1355,1289,1365,1431,1445,1474,1370,1429,1409,1477
INMU0020507,2020,1480,1377,1432,1409,1458,1318,1468,1478,1414,1420,1381,1468
INMU0020507,2021,1390,1067,1452,1415,1453,1402,1474,1460,1420,1468,1421,1473
INMU0020507,2022,1472,1303,1446,1413,1469,1431,1462,1457,1422,1439,1427,1441
INMU0020507,2023,1479,1319,1450,1415,1472,1402,1465,1466,1390,1455,1421,1465
INMU0020507,2024,1474,1379,1472,1410,1468,1426,1420,1458,1413,1479,1422,1411
INMU0020507,2025,1471,1307,1395,897,1423,1371,1415,1334,1275,1412,1432,1481
INMU0020507,2026,1464,1219,0,0,0,0,0,0,0,0,0,0
INU042754-1,1944,57,58,60,58,58,57,62,62,59,60,59,61
INU042754-1,1945,62,55,61,59,60,56,58,58,60,61,58,60
INU042754-1,1946,62,51,59,60,62,59,59,61,60,48,46,62
INU042754-1,1947,62,54,62,59,62,60,60,61,60,62,60,62
INU042754-1,1948,60,58,61,59,57,56,59,59,59,60,60,62
INU042754-1,1954,62,56,62,57,61,60,59,60,59,62,59,59
INU042754-1,1955,61,55,61,60,62,60,59,58,59,61,60,62
INU042754-1,1956,62,58,61,60,58,60,62,61,59,62,60,60
INU042754-1,1957,84,69,78,75,71,65,145,142,147,149,147,144
INU042754-1,1958,148,136,151,143,151,145,148,147,147,150,135,134
INU042754-1,1959,61,68,80,74,60,60,65,67,66,69,61,59
INU042754-1,1960,64,65,78,70,70,61,58,57,68,62,60,63
INU042754-1,1961,94,89,139,121,127,121,124,136,129,140,127,139
INU042754-1,1962,147,133,134,134,138,132,140,147,132,143,134,141
INU042754-1,1963,62,56,59,59,60,56,60,59,60,60,58,59
INU042754-1,1973,120,117,140,120,120,124,115,113,112,116,103,140
INU042754-1,1974,143,146,169,160,161,151,152,153,155,177,151,147
INU042754-1,1975,161,153,176,144,139,145,142,148,152,147,149,145
INU042754-1,1976,160,145,167,135,130,139,168,164,151,147,136,155
INU042754-1,1977,159,161,182,176,178,159,179,176,178,184,186,183
INU042754-1,1978,193,173,205,213,201,215,209,215,195,190,177,200
INU042754-1,1979,180,185,207,214,237,197,216,211,221,223,220,231
INU042754-1,1980,238,210,220,210,206,203,216,199,210,233,218,222
INU042754-1,1981,229,211,233,198,209,185,214,205,194,209,219,220
INU042754-1,1982,174,188,220,197,204,191,216,198,213,206,212,226
INU042754-1,1983,218,207,233,206,227,193,198,214,209,219,225,238
INU042754-1,1984,216,209,228,209,225,211,185,230,228,229,215,227
INU042754-1,1985,232,213,230,204,189,198,164,224,208,209,190,197
INU042754-1,1986,213,187,212,222,214,194,183,193,216,209,189,226
INU042754-1,1987,217,211,237,228,223,207,205,219,210,225,211,212
INU042754-1,1988,219,190,189,200,221,207,186,209,191,161,179,195
INU042754-1,1989,203,196,203,200,218,192,174,204,211,208,193,224
INU042754-1,1990,216,196,207,210,160,129,210,187,176,204,155,201
INU042754-1,1991,212,187,198,191,198,169,202,192,214,191,173,201
INU042754-1,1992,177,181,197,170,161,162,174,185,168,158,152,190
INU042754-1,1993,155,127,179,182,180,197,208,230,197,212,199,215
INU042754-1,1994,206,182,172,203,209,198,185,202,175,200,224,206
INU042754-1,1995,184,181,184,167,209,178,217,222,207,221,155,222
INU042754-1,1996,228,212,223,217,221,199,218,179,208,215,217,227
INU042754-1,1997,225,200,199,192,199,206,196,203,193,212,202,206
INU042754-1,1998,163,172,198,178,165,188,167,199,203,213,206,218
INU042754-1,1999,199,194,220,200,215,194,217,205,184,187,202,195
INU042754-1,2000,200,188,176,181,196,189,199,180,172,167,185,223
INU042754-1,2001,219,205,234,215,227,196,228,223,229,232,216,226
INU042754-1,2002,213,199,226,229,230,212,236,234,234,236,236,237
INU042754-1,2003,251,210,235,229,237,220,235,225,200,216,221,236
INU042754-1,2004,234,217,243,227,227,231,226,227,227,229,217,233
INU042754-1,2005,225,217,237,229,236,213,215,227,227,232,221,224
INU042754-1,2006,210,178,221,233,231,227,235,239,228,228,230,221
INU042754-1,2007,228,199,229,212,215,219,228,235,230,229,230,234
INU042754-1,2008,232,216,236,223,241,236,238,231,234,242,232,228
INU042754-1,2009,240,221,237,234,234,196,222,237,211,229,227,231
INU042754-1,2010,241,219,245,237,247,239,235,247,238,248,239,246
INU042754-1,2011,244,224,245,238,248,201,246,246,238,245,240,246
INU042754-1,2012,244,232,247,238,246,234,248,246,239,243,237,241
INU042754-1,2013,246,214,247,239,245,234,247,247,239,247,232,246
INU042754-1,2014,247,224,248,239,247,239,243,248,239,247,239,247
INU042754-1,2015,246,223,247,237,246,237,247,247,237,244,240,305
INU042754-1,2016,282,264,348,358,385,399,383,394,385,422,386,414
INU042754-1,2017,416,413,415,416,464,397,454,351,400,450,363,364
INU042754-1,2018,416,398,433,412,397,404,479,513,429,506,472,516
INU042754-1,2019,535,451,364,284,353,307,274,276,249,249,249,421
INU042754-1,2020,850,729,698,258,148,247,228,478,497,495,530,604
INU042754-1,2021,559,511,581,543,533,443,506,561,569,583,617,672
INU042754-1,2022,741,631,740,716,752,733,739,1181,1155,1174,1207,1242
INU042754-1,2023,1220,1078,1193,1118,1228,1126,1232,1281,1227,1251,1265,1236
INU042754-1,2024,1336,1222,1287,1119,1302,1283,1255,1416,1333,1399,1353,1329
INU042754-1,2025,1372,1164,1196,803,1138,1178,1217,1116,1129,1285,1251,1310
INU042754-1,2026,1268,1105,0,0,0,0,0,0,0,0,0,0
INMU0020560,1944,116,116,120,118,112,116,122,120,116,122,116,122
INMU0020560,1945,124,112,124,118,120,114,116,116,116,124,116,122
INMU0020560,1946,120,98,118,116,120,118,122,122,120,96,92,120
INMU0020560,1947,114,80,124,120,120,120,118,120,116,122,120,124
INMU0020560,1948,122,116,124,116,122,110,122,120,76,118,118,122
INMU0020560,1954,62,56,62,60,62,60,62,60,60,61,59,62
INMU0020560,1955,62,54,61,60,62,60,60,58,60,62,59,62
INMU0020560,1956,62,58,62,60,59,60,62,58,60,62,60,57
INMU0020560,1957,84,82,83,81,79,71,154,155,153,159,156,165
INMU0020560,1958,164,145,158,151,156,153,157,157,153,161,154,161
INMU0020560,1959,69,79,84,70,67,66,65,66,63,58,71,62
INMU0020560,1960,63,70,74,76,60,57,70,70,68,66,60,66
INMU0020560,1961,98,88,131,129,127,127,126,133,132,136,137,134
INMU0020560,1962,150,136,146,142,145,139,139,147,138,136,138,150
INMU0020560,1963,60,54,61,56,60,56,58,60,59,59,59,59
INMU0020560,1973,179,152,178,149,173,155,158,148,144,157,150,165
INMU0020560,1974,174,154,166,162,155,163,165,174,154,167,157,155
INMU0020560,1975,167,152,165,126,144,143,174,162,137,156,171,159
INMU0020560,1976,171,164,185,162,154,138,142,169,147,142,156,151
INMU0020560,1977,166,155,189,175,176,154,168,161,191,181,173,190
INMU0020560,1978,208,203,237,212,216,190,213,205,203,190,196,193
INMU0020560,1979,198,187,205,217,217,187,218,196,214,230,211,203
INMU0020560,1980,222,220,226,220,206,197,205,219,207,215,220,221
INMU0020560,1981,228,208,225,221,227,192,214,208,201,215,210,233
INMU0020560,1982,216,194,229,211,185,200,195,185,196,201,214,219
INMU0020560,1983,231,188,229,203,189,217,229,213,227,235,229,206
INMU0020560,1984,219,203,241,228,233,209,218,230,232,230,221,229
INMU0020560,1985,235,212,236,232,216,206,231,236,226,229,199,228
INMU0020560,1986,228,208,233,227,233,216,223,179,219,212,218,215
INMU0020560,1987,221,210,225,220,226,208,220,223,212,222,218,232
INMU0020560,1988,227,218,216,218,221,216,191,222,198,171,173,204
INMU0020560,1989,177,208,229,212,226,214,221,220,195,234,228,221
INMU0020560,1990,233,209,232,214,176,214,228,227,206,229,155,224
INMU0020560,1991,230,217,211,214,209,195,222,217,216,204,212,230
INMU0020560,1992,224,214,175,211,210,211,212,215,212,218,226,221
INMU0020560,1993,222,209,233,219,195,216,227,222,224,224,213,220
INMU0020560,1994,221,198,239,221,206,200,232,224,216,231,226,235
INMU0020560,1995,238,216,232,221,232,206,232,230,196,200,213,232
INMU0020560,1996,228,519,572,609,573,556,545,575,545,465,504,552
INMU0020560,1997,584,501,567,549,542,530,562,493,535,538,477,537
INMU0020560,1998,466,509,520,543,598,545,510,470,510,558,427,527
INMU0020560,1999,490,459,523,482,479,441,543,523,522,536,598,577
INMU0020560,2000,671,630,645,692,644,580,592,524,521,567,571,604
INMU0020560,2001,559,499,520,507,512,555,602,628,555,546,483,543
INMU0020560,2002,562,509,480,555,520,476,461,447,439,512,573,576
INMU0020560,2003,568,489,565,594,621,638,607,594,677,766,685,699
INMU0020560,2004,706,656,689,712,733,707,732,745,685,689,699,697
INMU0020560,2005,707,670,698,697,747,708,711,727,677,692,680,695
INMU0020560,2006,669,590,713,680,723,704,782,800,709,681,693,711
INMU0020560,2007,731,656,698,701,786,761,799,741,681,766,786,803
INMU0020560,2008,817,728,652,528,584,516,555,530,573,581,534,559
INMU0020560,2009,570,528,587,589,641,591,598,613,618,608,578,572
INMU0020560,2010,599,533,644,527,635,624,644,643,573,622,591,630
INMU0020560,2011,626,574,623,594,715,717,767,760,767,675,677,682
INMU0020560,2012,636,624,684,704,738,662,682,676,623,598,567,579
INMU0020560,2013,581,530,622,619,667,648,654,630,600,611,551,508
INMU0020560,2014,540,511,614,591,609,561,587,551,463,511,477,478
INMU0020560,2015,490,499,538,507,571,558,605,577,548,537,471,511
INMU0020560,2016,723,540,680,685,950,1018,1050,1057,1020,896,916,1004
INMU0020560,2017,992,894,1012,987,1026,949,981,906,930,974,943,975
INMU0020560,2018,1000,893,1019,928,990,955,912,1007,884,965,951,994
INMU0020560,2019,982,912,990,1000,1035,983,1008,1022,949,1024,991,1009
INMU0020560,2020,997,968,961,613,608,899,962,956,950,1018,998,1041
INMU0020560,2021,1039,863,1033,941,896,806,875,945,932,952,982,1039
INMU0020560,2022,1011,918,1026,1005,1046,1000,1019,941,987,1026,998,1009
INMU0020560,2023,1027,925,1024,777,780,988,1005,995,965,1018,969,1011
INMU0020560,2024,1087,887,989,901,1018,892,959,901,790,797,860,976
INMU0020560,2025,893,779,864,973,954,938,950,890,881,968,979,992
INMU0020560,2026,966,844,0,0,0,0,0,0,0,0,0,0
INU23-00002,1888,0,0,0,0,0,0,0,0,0,0,0,2
INU23-00002,1889,248,224,248,240,248,240,248,248,240,248,240,246
INU23-00002,1890,248,224,248,240,248,240,248,248,240,248,240,248
INU55-00051,1893,29,28,31,30,0,0,31,31,0,0,0,27
INU55-00051,1894,31,24,12,0,0,0,28,22,29,30,26,31
INU55-00051,1895,30,28,0,0,0,0,0,0,0,0,0,0
INM00043121,1944,112,116,120,116,114,120,122,120,118,122,120,122
INM00043121,1945,124,112,124,118,124,116,116,112,120,122,116,118
INM00043121,1946,124,102,122,120,122,116,100,124,120,96,92,120
INM00043121,1947,102,62,124,120,122,116,116,122,118,118,118,122
INM00043121,1948,124,116,122,118,124,116,124,122,56,122,120,124
INM00043121,1973,29,30,28,17,22,20,22,20,24,26,27,26
INM00043121,1974,24,29,36,24,19,24,26,33,17,15,22,27
INM00043121,1975,23,23,20,16,13,19,23,25,24,20,36,14
INM00043121,1976,23,17,27,20,15,6,16,10,9,5,3,12
INM00043121,1977,22,19,20,21,25,27,22,26,28,27,27,28
INM00043121,1978,38,40,34,35,39,39,43,51,44,0,1,0
INM00043121,1979,0,0,0,0,0,0,1,0,0,0,0,0
INM00043121,1983,0,0,0,0,0,0,0,0,10,15,16,11
INM00043121,1984,15,17,14,19,17,11,22,19,22,22,20,5
INM00043121,1985,27,13,21,21,12,19,15,23,18,18,14,16
INM00043121,1986,18,25,19,20,11,6,15,14,14,9,10,21
INM00043121,1987,16,10,12,9,16,9,6,3,7,1,5,7
INM00043121,1988,17,16,5,1,1,2,13,12,4,1,3,5
INM00043121,1989,4,4,5,5,0,0,5,4,7,5,5,7
INM00043121,1990,3,3,6,2,2,2,4,1,0,1,2,3
INM00043121,1991,4,2,1,1,0,0,0,0,0,0,1,0
INM00043121,1992,1,0,1,0,9,2,8,2,0,1,4,1
INM00043121,1993,1,0,1,0,2,0,0,1,0,0,2,5
INM00043121,1994,0,3,2,0,0,1,1,0,0,1,0,0
INM00043121,1995,1,1,1,2,2,0,1,1,0,3,0,0
INM00043121,1996,2,0,1,0,1,1,0,0,0,1,1,2
INM00043121,1997,4,9,4,0,0,0,0,0,0,0,0,0
INM00043121,2003,0,1,0,0,0,0,1,0,0,0,0,0
INM00043121,2009,0,2,0,0,0,0,0,2,53,61,60,61
INM00043121,2010,61,55,62,60,60,56,59,61,59,58,60,59
INM00043121,2011,62,56,57,60,62,49,60,60,54,59,60,62
INM00043121,2012,62,57,61,60,62,60,61,61,44,62,58,61
INM00043121,2013,62,56,61,60,61,60,62,62,59,62,59,61
INM00043121,2014,62,56,62,60,62,60,62,62,59,62,60,61
INM00043121,2015,62,55,60,60,61,59,62,60,59,62,60,107
INM00043121,2016,90,76,78,66,71,70,79,73,85,80,86,101
INM00043121,2017,91,81,78,89,97,88,89,82,67,73,77,76
INM00043121,2018,72,65,74,67,77,75,80,80,85,89,62,72
INM00043121,2019,79,64,78,64,69,88,154,168,133,93,64,25
INM00043121,2020,35,14,23,23,21,22,25,26,24,32,27,23
INM00043121,2021,41,25,36,32,44,29,15,21,14,17,15,167
INM00043121,2022,246,211,243,236,242,236,240,221,234,225,239,241
INM00043121,2023,244,220,112,42,41,58,61,56,56,120,234,201
INM00043121,2024,242,216,227,209,222,217,228,208,164,225,203,226
INM00043121,2025,202,190,229,228,233,217,232,220,209,227,231,230
INM00043121,2026,229,203,0,0,0,0,0,0,0,0,0,0
INM00043182,2009,0,1,0,0,0,0,0,0,0,0,0,0
INM00043182,2014,0,0,0,0,0,0,1,0,0,0,0,0
INM00043182,2015,0,0,0,0,0,0,0,0,0,0,0,47
INM00043182,2016,57,55,57,60,61,58,61,59,59,61,55,60
INM00043182,2017,59,54,62,59,61,58,61,57,59,62,58,62
INM00043182,2018,62,56,62,55,62,59,56,63,55,60,59,58
INM00043182,2019,58,48,58,53,61,55,63,60,60,61,58,56
INM00043182,2020,61,53,53,58,58,59,62,63,59,61,60,60
INM00043182,2021,61,50,61,60,62,60,62,62,59,62,59,62
INM00043182,2022,60,56,61,59,62,57,61,61,59,51,61,62
INM00043182,2023,62,55,62,60,60,59,61,61,58,61,59,58
INM00043182,2024,62,58,61,53,62,59,61,61,58,62,60,58
INM00043182,2025,60,56,62,59,62,58,57,56,56,61,60,58
INM00043182,2026,57,44,0,0,0,0,0,0,0,0,0,0
INM00043330,1976,0,0,0,0,0,0,0,0,0,1,0,0
INM00043330,1978,0,0,0,0,0,0,2,1,0,0,0,0
INM00043330,2009,0,1,0,0,0,0,0,0,0,0,0,0
INM00043330,2015,0,0,0,0,0,0,0,0,0,0,0,25
INM00043330,2016,31,28,28,29,30,30,31,31,30,31,28,30
INM00043330,2017,29,28,31,30,31,28,31,30,31,31,30,31
INM00043330,2018,31,29,31,26,31,30,29,31,27,30,30,31
INM00043330,2019,31,28,31,30,30,28,31,31,30,31,30,32
INM00043330,2020,32,29,31,30,29,29,25,29,28,28,27,30
INM00043330,2021,28,26,30,27,31,29,30,48,42,43,39,59
INM00043330,2022,62,53,59,60,58,59,59,53,59,56,55,58
INM00043330,2023,62,50,53,43,46,47,54,59,52,55,52,52
INM00043330,2024,56,50,58,52,53,52,56,50,43,54,53,53
INM00043330,2025,49,47,48,53,52,54,51,52,49,53,35,42
INM00043330,2026,42,33,0,0,0,0,0,0,0,0,0,0
INM00043339,1944,110,110,108,110,110,116,110,124,108,118,116,120
INM00043339,1945,120,104,114,116,120,112,116,108,120,124,116,120
INM00043339,1946,122,98,118,90,114,104,112,118,116,86,84,120
INM00043339,1947,122,106,116,116,114,116,112,116,106,120,110,122
INM00043339,1948,118,116,124,114,120,110,120,122,120,118,102,120
INM00043339,1954,60,55,62,58,60,59,59,58,59,61,59,56
INM00043339,1955,62,55,60,59,60,58,60,57,57,61,59,61
INM00043339,1956,61,57,62,60,57,59,60,60,60,62,57,58
INM00043339,1957,29,27,31,28,28,28,92,90,90,93,87,91
INM00043339,1958,91,83,92,86,86,89,93,89,89,92,89,92
INM00043339,1959,30,27,30,26,29,27,28,31,25,29,30,30
INM00043339,1960,30,28,29,29,28,27,27,31,29,27,28,30
INM00043339,1961,29,26,29,23,30,29,29,30,29,28,29,24
INM00043339,1962,30,28,28,29,45,42,29,30,29,30,29,31
INM00043339,1963,62,54,58,59,60,60,60,59,59,55,59,55
INM00043339,1999,0,1,0,0,0,0,0,0,0,0,1,0
INM00043339,2000,0,0,1,0,0,0,0,0,0,1,0,0
INM00043339,2001,0,0,0,0,0,0,1,0,0,0,0,0
INM00043339,2002,0,0,0,0,0,0,0,0,0,0,2,0
INM00043339,2003,0,0,0,0,0,0,1,0,0,0,0,0
INM00043339,2009,0,1,0,0,0,0,0,0,0,0,0,0
INM00043339,2015,0,0,0,0,0,0,0,0,0,0,0,48
INM00043339,2016,62,55,59,60,62,60,61,59,60,62,60,61
INM00043339,2017,61,56,62,56,62,58,61,61,60,62,59,61
INM00043339,2018,61,55,62,57,62,59,57,61,58,61,60,62
INM00043339,2019,61,56,60,57,61,59,61,62,60,62,60,60
INM00043339,2020,61,55,58,60,60,60,59,58,56,55,57,59
INM00043339,2021,57,47,56,50,61,49,52,56,60,62,59,63
INM00043339,2022,62,56,61,60,62,59,61,63,59,60,60,62
INM00043339,2023,62,55,63,56,57,57,61,60,57,61,60,57
INM00043339,2024,62,51,59,51,60,58,58,53,47,82,87,82
INM00043339,2025,79,76,76,87,89,83,83,78,74,88,89,87
INM00043339,2026,85,76,0,0,0,0,0,0,0,0,0,0
INM00043161,1944,114,116,120,118,116,120,124,124,118,122,120,120
INM00043161,1945,124,110,120,116,124,116,114,112,120,124,116,112
INM00043161,1946,118,102,118,118,122,118,118,120,118,92,92,124
INM00043161,1947,122,92,108,116,122,118,116,110,118,122,120,122
INM00043161,1948,124,116,124,120,124,116,124,114,110,120,112,118
INM00043161,1973,38,36,34,6,26,21,34,25,26,31,27,28
INM00043161,1974,33,30,39,31,27,34,24,36,17,26,27,26
INM00043161,1975,24,26,26,15,29,23,24,23,25,27,26,14
INM00043161,1976,25,15,37,29,11,8,12,13,19,8,8,21
INM00043161,1977,26,15,31,27,24,19,33,38,28,28,26,36
INM00043161,1978,35,41,42,38,44,43,45,49,38,0,0,0
INM00043161,1979,0,0,0,0,0,1,0,0,0,0,0,0
INM00043161,1983,0,0,0,0,0,0,0,0,9,24,16,21
INM00043161,1984,23,16,19,23,17,16,27,29,25,31,31,16
INM00043161,1985,31,32,29,22,18,24,26,28,20,25,22,23
INM00043161,1986,26,30,19,28,15,9,18,13,12,15,16,25
INM00043161,1987,22,17,21,17,19,5,9,2,9,2,4,6
INM00043161,1988,31,21,7,2,2,6,13,9,1,0,6,4
INM00043161,1989,3,5,5,4,4,0,3,1,2,7,4,4
INM00043161,1990,2,1,1,1,0,0,0,0,0,0,0,0
INM00043161,2003,0,0,0,0,0,0,1,0,0,0,0,0
INM00043161,2009,0,1,0,0,0,0,0,0,11,17,18,20
INM00043161,2010,19,20,23,24,23,22,20,18,19,25,22,26
INM00043161,2011,27,23,24,27,29,18,27,28,23,24,24,31
INM00043161,2012,29,26,30,30,28,29,30,29,26,29,28,24
INM00043161,2013,30,26,29,27,29,27,30,31,29,27,30,28
INM00043161,2014,31,27,30,30,31,30,28,29,28,29,27,28
INM00043161,2015,30,26,28,29,28,28,29,29,26,25,29,46
INM00043161,2016,49,34,42,45,48,48,45,51,41,41,42,47
INM00043161,2017,52,45,50,47,52,43,46,46,57,47,52,46
INM00043161,2018,48,44,50,46,33,51,52,41,47,39,43,25
INM00043161,2019,37,31,35,37,49,37,43,45,44,46,46,38
INM00043161,2020,51,46,24,10,25,14,10,28,9,6,29,35
INM00043161,2021,34,41,35,32,33,53,46,48,52,55,30,31
INM00043161,2022,41,37,28,24,29,36,43,38,44,40,31,32
INM00043161,2023,38,30,37,24,28,40,40,45,32,42,51,37
INM00043161,2024,30,33,42,37,28,16,27,20,11,27,19,24
INM00043161,2025,28,51,58,58,51,42,46,48,54,55,51,55
INM00043161,2026,49,41,0,0,0,0,0,0,0,0,0,0
INM00043169,1944,112,116,120,114,116,118,120,122,120,124,120,122
INM00043169,1945,124,112,124,116,120,116,114,114,120,122,86,66
INM00043169,1946,122,100,120,120,124,116,106,124,118,96,92,122
INM00043169,1947,104,74,122,116,122,116,114,116,116,116,118,122
INM00043169,1948,124,116,124,120,124,116,120,122,74,120,120,120
INM00043169,1973,35,34,30,19,24,17,28,26,29,28,22,25
INM00043169,1974,34,31,34,30,22,29,27,34,16,19,22,25
INM00043169,1975,24,24,22,12,15,15,22,20,19,21,22,18
INM00043169,1976,21,26,34,26,17,13,16,14,15,8,8,14
INM00043169,1977,17,19,22,23,22,15,35,33,32,27,33,34
INM00043169,1978,34,44,44,42,42,45,42,46,40,0,1,1
INM00043169,1979,0,0,0,0,0,1,4,1,0,0,0,0
INM00043169,1980,1,0,0,0,0,0,0,0,0,0,0,0
INM00043169,1983,0,0,0,0,0,0,0,4,10,19,16,19
INM00043169,1984,19,26,22,24,10,9,22,18,18,22,17,13
INM00043169,1985,27,27,22,27,16,17,17,22,14,22,11,20
INM00043169,1986,19,17,23,14,8,5,8,9,12,9,9,12
INM00043169,1987,18,14,13,7,11,4,5,1,8,2,5,3
INM00043169,1988,9,11,9,2,1,2,9,7,3,0,1,2
INM00043169,1989,1,0,2,6,2,0,3,2,3,3,8,10
INM00043169,1990,7,4,3,2,0,0,0,0,0,0,0,0
INM00043169,2002,0,0,0,0,1,0,0,0,0,0,0,0
INM00043169,2003,0,0,0,0,0,0,1,0,0,0,0,0
INM00043169,2009,0,1,0,0,0,0,0,1,25,26,25,26
INM00043169,2010,26,25,30,27,25,24,26,27,26,26,25,27
INM00043169,2011,26,22,25,25,27,19,25,28,23,25,24,31
INM00043169,2012,29,26,29,29,27,29,30,30,25,28,29,25
INM00043169,2013,29,26,29,28,28,27,30,31,29,30,30,25
INM00043169,2014,29,27,30,29,31,30,26,29,28,30,27,28
INM00043169,2015,30,26,28,29,29,28,30,30,26,25,28,49
INM00043169,2016,40,21,21,24,32,45,51,49,48,44,26,29
INM00043169,2017,23,26,29,37,40,35,35,21,35,25,23,21
INM00043169,2018,19,12,18,24,11,23,24,31,38,28,20,22
INM00043169,2019,34,28,28,36,48,29,39,42,27,29,26,19
INM00043169,2020,24,21,8,2,12,3,2,9,3,2,7,9
INM00043169,2021,13,16,12,13,15,20,28,27,31,26,13,21
INM00043169,2022,39,37,29,24,29,35,40,39,44,42,34,30
INM00043169,2023,39,33,38,22,28,35,41,40,33,44,46,40
INM00043169,2024,29,32,35,33,29,9,12,14,9,16,16,20
INM00043169,2025,28,53,55,48,28,22,46,51,53,52,49,50
INM00043169,2026,50,42,0,0,0,0,0,0,0,0,0,0
INM00043364,2002,0,0,0,0,0,1,0,1,0,0,1,0
INM00043364,2003,0,0,0,0,0,0,2,0,0,0,0,0
INM00043364,2007,0,0,0,0,1,0,0,0,0,0,0,0
INM00043364,2009,0,1,0,0,0,0,0,0,0,0,0,0
INM00043364,2015,0,0,0,0,0,0,0,0,0,0,0,49
INM00043364,2016,62,57,60,58,62,60,62,60,58,62,60,62
INM00043364,2017,62,56,62,60,62,58,62,63,60,59,59,61
INM00043364,2018,61,56,60,57,62,60,61,63,57,60,60,62
INM00043364,2019,62,54,61,60,61,60,62,61,59,62,60,62
INM00043364,2020,62,58,61,60,62,60,62,62,59,62,60,62
INM00043364,2021,63,53,62,60,62,60,62,62,60,62,60,62
INM00043364,2022,62,56,62,60,62,60,63,62,60,62,60,62
INM00043364,2023,62,54,61,60,62,59,61,60,58,61,60,58
INM00043364,2024,62,58,62,54,62,60,60,62,59,63,60,61
INM00043364,2025,63,55,61,59,62,59,61,57,53,62,60,62
INM00043364,2026,62,51,0,0,0,0,0,0,0,0,0,0
INM00043147,2009,0,3,0,0,0,0,0,0,0,0,0,0
INM00043147,2013,0,0,2,1,0,2,0,0,0,0,0,0
INM00043147,2015,0,0,0,0,0,0,0,0,0,0,0,192
INM00043147,2016,248,209,241,238,247,238,246,247,240,247,231,244
INM00043147,2017,241,222,247,240,245,233,246,244,239,248,237,248
INM00043147,2018,247,222,248,223,248,239,229,247,221,246,240,243
INM00043147,2019,246,223,243,232,243,238,245,248,234,232,236,248
INM00043147,2020,247,232,245,234,231,232,244,243,228,229,239,248
INM00043147,2021,247,213,246,236,212,233,236,237,233,237,233,248
INM00043147,2022,220,222,247,165,105,103,133,86,144,235,239,242
INM00043147,2023,246,224,243,208,186,233,230,244,233,243,231,231
INM00043147,2024,245,210,240,213,241,228,236,233,195,245,238,240
INM00043147,2025,244,212,245,238,247,236,245,229,222,245,238,248
INM00043147,2026,213,177,0,0,0,0,0,0,0,0,0,0
INM00043177,1944,116,108,116,120,114,118,122,120,118,118,114,122
INM00043177,1945,116,108,124,118,118,114,114,116,118,110,110,114
INM00043177,1946,122,102,118,96,114,100,110,112,110,92,84,120
INM00043177,1947,104,76,118,114,112,118,112,118,114,104,116,120
INM00043177,1948,120,112,120,120,124,114,124,122,120,106,102,120
INM00043177,1973,18,19,21,11,7,17,20,14,14,13,6,14
INM00043177,1974,19,18,15,17,17,22,26,24,20,15,23,22
INM00043177,1975,19,13,17,13,9,10,22,18,19,11,21,15
INM00043177,1976,19,11,33,21,20,11,16,15,15,11,12,15
INM00043177,1977,24,21,25,21,20,21,28,32,34,29,19,31
INM00043177,1978,38,44,40,37,42,37,36,36,33,0,4,0
INM00043177,1979,0,2,0,0,0,0,0,0,0,0,0,0
INM00043177,1983,0,0,0,0,0,0,0,0,0,0,13,18
INM00043177,1984,14,19,19,16,10,17,26,19,24,12,16,7
INM00043177,1985,28,23,25,20,13,16,21,19,20,21,20,14
INM00043177,1986,27,24,30,33,23,16,16,9,9,11,10,19
INM00043177,1987,15,24,25,13,8,6,6,5,5,1,6,4
INM00043177,1988,2,9,9,4,0,2,11,11,6,4,4,6
INM00043177,1989,1,4,7,4,2,4,3,4,3,3,12,14
INM00043177,1990,6,5,4,1,0,2,4,2,1,1,1,4
INM00043177,1991,2,7,1,0,0,3,2,4,0,1,0,2
INM00043177,1992,2,2,0,1,5,2,1,1,0,0,2,1
INM00043177,1993,4,1,0,0,0,1,2,0,1,2,4,1
INM00043177,1994,1,2,3,4,5,2,3,4,1,0,1,4
INM00043177,1995,3,0,1,1,0,1,0,0,0,1,1,0
INM00043177,1996,0,0,2,0,1,0,0,0,0,1,3,2
INM00043177,1997,4,6,6,1,0,0,0,0,0,1,2,0
INM00043177,1998,0,1,0,1,0,0,0,0,0,0,0,0
INM00043177,2000,0,1,0,0,0,0,0,0,0,0,0,0
INM00043177,2001,0,1,0,1,0,0,1,0,0,0,0,1
INM00043177,2002,0,1,2,1,1,0,0,1,0,0,1,1
INM00043177,2003,1,1,0,1,0,0,0,0,0,0,0,0
INM00043177,2009,0,0,0,0,0,0,0,1,15,15,11,24
INM00043177,2010,19,16,21,24,22,26,25,27,29,22,25,30
INM00043177,2011,28,23,29,27,29,24,29,29,27,31,29,32
INM00043177,2012,31,28,33,31,31,30,34,30,30,33,29,31
INM00043177,2013,31,28,32,30,32,29,31,31,30,29,30,29
INM00043177,2014,31,27,31,29,29,32,33,31,30,29,30,30
INM00043177,2015,30,27,30,28,31,21,0,0,0,0,6,52
INM00043177,2016,41,35,33,33,35,32,39,35,39,41,36,40
INM00043177,2017,45,34,37,38,43,42,52,35,38,38,35,42
INM00043177,2018,42,39,36,34,40,46,42,38,40,50,36,36
INM00043177,2019,33,35,48,35,34,38,38,36,33,34,20,13
INM00043177,2020,7,9,12,14,17,11,16,11,12,15,19,16
INM00043177,2021,14,6,9,1,3,4,9,12,6,9,8,43
INM00043177,2022,62,55,61,60,61,59,60,60,60,59,60,61
INM00043177,2023,62,54,62,56,61,59,59,60,56,60,59,57
INM00043177,2024,60,57,60,53,60,58,58,49,45,59,51,54
INM00043177,2025,59,51,53,56,59,55,59,53,54,57,54,59
INM00043177,2026,58,51,0,0,0,0,0,0,0,0,0,0
INM00043358,2015,0,0,0,0,0,0,0,0,0,0,0,12
INM00043358,2016,14,16,14,10,15,16,13,19,18,13,15,11
INM00043358,2017,16,19,18,15,21,7,1,18,29,21,19,24
INM00043358,2018,17,14,5,1,0,0,0,0,0,0,1,7
INM00043358,2019,13,16,16,9,6,4,8,2,1,3,18,7
INM00043358,2020,2,0,0,0,0,0,0,1,0,0,0,2
INM00043358,2021,2,0,3,4,3,0,0,0,0,0,0,0
INM00043358,2025,0,0,0,0,0,0,0,0,0,0,5,48
INM00043358,2026,40,25,0,0,0,0,0,0,0,0,0,0
INM00043200,2015,0,0,0,0,0,0,0,0,0,0,0,38
INM00043200,2016,46,30,34,27,34,37,41,45,45,47,46,49
INM00043200,2017,55,42,56,33,42,39,39,42,42,50,55,57
INM00043200,2018,61,52,57,53,57,54,58,59,55,61,57,57
INM00043200,2019,62,56,58,53,60,53,59,61,60,62,57,43
INM00043200,2020,62,53,41,51,56,58,61,62,56,61,55,60
INM00043200,2021,63,51,59,56,59,58,60,50,49,54,32,30
INM00043200,2022,39,38,28,23,28,34,44,39,46,39,32,32
INM00043200,2023,39,31,38,28,27,37,37,43,33,44,51,38
INM00043200,2024,26,29,41,36,30,20,33,23,8,27,18,19
INM00043200,2025,29,53,56,57,47,39,48,52,50,53,51,54
INM00043200,2026,49,42,0,0,0,0,0,0,0,0,0,0
INM00043196,1944,56,58,58,58,54,56,62,61,57,62,60,60
INM00043196,1945,60,56,61,60,59,57,57,57,60,62,55,58
INM00043196,1946,58,48,57,54,59,52,48,55,55,47,44,62
INM00043196,1947,56,47,56,53,59,55,51,52,54,56,59,55
INM00043196,1948,62,58,62,58,61,58,62,61,60,61,60,62
INM00043196,2009,0,2,0,0,0,0,0,0,0,0,0,0
INM00043196,2015,0,0,0,0,0,0,0,0,0,0,0,39
INM00043196,2016,51,46,46,49,37,53,55,45,46,28,47,58
INM00043196,2017,57,47,41,39,51,45,66,58,32,44,42,39
INM00043196,2018,36,31,37,42,50,39,37,38,37,40,40,44
INM00043196,2019,48,35,52,52,117,112,114,122,116,112,60,62
INM00043196,2020,62,56,59,60,62,61,59,60,57,60,54,61
INM00043196,2021,62,51,63,58,59,59,62,61,60,62,60,62
INM00043196,2022,61,56,62,60,61,60,61,61,60,61,60,60
INM00043196,2023,62,55,59,59,61,59,31,31,30,31,46,52
INM00043196,2024,49,52,56,42,52,61,57,61,57,60,59,61
INM00043196,2025,60,55,58,59,30,30,30,28,27,31,30,31
INM00043196,2026,31,25,0,0,0,0,0,0,0,0,0,0
INMU0020417,1944,58,58,60,60,56,60,58,62,59,62,59,61
INMU0020417,1945,62,54,62,58,61,54,58,58,59,60,58,58
INMU0020417,1946,62,50,60,60,61,59,53,62,60,48,46,62
INMU0020417,1947,62,52,62,60,62,58,59,61,60,60,59,62
INMU0020417,1948,62,58,62,60,58,59,59,60,59,58,60,61
INM00043193,1956,0,0,0,0,0,0,0,0,0,1,58,58
INM00043193,1957,83,75,75,69,70,59,138,136,139,139,137,139
INM00043193,1958,147,133,145,140,145,141,140,144,144,146,130,138
INM00043193,1959,68,62,77,78,62,61,61,68,62,58,55,58
INM00043193,1960,60,62,67,72,59,57,58,61,62,59,52,67
INM00043193,1961,98,81,138,118,108,113,107,129,131,141,119,130
INM00043193,1962,143,132,142,138,125,132,135,145,131,138,139,143
INM00043193,1963,59,54,62,58,61,58,57,59,60,61,59,60
INM00043193,2002,0,1,0,0,0,0,0,0,0,0,0,0
INM00043193,2003,0,0,0,1,0,0,0,0,0,0,0,0
INM00043193,2015,0,0,0,0,0,0,0,0,0,0,0,43
INM00043193,2016,54,54,57,58,58,56,60,58,55,57,52,58
INM00043193,2017,54,52,58,57,59,54,61,55,56,58,56,54
INM00043193,2018,58,54,57,56,54,57,45,57,42,56,56,53
INM00043193,2019,55,43,54,57,52,53,56,54,46,54,57,49
INM00043193,2020,58,55,55,53,55,50,51,51,46,48,45,45
INM00043193,2021,40,42,44,40,42,28,14,37,9,27,37,42
INM00043193,2022,31,0,29,28,30,33,23,0,0,0,0,0
INM00043193,2024,0,17,61,49,29,0,0,0,0,0,0,1
INM00043359,1944,55,56,59,56,55,59,61,61,59,62,59,61
INM00043359,1945,62,55,60,59,59,56,58,56,60,60,58,58
INM00043359,1946,61,50,59,49,59,55,47,59,60,48,45,62
INM00043359,1947,57,42,62,60,60,58,59,60,58,60,60,53
INM00043359,1948,61,58,62,60,60,58,61,61,60,61,52,61
INM00043359,1973,41,32,29,17,22,29,38,20,23,18,18,20
INM00043359,1974,30,23,23,28,23,22,22,27,20,23,23,23
INM00043359,1975,25,22,27,19,21,22,22,12,11,1,9,3
INM00043359,1976,4,5,6,6,2,3,2,2,1,4,0,5
INM00043359,1977,4,5,6,8,5,1,6,7,8,8,11,6
INM00043359,1978,6,7,10,15,13,9,17,14,9,3,0,0
INM00043359,1979,1,0,2,2,1,0,0,0,0,0,0,0
INM00043359,2000,0,0,1,0,0,0,0,0,0,0,0,0
INM00043359,2001,0,0,0,0,0,0,0,0,1,0,0,0
INM00043359,2016,0,0,0,1,1,0,0,0,28,62,56,61
INM00043359,2017,61,45,60,55,56,53,55,58,58,57,55,57
INM00043359,2018,61,55,60,53,61,58,56,61,48,54,50,50
INM00043359,2019,40,46,45,41,45,39,50,53,46,38,51,41
INM00043359,2020,54,42,24,49,46,50,57,55,53,51,55,53
INM00043359,2021,53,46,56,51,58,56,59,53,52,51,35,59
INM00043359,2022,57,46,56,53,49,47,48,48,47,50,54,54
INM00043359,2023,31,40,52,38,37,46,53,51,47,46,46,52
INM00043359,2024,51,49,54,51,53,52,48,53,44,53,52,52
INM00043359,2025,55,47,49,52,53,51,49,51,49,53,51,51
INM00043359,2026,45,33,0,0,0,0,0,0,0,0,0,0
INM00043207,2015,0,0,0,0,0,0,0,0,0,0,0,41
INM00043207,2016,54,51,3,50,56,55,55,59,57,55,50,56
INM00043207,2017,53,48,60,58,59,53,56,58,54,57,55,55
INM00043207,2018,51,46,58,45,56,53,53,63,53,57,56,55
INM00043207,2019,61,55,57,54,60,60,61,62,59,62,60,58
INM00043207,2020,60,57,58,60,59,58,61,62,27,10,57,61
INM00043207,2021,62,50,61,60,62,57,62,62,60,62,60,62
INM00043207,2022,62,55,62,60,61,57,60,59,57,59,58,61
INM00043207,2023,59,55,59,52,48,56,60,58,57,61,58,54
INM00043207,2024,61,56,57,50,59,55,48,50,43,56,54,51
INM00043207,2025,51,41,57,58,58,56,57,54,46,57,57,60
INM00043207,2026,57,50,0,0,0,0,0,0,0,0,0,0
INM00043228,2015,0,0,0,0,0,0,0,0,0,0,0,18
INM00043228,2016,20,18,24,25,29,20,23,25,22,27,21,26
INM00043228,2017,25,32,49,59,59,56,59,49,59,54,57,54
INM00043228,2018,53,50,57,53,45,54,51,46,45,38,42,16
INM00043228,2019,15,13,19,11,20,12,15,23,13,14,20,14
INM00043228,2020,16,20,4,0,6,5,2,9,3,2,2,6
INM00043228,2021,6,15,11,9,2,11,12,10,15,11,1,2
INM00043228,2022,11,11,23,9,5,3,6,1,2,0,0,0
INM00043228,2025,0,0,0,0,0,0,0,0,0,0,0,4
INM00043228,2026,46,40,0,0,0,0,0,0,0,0,0,0
INM00043352,1944,0,0,0,0,0,0,124,120,118,122,116,122
INM00043352,1945,120,108,116,112,110,114,114,116,120,118,116,116
INM00043352,1946,124,102,118,118,124,118,96,0,0,0,0,0
INM00043352,1948,0,0,0,0,2,0,0,0,0,0,0,0
INM00043352,1973,27,22,27,6,13,17,30,23,22,21,23,19
INM00043352,1974,21,31,22,15,16,22,19,22,11,14,20,24
INM00043352,1975,8,15,8,11,12,8,7,12,3,5,9,5
INM00043352,1976,9,5,9,8,5,5,6,2,9,3,4,8
INM00043352,1977,24,17,21,20,25,11,17,23,24,28,25,38
INM00043352,1978,35,37,47,44,42,39,45,29,42,3,1,1
INM00043352,1979,0,0,1,0,2,0,3,1,1,0,0,0
INM00043352,1980,1,0,0,0,0,0,0,0,0,0,0,0
INM00043352,1983,0,0,0,0,0,0,0,0,8,21,22,25
INM00043352,1984,22,20,25,22,19,14,26,22,33,29,18,9
INM00043352,1985,28,30,23,21,14,17,19,23,21,21,19,18
INM00043352,1986,24,26,20,24,10,8,16,11,11,11,13,20
INM00043352,1987,16,12,19,11,11,5,9,1,6,0,5,12
INM00043352,1988,17,11,8,2,3,1,10,9,4,1,1,4
INM00043352,1989,2,7,2,3,5,0,6,5,3,4,5,6
INM00043352,1990,3,3,1,0,1,0,0,0,0,0,0,0
INM00043352,1999,0,1,0,0,0,0,0,0,0,0,0,0
INM00043352,2009,0,1,0,0,0,0,0,1,27,28,28,30
INM00043352,2010,30,25,31,30,31,29,31,31,31,28,31,32
INM00043352,2011,31,28,30,28,30,25,30,30,27,31,30,31
INM00043352,2012,31,28,31,30,31,30,31,30,30,31,29,31
INM00043352,2013,30,28,31,59,60,59,64,61,59,60,59,61
INM00043352,2014,62,56,61,60,62,59,61,62,60,61,59,61
INM00043352,2015,59,55,61,60,60,59,62,51,29,30,30,78
INM00043352,2016,94,80,90,89,92,89,91,89,89,92,87,92
INM00043352,2017,90,81,92,89,91,85,93,91,90,92,88,91
INM00043352,2018,91,82,90,85,93,89,90,93,83,90,90,90
INM00043352,2019,93,83,92,116,151,138,152,154,148,155,148,119
INM00043352,2020,154,132,96,118,147,150,154,155,148,154,149,155
INM00043352,2021,155,132,155,143,154,126,152,154,149,153,141,154
INM00043352,2022,154,133,154,147,144,119,122,112,116,119,119,122
INM00043352,2023,122,110,116,106,90,18,81,117,114,122,120,114
INM00043352,2024,120,113,124,106,123,118,122,118,111,113,0,0
INM00043105,1944,106,108,118,120,116,116,124,124,116,122,112,120
INM00043105,1945,120,108,118,118,100,100,110,114,116,124,114,116
INM00043105,1946,122,102,120,120,120,118,114,122,116,94,92,108
INM00043105,1947,118,110,116,114,116,108,118,116,108,122,114,122
INM00043105,1948,122,116,120,120,116,110,114,124,118,118,110,122
INM00043105,1973,19,2,9,8,4,8,13,17,13,17,6,8
INM00043105,1974,17,25,16,8,9,14,16,26,13,13,13,17
INM00043105,1975,19,12,20,12,16,16,22,31,25,34,34,25
INM00043105,1976,25,20,34,35,27,20,17,17,19,9,10,17
INM00043105,1977,30,32,39,32,37,31,33,36,32,40,38,41
INM00043105,1978,48,43,47,55,54,47,50,50,48,1,1,2
INM00043105,1979,1,0,1,1,2,3,7,3,3,2,4,1
INM00043105,1980,3,1,1,1,2,0,1,2,1,2,1,2
INM00043105,1981,2,0,3,2,1,0,0,0,0,0,0,0
INM00043105,1983,0,0,0,0,0,0,0,6,20,25,26,26
INM00043105,1984,39,27,37,37,20,27,28,25,29,32,34,20
INM00043105,1985,42,39,31,40,28,33,32,33,32,29,33,28
INM00043105,1986,37,39,32,42,22,24,26,23,28,24,24,43
INM00043105,1987,36,35,38,24,25,20,12,10,15,4,13,17
INM00043105,1988,30,23,11,6,5,10,21,13,12,3,18,18
INM00043105,1989,10,27,15,21,22,0,14,8,10,13,25,20
INM00043105,1990,21,14,11,3,6,7,12,8,2,7,7,12
INM00043105,1991,14,7,5,9,1,0,5,7,1,1,1,2
INM00043105,1992,0,1,0,0,5,3,6,0,1,0,3,1
INM00043105,1993,5,2,0,2,1,3,7,4,2,1,2,2
INM00043105,1994,1,1,2,4,2,6,2,1,2,1,2,2
INM00043105,1995,0,1,1,0,1,1,1,2,0,0,1,2
INM00043105,1996,0,2,0,1,0,0,1,1,0,0,2,4
INM00043105,1997,13,9,7,0,0,0,0,1,0,0,0,2
INM00043105,1998,0,0,8,4,1,0,0,1,0,0,0,1
INM00043105,1999,2,0,0,1,0,0,0,0,0,0,1,1
INM00043105,2000,0,1,1,0,0,0,0,0,0,0,0,0
INM00043105,2001,0,0,1,0,0,0,0,0,1,0,0,0
INM00043105,2002,0,0,1,0,0,0,0,0,0,0,1,0
INM00043105,2003,0,0,0,0,0,0,1,0,0,0,0,0
INM00043105,2004,0,0,0,0,1,0,0,0,0,0,0,0
INM00043105,2007,0,0,0,0,1,0,0,0,0,0,0,0
INM00043105,2009,0,4,0,0,0,0,0,2,109,122,119,121
INM00043105,2010,118,109,119,117,121,108,116,122,119,117,119,118
INM00043105,2011,121,109,118,119,122,99,124,122,107,119,120,124
INM00043105,2012,124,114,124,119,124,117,123,122,120,122,114,123
INM00043105,2013,124,109,126,118,122,118,122,124,119,124,117,122
INM00043105,2014,124,112,124,120,124,119,121,124,120,124,120,122
INM00043105,2015,124,111,121,120,123,119,124,124,112,122,119,219
INM00043105,2016,248,221,241,237,245,239,247,247,239,247,237,247
INM00043105,2017,246,223,247,238,248,236,246,244,240,247,238,243
INM00043105,2018,246,220,246,224,244,237,233,242,221,241,236,245
INM00043105,2019,248,224,245,238,247,239,248,248,239,247,237,248
INM00043105,2020,248,232,246,240,242,238,248,247,239,247,240,248
INM00043105,2021,247,214,247,240,246,236,248,248,240,248,240,248
INM00043105,2022,248,224,247,239,246,235,244,235,238,235,238,226
INM00043105,2023,243,220,244,221,220,232,229,238,229,241,232,224
INM00043105,2024,244,206,237,198,225,218,224,214,192,246,237,244
INM00043105,2025,243,215,246,236,245,233,240,226,221,241,233,243
INM00043105,2026,239,206,0,0,0,0,0,0,0,0,0,0
INM00043317,1944,114,114,110,114,114,118,124,122,120,124,120,122
INM00043317,1945,124,110,124,118,120,114,114,114,118,122,116,122
INM00043317,1946,124,102,120,98,112,108,108,118,118,92,88,120
INM00043317,1947,122,112,122,120,124,118,120,122,120,120,116,122
INM00043317,1948,124,114,124,116,122,116,122,124,118,116,110,122
INM00043317,1973,34,39,40,19,23,15,32,26,28,24,28,22
INM00043317,1974,32,38,27,25,23,30,24,33,19,25,13,21
INM00043317,1975,19,21,23,14,21,22,27,27,26,26,31,21
INM00043317,1976,21,20,29,24,11,10,8,15,7,7,2,9
INM00043317,1977,18,26,26,28,24,20,16,23,28,29,23,28
INM00043317,1978,39,39,48,44,43,37,33,29,38,1,0,0
INM00043317,1979,0,1,0,1,0,1,2,0,2,0,1,1
INM00043317,1983,0,0,0,0,0,0,0,3,14,23,23,20
INM00043317,1984,22,19,18,19,16,16,23,25,19,30,26,10
INM00043317,1985,32,29,26,28,25,17,24,25,25,24,17,20
INM00043317,1986,18,24,24,27,12,10,12,13,15,12,9,14
INM00043317,1987,16,18,27,16,15,4,7,1,10,1,6,6
INM00043317,1988,20,17,7,2,1,3,18,8,4,1,3,5
INM00043317,1989,3,10,7,9,7,1,8,8,7,3,7,7
INM00043317,1990,2,4,3,2,1,0,0,0,0,0,0,0
INM00043317,1992,0,0,0,0,0,0,4,1,0,0,4,0
INM00043317,1993,0,0,0,1,0,1,0,0,2,0,2,1
INM00043317,1994,0,0,1,2,1,0,0,0,1,0,0,0
INM00043317,1995,0,0,0,1,0,0,1,0,0,0,1,1
INM00043317,1996,0,0,1,0,1,0,1,0,0,1,3,0
INM00043317,1997,3,8,4,0,0,0,0,0,0,0,0,0
INM00043317,2009,0,0,0,0,0,0,0,0,25,24,22,27
INM00043317,2010,25,22,28,27,10,14,22,19,19,17,18,20
INM00043317,2011,16,10,20,16,24,21,24,28,26,24,30,30
INM00043317,2012,30,28,30,30,30,28,31,31,29,29,28,30
INM00043317,2013,31,29,29,29,31,29,31,31,30,31,30,30
INM00043317,2014,31,28,31,29,31,30,31,31,30,29,28,31
INM00043317,2015,31,27,30,29,28,24,28,26,29,30,29,31
INM00043317,2016,31,26,27,28,30,30,32,30,30,31,29,31
INM00043317,2017,31,28,31,29,31,30,31,30,31,31,30,31
INM00043317,2018,32,29,31,32,30,29,28,31,29,30,30,30
INM00043317,2019,31,28,31,29,29,27,30,30,41,59,55,55
INM00043317,2020,57,58,61,53,49,42,58,59,52,54,54,40
INM00043317,2021,55,51,60,55,59,56,58,60,49,56,49,58
INM00043317,2022,60,50,58,54,59,54,56,54,57,54,52,58
INM00043317,2023,56,51,54,45,48,53,54,55,55,54,55,51
INM00043317,2024,56,49,57,50,50,51,51,53,41,54,55,53
INM00043317,2025,55,45,53,52,52,50,52,46,51,52,48,53
INM00043317,2026,42,31,0,0,0,0,0,0,0,0,0,0
INM00043325,1944,116,112,120,118,114,116,124,124,118,124,116,122
INM00043325,1945,124,110,122,118,124,114,116,114,120,124,116,118
INM00043325,1946,124,100,118,96,116,112,112,118,118,94,88,122
INM00043325,1947,92,80,120,116,124,118,104,122,120,122,120,106
INM00043325,1948,124,114,124,120,124,116,124,124,120,122,120,124
INM00043325,1973,111,90,104,75,91,99,91,90,85,91,88,97
INM00043325,1974,86,87,99,100,93,84,14,20,16,11,12,9
INM00043325,1975,6,9,21,9,15,11,13,6,70,73,75,68
INM00043325,1976,73,60,86,80,92,72,80,81,79,75,63,83
INM00043325,1977,72,74,86,94,86,78,84,111,86,85,93,91
INM00043325,1978,96,103,123,107,125,120,117,104,105,0,2,1
INM00043325,1979,1,1,1,0,1,0,9,1,0,0,4,2
INM00043325,1980,2,1,0,0,0,0,0,0,0,4,2,2
INM00043325,1981,3,0,1,0,1,1,2,1,0,0,0,1
INM00043325,1982,4,0,2,3,1,4,1,0,2,4,3,5
INM00043325,1983,4,20,16,22,23,21,5,5,13,21,23,26
INM00043325,1984,26,37,49,50,47,52,60,48,44,39,48,42
INM00043325,1985,55,43,48,41,48,41,37,42,24,42,41,30
INM00043325,1986,42,37,36,38,26,23,31,21,20,17,31,31
INM00043325,1987,42,32,41,29,36,11,19,8,17,4,14,15
INM00043325,1988,32,23,17,7,7,7,20,22,15,7,17,16
INM00043325,1989,9,24,16,23,21,5,15,13,7,12,22,19
INM00043325,1990,20,17,10,8,13,12,9,12,3,5,2,3
INM00043325,1991,9,12,4,6,5,3,2,2,2,1,1,4
INM00043325,1992,3,1,1,1,11,3,9,3,3,1,7,1
INM00043325,1993,2,1,11,11,6,7,5,8,10,6,7,7
INM00043325,1994,6,18,6,12,10,6,4,6,4,0,3,4
INM00043325,1995,1,4,21,40,36,34,40,36,21,2,4,3
INM00043325,1996,3,6,7,8,3,2,2,2,11,10,16,14
INM00043325,1997,16,26,18,4,4,1,1,2,2,1,0,0
INM00043325,1998,0,0,14,11,1,0,2,2,0,1,0,0
INM00043325,2000,0,0,0,0,0,0,0,0,0,1,0,0
INM00043325,2001,0,0,1,0,2,0,2,0,0,0,1,0
INM00043325,2002,0,0,0,0,0,0,2,0,0,1,0,0
INM00043325,2003,0,0,0,1,0,0,0,0,0,0,0,0
INM00043325,2009,0,1,0,0,0,0,0,1,26,31,30,31
INM00043325,2010,31,27,31,30,31,29,30,32,30,28,30,30
INM00043325,2011,31,28,30,31,31,24,31,30,27,31,30,31
INM00043325,2012,31,28,31,30,31,30,31,30,30,31,29,31
INM00043325,2013,31,28,31,30,31,30,32,31,30,31,30,30
INM00043325,2014,31,28,31,30,31,30,31,31,30,31,30,30
INM00043325,2015,31,27,30,30,31,30,31,31,29,31,30,79
INM00043325,2016,93,83,90,90,93,90,93,93,89,92,87,93
INM00043325,2017,93,84,93,90,93,90,93,92,90,93,89,93
INM00043325,2018,93,84,93,84,93,90,90,93,87,92,90,89
INM00043325,2019,93,84,92,89,91,90,93,93,90,93,89,93
INM00043325,2020,93,87,92,90,89,90,92,92,89,89,119,124
INM00043325,2021,119,105,124,121,122,116,124,122,120,120,116,124
INM00043325,2022,123,110,122,118,122,118,116,120,117,113,119,121
INM00043325,2023,123,109,117,100,91,109,117,118,114,119,115,113
INM00043325,2024,121,106,125,103,113,103,114,103,78,118,110,110
INM00043325,2025,98,92,104,114,116,110,114,108,102,113,113,120
INM00043325,2026,81,71,0,0,0,0,0,0,0,0,0,0
INM00043230,2015,0,0,0,0,0,0,0,0,0,0,0,19
INM00043230,2016,23,18,24,24,28,22,26,26,26,27,25,27
INM00043230,2017,28,22,29,27,28,27,30,28,28,31,11,11
INM00043230,2018,19,23,14,13,10,9,9,10,7,17,20,15
INM00043230,2019,17,19,17,16,24,13,23,26,21,19,22,13
INM00043230,2020,25,19,9,1,7,6,2,9,3,3,2,7
INM00043230,2021,7,15,10,8,12,28,25,20,26,25,6,7
INM00043230,2022,18,16,24,17,16,7,19,13,17,13,14,15
INM00043230,2023,14,15,17,13,15,17,14,19,12,18,24,22
INM00043230,2024,20,23,24,19,15,12,16,7,2,9,2,3
INM00043230,2025,9,31,32,31,23,20,20,26,26,27,25,28
INM00043230,2026,23,17,0,0,0,0,0,0,0,0,0,0
INM00043326,1973,32,27,26,9,19,9,20,23,25,25,22,24
INM00043326,1974,30,26,26,17,18,21,17,28,14,13,14,15
INM00043326,1975,17,16,18,11,16,19,26,22,22,25,23,20
INM00043326,1976,28,16,32,28,15,8,7,16,7,4,7,12
INM00043326,1977,21,25,23,28,17,23,24,30,28,32,26,34
INM00043326,1978,42,30,35,37,27,32,39,45,42,0,0,0
INM00043326,1979,0,1,0,0,2,0,3,1,1,0,0,2
INM00043326,1980,1,0,2,0,2,1,0,0,0,0,0,0
INM00043326,1983,0,0,0,0,0,0,0,0,9,19,22,15
INM00043326,1984,24,19,18,23,17,17,21,13,17,24,17,5
INM00043326,1985,18,13,17,21,15,18,16,23,17,21,13,13
INM00043326,1986,21,14,7,3,1,8,16,7,3,10,4,9
INM00043326,1987,9,3,11,15,10,5,3,1,5,2,6,7
INM00043326,1988,8,9,9,2,0,3,0,5,3,1,1,1
INM00043326,1989,0,6,3,1,0,0,2,0,1,4,1,4
INM00043326,1990,2,0,0,2,0,0,0,1,0,1,0,0
INM00043326,1991,1,2,1,0,0,0,1,0,0,0,1,0
INM00043326,1992,0,0,1,1,0,0,0,2,0,0,1,0
INM00043326,1993,0,0,0,0,1,1,2,0,1,1,0,0
INM00043326,1994,1,0,1,1,1,0,0,2,0,0,0,0
INM00043326,1995,0,0,0,1,0,0,0,0,0,0,0,0
INM00043326,2001,0,0,0,0,0,0,0,0,0,0,1,0
INM00043326,2009,0,0,0,0,0,0,0,0,0,0,1,0
INM00043326,2010,0,0,0,2,0,0,0,0,0,0,0,0
INM00043326,2013,0,0,0,0,0,0,0,0,1,0,0,0
INM00043326,2015,0,1,0,0,0,0,0,0,0,0,0,0
INM00043326,2016,0,0,0,2,1,0,0,0,0,0,0,2
INM00043326,2017,1,1,3,0,0,0,0,0,0,0,0,0
INM00043326,2018,0,1,0,0,0,0,0,0,0,0,0,0
INM00043326,2019,0,0,0,0,0,1,0,2,0,0,0,0
INM00043326,2020,0,0,0,0,0,1,0,0,1,0,0,0
INM00043326,2021,0,0,0,1,0,0,1,0,0,0,0,0
INM00043326,2022,0,0,0,0,0,0,0,0,1,0,0,0
INM00043326,2023,0,0,0,0,1,0,0,0,0,0,0,0
INM00043326,2024,0,0,0,0,0,0,1,0,0,0,0,0
INM00043345,2015,0,0,0,0,0,0,0,0,0,0,0,6
INM00043345,2016,6,0,0,0,0,0,0,0,0,0,0,0
INM00043345,2017,0,0,0,0,0,0,0,0,0,0,0,1
INM00043345,2019,0,0,0,0,0,0,0,0,1,0,0,0
INM00043345,2020,0,0,1,0,0,0,0,0,0,0,0,0
INM00043345,2024,0,0,0,0,0,0,0,0,0,0,0,1
INM00043259,1985,0,0,0,0,0,0,0,0,0,0,0,2
INM00043259,1986,1,0,0,0,0,0,0,0,0,0,0,0
INM00043259,2016,0,0,0,0,0,0,0,0,0,1,0,0
INM00043259,2021,0,0,1,0,0,0,0,0,0,0,0,0
INM00043259,2023,0,0,0,0,0,0,0,0,1,0,0,0
INM00043349,1999,0,0,0,0,0,0,0,0,1,0,0,0
INM00043349,2000,0,0,0,0,0,0,0,0,0,1,0,0
INM00043349,2002,1,0,0,0,0,0,0,2,0,0,0,0
INM00043349,2009,0,1,0,0,0,0,0,0,0,0,0,0
INM00043349,2018,0,0,0,0,1,0,1,0,0,0,0,0
INM00043349,2019,0,0,0,0,0,0,0,0,0,0,3,0
INM00043349,2023,0,0,0,0,1,0,0,0,0,0,0,0
INM00043349,2024,0,0,0,0,0,0,0,0,0,0,1,0
INM00043356,2015,0,0,0,0,0,0,0,0,0,0,0,31
INM00043356,2016,34,31,34,34,46,42,48,44,42,45,47,52
INM00043356,2017,52,39,39,46,47,44,42,40,37,48,41,31
INM00043356,2018,39,16,15,17,28,14,31,30,30,31,24,38
INM00043356,2019,30,37,28,33,47,13,37,46,36,46,43,20
INM00043356,2020,46,40,38,52,44,51,54,46,52,52,53,54
INM00043356,2021,54,42,44,52,53,42,55,52,43,46,53,57
INM00043356,2022,52,49,52,57,50,42,54,49,50,38,55,46
INM00043356,2023,43,38,48,33,28,39,45,44,43,54,47,46
INM00043356,2024,39,34,45,34,44,41,43,45,33,51,37,49
INM00043356,2025,48,35,37,42,40,39,49,27,29,39,34,44
INM00043356,2026,31,28,0,0,0,0,0,0,0,0,0,0
INM00043264,2015,0,0,0,0,0,0,0,0,0,0,0,10
INM00043264,2016,9,8,20,19,21,22,25,16,0,0,0,0
INM00043264,2017,0,7,7,25,26,24,27,25,27,24,10,2
INM00043264,2018,9,13,9,2,3,2,13,2,2,3,3,2
INM00043264,2019,5,3,3,11,3,0,0,0,0,0,0,0
INM00043260,2009,0,1,0,0,0,0,0,0,0,0,0,0
INM00043260,2015,0,0,0,0,0,0,0,0,0,0,0,21
INM00043260,2016,39,23,28,26,31,24,26,28,26,27,27,29
INM00043260,2017,28,25,30,8,5,7,1,4,1,1,3,1
INM00043260,2018,1,1,2,2,3,2,5,2,1,2,4,8
INM00043260,2019,1,3,0,2,16,2,8,12,24,31,29,22
INM00043260,2020,31,26,19,25,26,28,31,32,29,32,30,31
INM00043260,2021,31,25,31,27,31,30,30,30,29,25,12,27
INM00043260,2022,31,17,21,12,12,6,8,6,8,13,11,11
INM00043260,2023,11,15,18,13,13,20,20,28,18,16,23,16
INM00043260,2024,19,18,24,18,16,15,17,7,3,7,2,3
INM00043260,2025,10,41,42,42,32,3,0,0,0,0,0,0
INM00043340,2015,0,0,0,0,0,0,0,0,0,0,0,35
INM00043340,2016,44,36,46,37,34,50,46,39,35,40,42,42
INM00043340,2017,41,34,35,33,43,41,41,30,36,44,41,36
INM00043340,2018,54,54,61,58,60,60,54,60,55,58,60,60
INM00043340,2019,62,54,61,56,61,60,59,59,57,60,60,60
INM00043340,2020,62,57,59,60,60,60,60,61,59,62,59,61
INM00043340,2021,61,50,62,60,61,60,62,62,59,61,58,62
INM00043340,2022,62,55,62,59,61,59,61,62,57,55,58,62
INM00043340,2023,60,55,60,50,43,55,57,57,52,61,56,52
INM00043340,2024,60,54,60,50,57,53,53,54,38,56,50,53
INM00043340,2025,49,47,50,53,57,55,56,56,52,50,55,61
INM00043340,2026,37,36,0,0,0,0,0,0,0,0,0,0
INMU0020460,1874,0,0,0,0,0,0,0,0,0,0,0,2
INMU0020460,1875,248,224,248,240,248,240,248,248,240,248,240,248
INMU0020460,1876,248,232,248,240,248,240,248,248,240,248,240,248
INMU0020460,1877,248,224,248,240,248,240,248,248,240,248,240,248
INMU0020460,1878,248,224,248,240,248,240,248,248,240,248,240,246
INMU0020460,1883,0,0,0,0,0,0,0,0,0,0,0,2
INMU0020460,1884,248,232,248,240,248,240,248,248,240,248,240,246
INMU0020460,1885,124,112,124,120,124,120,123,124,120,124,120,124
INMU0020460,1886,124,112,124,120,124,120,124,124,120,124,120,124
INMU0020460,1887,124,112,124,120,124,120,124,124,120,123,120,124
INMU0020460,1888,124,116,124,120,124,120,124,124,119,124,119,126
INMU0020460,1889,248,224,248,240,248,240,248,248,240,248,240,246
INMU0020460,1890,248,224,248,240,248,240,248,248,240,248,240,248
INMU0020460,1944,57,58,61,713,385,52,53,52,59,58,59,62
INMU0020460,1945,62,54,61,58,58,53,55,53,57,59,58,61
INMU0020460,1946,61,51,60,58,60,59,47,33,54,48,46,59
INMU0020460,1947,61,52,59,58,59,58,59,61,58,57,60,62
INMU0020460,1948,62,57,62,59,58,58,61,62,60,60,60,60
INMU0020460,1974,4,3,4,2,8,7,8,7,2,7,6,2
INMU0020460,1975,13,6,8,0,0,0,0,0,3,0,1,0
INMU0020460,1987,3,6,4,4,9,8,2,0,3,3,1,2
INMU0020460,1988,1,0,1,1,1,3,1,4,1,3,2,0
INMU0020460,1989,1,1,1,0,2,0,0,2,1,0,0,1
INMU0020460,1990,0,0,0,1,1,0,0,0,0,0,0,0
INMU0020460,2001,0,0,0,0,0,0,0,1,0,0,0,0
INMU0020460,2003,0,0,1,0,0,0,1,0,0,0,1,1
INMU0020460,2007,0,0,0,0,2,0,0,0,0,0,0,0
INMU0020460,2009,0,4,0,0,0,0,0,0,0,0,0,0
INMU0020460,2012,0,1,0,0,0,0,0,0,0,0,0,0
INMU0020460,2013,0,0,2,1,0,2,0,0,0,0,0,0
INMU0020460,2015,0,0,0,0,0,0,0,0,0,0,0,196
INMU0020460,2016,248,220,238,239,235,238,248,248,240,246,237,247
INMU0020460,2017,245,224,245,236,240,237,247,247,240,248,238,248
INMU0020460,2018,248,223,248,228,245,240,243,247,227,245,239,248
INMU0020460,2019,248,223,240,235,247,240,248,248,240,247,238,248
INMU0020460,2020,248,232,248,240,244,239,247,246,237,240,238,248
INMU0020460,2021,240,211,247,239,245,234,248,243,240,248,240,248
INMU0020460,2022,247,224,248,236,241,236,240,245,239,239,240,246
INMU0020460,2023,248,224,242,238,241,231,246,104,0,0,0,0
INM00043263,2002,0,0,0,0,1,0,0,0,0,1,1,0
INM00043263,2003,0,0,0,0,0,0,1,0,0,0,0,0
INM00043263,2009,0,1,0,1,0,0,0,0,0,0,0,0
INM00043263,2015,0,0,0,0,0,0,0,0,0,0,0,25
INM00043263,2016,41,32,23,22,36,21,0,29,35,29,39,32
INM00043263,2017,36,22,36,38,34,23,25,27,27,31,30,21
INM00043263,2018,30,44,36,26,30,25,10,22,31,30,23,23
INM00043263,2019,23,21,19,21,23,18,24,25,29,50,37,31
INM00043263,2020,47,38,16,0,34,53,51,52,46,52,32,29
INM00043263,2021,38,39,53,52,52,52,44,41,43,33,28,38
INM00043263,2022,34,19,19,7,6,4,5,2,5,5,3,4
INM00043263,2023,6,3,6,8,7,13,20,22,10,4,5,12
INM00043263,2024,16,17,21,16,14,10,14,5,2,2,0,0
INM00043263,2025,0,0,0,0,0,0,0,0,0,0,0,32
INM00043263,2026,44,39,0,0,0,0,0,0,0,0,0,0
INM00043373,2003,0,0,1,0,0,0,0,0,0,0,0,0
INM00043373,2020,1,0,0,0,0,0,0,0,0,0,0,0
INM00043373,2022,0,0,0,0,0,0,0,1,0,0,0,0
INM00043187,2004,0,0,0,0,1,0,0,0,0,0,0,0
INM00043187,2009,0,4,0,0,0,0,0,0,0,0,0,0
INM00043187,2013,0,0,2,1,0,2,0,0,0,0,0,0
INM00043187,2015,0,0,0,0,0,0,0,0,0,0,0,194
INM00043187,2016,248,209,241,238,247,239,248,247,240,248,231,244
INM00043187,2017,244,224,246,240,248,236,247,246,240,248,237,247
INM00043187,2018,246,220,248,219,247,239,236,246,221,243,239,241
INM00043187,2019,247,223,243,228,240,235,246,247,233,243,236,245
INM00043187,2020,247,232,237,164,146,200,138,183,239,247,239,247
INM00043187,2021,248,207,246,240,163,213,246,246,240,245,235,246
INM00043187,2022,248,216,247,239,241,236,243,235,237,225,238,246
INM00043187,2023,247,221,244,201,224,225,240,239,229,236,237,231
INM00043187,2024,241,230,235,206,233,223,224,215,189,230,215,209
INM00043187,2025,184,186,221,229,234,224,230,221,215,237,232,234
INM00043187,2026,230,202,0,0,0,0,0,0,0,0,0,0
INM00043272,2015,0,0,0,0,0,0,0,0,0,0,0,20
INM00043272,2016,23,16,21,23,31,24,27,30,27,27,27,28
INM00043272,2017,27,23,30,29,29,24,28,27,29,30,12,10
INM00043272,2018,17,25,15,11,10,10,8,8,7,18,19,15
INM00043272,2019,20,19,19,17,21,12,22,27,20,18,20,15
INM00043272,2020,24,14,8,2,8,5,2,9,3,3,1,7
INM00043272,2021,7,13,11,9,12,26,24,20,25,25,6,6
INM00043272,2022,16,17,24,18,16,8,19,14,16,14,14,16
INM00043272,2023,16,15,17,14,15,16,15,19,11,19,25,23
INM00043272,2024,19,23,25,19,16,13,17,7,2,9,2,3
INM00043272,2025,9,31,31,32,22,20,21,26,19,26,25,28
INM00043272,2026,22,17,0,0,0,0,0,0,0,0,0,0
INM00043342,1978,0,0,0,0,0,0,1,0,0,0,0,0
INM00043342,2002,0,0,0,0,0,0,0,0,0,0,0,1
INM00043342,2009,0,1,0,0,0,0,0,0,0,0,0,0
INM00043342,2015,0,0,0,0,0,0,0,0,0,0,0,44
INM00043342,2016,57,52,52,59,59,57,60,60,59,60,56,60
INM00043342,2017,55,54,61,57,61,56,59,61,58,61,59,62
INM00043342,2018,62,52,62,54,64,59,58,62,56,61,60,63
INM00043342,2019,64,58,62,59,60,55,62,62,59,62,60,47
INM00043342,2020,62,52,43,56,58,59,59,61,59,61,59,61
INM00043342,2021,62,50,61,56,61,58,59,62,60,62,56,62
INM00043342,2022,61,53,61,60,60,59,62,58,59,55,60,61
INM00043342,2023,62,56,61,52,57,58,59,61,55,63,60,54
INM00043342,2024,62,55,60,52,62,56,60,55,53,61,58,58
INM00043342,2025,59,52,58,59,60,58,58,56,56,61,60,62
INM00043342,2026,58,50,0,0,0,0,0,0,0,0,0,0
INM00043331,2009,0,4,0,0,0,0,0,0,0,0,0,0
INM00043331,2015,0,0,0,0,0,0,0,0,0,0,0,193
INM00043331,2016,247,210,241,239,248,239,247,247,240,248,234,244
INM00043331,2017,244,223,245,240,247,236,248,246,240,247,236,248
INM00043331,2018,246,221,247,226,248,239,232,247,221,245,240,243
INM00043331,2019,247,224,243,233,242,239,246,248,239,246,237,248
INM00043331,2020,247,232,245,237,233,240,247,247,236,248,240,247
INM00043331,2021,247,213,248,239,247,237,243,248,239,248,239,248
INM00043331,2022,248,221,244,239,246,238,241,236,237,233,239,244
INM00043331,2023,245,219,242,218,220,231,240,242,230,242,232,230
INM00043331,2024,245,221,240,206,228,227,219,217,176,232,216,222
INM00043331,2025,200,180,210,227,229,216,233,212,209,227,227,236
INM00043331,2026,226,204,0,0,0,0,0,0,0,0,0,0
INM00043266,2009,0,1,0,0,0,0,0,0,0,0,0,0
INM00043266,2015,0,0,0,0,0,0,0,0,0,0,0,47
INM00043266,2016,61,56,60,59,60,60,58,58,58,62,57,61
INM00043266,2017,61,56,61,59,61,58,62,61,59,64,57,60
INM00043266,2018,60,54,61,54,62,60,59,63,54,58,60,59
INM00043266,2019,62,55,61,56,60,53,61,59,61,62,59,47
INM00043266,2020,61,53,50,54,61,60,62,61,59,62,59,62
INM00043266,2021,63,51,62,57,62,59,59,58,60,59,54,58
INM00043266,2022,60,54,62,60,60,57,56,54,56,58,57,60
INM00043266,2023,62,54,59,54,55,44,46,56,43,59,56,58
INM00043266,2024,62,57,62,53,60,60,56,62,59,62,60,56
INM00043266,2025,52,44,59,60,62,59,63,58,55,62,61,62
INM00043266,2026,62,51,0,0,0,0,0,0,0,0,0,0
INM00043225,1973,34,26,28,18,22,18,24,21,20,22,26,21
INM00043225,1974,28,32,34,28,24,29,23,33,19,19,21,25
INM00043225,1975,21,18,12,13,24,12,14,14,18,15,16,14
INM00043225,1976,26,15,31,25,12,2,3,1,7,5,2,13
INM00043225,1977,28,22,25,26,31,25,19,21,22,32,24,36
INM00043225,1978,37,41,43,39,43,46,42,43,35,0,0,0
INM00043225,1979,0,0,0,1,0,0,1,0,0,0,0,0
INM00043225,1983,0,0,0,0,0,0,0,0,6,16,18,16
INM00043225,1984,21,22,23,20,17,8,25,21,18,27,25,10
INM00043225,1985,30,28,29,31,19,17,16,20,20,33,19,25
INM00043225,1986,22,27,23,15,13,12,14,12,9,8,11,18
INM00043225,1987,18,17,19,8,13,9,7,3,9,2,4,8
INM00043225,1988,24,14,7,0,2,2,11,6,2,1,5,5
INM00043225,1989,0,7,7,3,3,1,3,1,5,6,7,5
INM00043225,1990,2,3,3,0,1,0,0,0,0,0,0,0
INM00043225,1992,0,0,0,0,0,0,6,1,0,1,6,2
INM00043225,1993,0,0,0,1,0,0,1,0,0,0,0,0
INM00043225,1994,0,0,0,2,0,0,0,0,0,1,0,0
INM00043225,1995,0,0,1,0,0,0,0,0,0,1,0,1
INM00043225,1996,0,0,0,0,0,0,1,1,0,0,2,4
INM00043225,1997,6,7,6,0,0,0,0,1,0,0,0,0
INM00043225,1998,0,1,8,3,1,0,0,1,0,0,0,0
INM00043225,2000,0,0,0,0,0,0,0,0,0,1,0,0
INM00043225,2009,0,2,0,0,0,0,0,2,54,60,60,62
INM00043225,2010,62,55,62,59,62,59,59,61,60,59,60,58
INM00043225,2011,62,56,59,60,62,50,61,61,53,60,60,62
INM00043225,2012,62,57,62,60,62,60,62,62,60,62,59,62
INM00043225,2013,62,56,62,61,61,59,61,62,60,62,59,61
INM00043225,2014,62,56,62,60,62,60,61,62,60,62,60,61
INM00043225,2015,62,54,62,60,61,60,62,61,59,62,60,109
INM00043225,2016,124,112,121,120,124,120,124,123,120,124,120,124
INM00043225,2017,123,112,124,120,123,118,124,123,120,123,119,123
INM00043225,2018,124,110,123,111,124,118,121,123,115,120,120,122
INM00043225,2019,124,111,120,114,121,113,120,122,118,124,120,112
INM00043225,2020,124,114,111,112,115,119,124,124,120,123,119,124
INM00043225,2021,124,104,124,119,124,120,121,124,119,122,120,123
INM00043225,2022,123,108,122,119,121,118,125,115,117,120,120,124
INM00043225,2023,124,112,119,101,101,117,118,118,118,123,119,113
INM00043225,2024,120,109,114,104,115,114,120,105,99,117,113,117
INM00043225,2025,107,109,110,115,122,114,116,110,108,119,111,123
INM00043225,2026,120,102,0,0,0,0,0,0,0,0,0,0
INMU0020418,1944,26,29,30,30,29,29,31,28,30,31,29,31
INMU0020418,1945,31,28,31,30,30,27,29,29,30,31,26,30
INMU0020418,1946,31,26,31,30,31,27,25,29,30,24,22,30
INMU0020418,1947,30,27,30,30,30,30,30,30,29,31,30,31
INMU0020418,1948,30,29,31,29,26,28,30,31,29,29,29,31
INM00043379,2009,0,1,0,0,0,0,0,0,0,0,0,0
INM00043379,2015,0,0,0,0,0,0,0,0,0,0,0,45
INM00043379,2016,62,53,58,58,61,57,60,61,59,61,60,62
INM00043379,2017,59,55,62,60,62,57,62,62,60,62,58,62
INM00043379,2018,59,55,62,58,61,60,56,62,56,60,60,61
INM00043379,2019,61,55,60,59,60,59,60,61,60,62,60,62
INM00043379,2020,62,58,60,60,57,53,24,42,48,43,45,46
INM00043379,2021,39,40,48,39,44,46,44,43,46,42,47,50
INM00043379,2022,41,42,50,44,41,44,40,38,40,37,43,42
INM00043379,2023,41,39,46,29,36,33,41,42,36,40,43,32
INM00043379,2024,33,44,39,34,40,37,42,56,42,59,66,56
INM00043379,2025,33,33,29,34,32,32,30,32,31,35,39,52
INM00043379,2026,38,33,0,0,0,0,0,0,0,0,0,0
INM00043277,1978,0,1,0,0,2,0,0,0,1,0,0,0
INM00043277,1979,0,1,0,1,0,0,0,0,0,0,0,0
INM00043277,2015,0,0,0,0,0,0,0,0,0,0,0,47
INM00043277,2016,61,43,51,57,59,57,58,61,58,59,52,53
INM00043277,2017,54,53,58,60,62,58,60,55,59,60,57,59
INM00043277,2018,61,56,59,53,61,50,58,60,56,57,60,59
INM00043277,2019,62,55,59,57,60,58,61,60,60,60,56,62
INM00043277,2020,59,58,57,59,56,58,61,62,58,62,60,60
INM00043277,2021,58,50,61,59,60,56,60,62,59,58,60,61
INM00043277,2022,61,53,62,59,62,60,60,59,57,59,60,62
INM00043277,2023,62,56,62,44,49,49,60,62,56,62,59,56
INM00043277,2024,60,54,59,51,59,57,57,57,52,60,60,57
INM00043277,2025,54,51,60,58,59,56,61,57,56,60,59,62
INM00043277,2026,59,53,0,0,0,0,0,0,0,0,0,0
INM00043367,1897,0,0,0,0,22,28,3,30,30,31,29,31
INM00043367,1898,30,27,31,1,18,30,31,30,30,31,30,27
INM00043367,1899,31,28,12,30,31,30,31,30,30,29,30,31
INM00043367,1973,17,9,15,15,7,17,13,14,12,18,18,13
INM00043367,1974,20,8,11,20,9,7,8,10,9,6,8,7
INM00043367,1975,3,5,4,5,3,6,7,9,6,3,9,2
INM00043367,1976,8,4,10,5,1,1,1,0,0,1,0,2
INM00043367,1977,1,0,0,1,1,0,0,2,2,0,0,1
INM00043367,1978,0,1,0,1,0,0,1,1,0,0,0,0
INM00043367,2003,0,0,0,0,0,0,1,0,0,0,0,0
INM00043367,2007,0,0,0,0,1,0,0,0,0,0,0,0
INM00043367,2009,0,1,0,0,0,0,0,0,0,0,0,0
INM00043367,2015,0,0,0,0,0,0,0,0,0,0,0,49
INM00043367,2016,62,58,60,60,62,60,62,60,59,62,60,62
INM00043367,2017,61,56,60,60,64,60,62,63,60,61,60,62
INM00043367,2018,62,56,62,59,62,60,61,62,57,61,60,62
INM00043367,2019,61,56,61,60,62,60,63,61,59,62,60,62
INM00043367,2020,62,58,62,60,62,60,62,62,60,62,60,62
INM00043367,2021,61,53,62,61,62,60,62,62,60,62,60,62
INM00043367,2022,62,56,61,60,60,59,63,61,60,62,60,62
INM00043367,2023,62,55,61,60,62,58,61,60,59,62,61,57
INM00043367,2024,62,58,62,54,62,60,59,62,59,63,60,61
INM00043367,2025,63,55,61,59,62,59,61,57,55,62,59,62
INM00043367,2026,62,51,0,0,0,0,0,0,0,0,0,0
INM00043271,1973,21,23,20,3,9,18,21,15,18,23,16,16
INM00043271,1974,23,21,14,17,15,21,17,25,26,23,25,29
INM00043271,1975,23,15,22,12,9,12,24,18,20,23,21,17
INM00043271,1976,19,21,24,24,24,14,17,21,13,7,7,16
INM00043271,1977,24,27,21,26,21,22,34,30,33,29,29,30
INM00043271,1978,40,40,46,40,45,41,43,43,37,0,1,0
INM00043271,1979,0,0,1,0,0,1,0,0,0,0,0,0
INM00043271,1983,0,0,0,0,0,0,0,0,5,20,14,18
INM00043271,1984,6,14,20,21,23,13,21,17,24,22,19,11
INM00043271,1985,27,32,26,19,15,20,18,23,27,33,18,18
INM00043271,1986,19,27,24,30,20,14,26,16,13,14,13,17
INM00043271,1987,22,22,28,12,21,7,9,4,13,1,8,8
INM00043271,1988,14,12,9,3,2,4,6,11,8,1,4,5
INM00043271,1989,0,5,4,4,6,0,4,3,5,1,2,2
INM00043271,1990,4,2,2,0,1,0,0,0,0,0,0,0
INM00043271,2009,0,1,0,0,0,0,0,0,19,18,13,25
INM00043271,2010,20,18,21,25,22,27,25,28,30,22,25,30
INM00043271,2011,29,27,30,29,28,24,30,30,27,29,29,31
INM00043271,2012,31,29,29,31,31,29,35,30,31,32,29,31
INM00043271,2013,32,28,32,29,32,31,30,31,31,29,30,29
INM00043271,2014,31,27,31,30,29,33,34,31,29,29,30,30
INM00043271,2015,31,27,30,28,31,29,31,29,28,30,30,52
INM00043271,2016,56,53,54,57,58,57,58,57,57,55,52,56
INM00043271,2017,59,47,62,57,57,55,59,55,59,60,58,59
INM00043271,2018,58,53,60,53,62,54,56,56,53,56,55,57
INM00043271,2019,56,55,58,54,60,52,58,59,60,58,58,43
INM00043271,2020,59,49,43,53,51,57,58,61,54,58,58,59
INM00043271,2021,61,50,59,55,58,58,62,61,58,60,54,61
INM00043271,2022,60,53,61,60,60,58,62,59,57,58,60,62
INM00043271,2023,62,56,61,49,52,56,57,61,54,59,60,58
INM00043271,2024,60,56,62,52,61,55,58,59,48,60,53,57
INM00043271,2025,53,50,48,57,57,53,56,51,54,60,55,60
INM00043271,2026,60,51,0,0,0,0,0,0,0,0,0,0
INM00043348,2003,0,0,0,0,0,0,1,0,0,0,0,0
INM00043348,2004,0,0,0,0,1,0,0,0,0,0,0,0
INM00043348,2009,0,4,0,0,0,0,0,0,0,0,0,0
INM00043348,2015,0,0,0,0,0,0,0,0,0,0,0,190
INM00043348,2016,245,210,243,239,245,237,248,245,237,246,233,244
INM00043348,2017,241,224,248,239,246,235,247,246,234,230,237,247
INM00043348,2018,247,220,247,224,246,236,232,247,219,242,203,241
INM00043348,2019,246,224,238,229,242,236,249,248,239,247,237,248
INM00043348,2020,248,232,245,236,237,240,246,246,239,247,239,248
INM00043348,2021,248,212,247,239,237,237,220,238,226,240,238,248
INM00043348,2022,248,222,230,219,247,235,242,238,236,235,237,246
INM00043348,2023,246,221,244,229,215,197,243,243,229,242,238,230
INM00043348,2024,243,220,237,210,237,221,226,213,182,229,224,218
INM00043348,2025,205,186,214,229,220,221,234,216,216,230,223,234
INM00043348,2026,178,203,0,0,0,0,0,0,0,0,0,0
INM00043289,1981,0,0,0,0,0,0,0,0,0,2,4,3
INM00043289,1982,0,2,0,3,0,0,1,0,1,0,2,0
INM00043289,1983,0,0,0,0,0,1,4,1,0,2,0,1
INM00043289,1984,0,2,0,1,0,0,0,0,0,0,0,0
INM00043289,1999,0,1,0,0,0,2,0,0,0,0,1,0
INM00043289,2000,0,0,0,0,0,0,0,0,0,1,0,0
INM00043289,2002,0,1,0,0,0,0,0,1,0,0,2,0
INM00043289,2003,1,0,1,1,1,0,1,0,0,0,0,0
INM00043289,2009,0,1,0,0,0,0,0,0,0,0,0,0
INM00043289,2015,0,0,0,0,0,0,0,0,0,0,0,37
INM00043289,2016,53,28,41,40,52,46,53,50,45,45,46,46
INM00043289,2017,54,34,51,56,58,53,57,53,53,57,31,31
INM00043289,2018,46,45,44,28,39,30,32,15,15,34,32,24
INM00043289,2019,37,31,33,38,48,35,38,45,44,42,42,32
INM00043289,2020,47,40,18,9,25,9,7,25,7,5,23,32
INM00043289,2021,28,37,34,24,16,51,46,44,45,49,27,26
INM00043289,2022,31,28,28,17,23,32,34,35,41,35,33,26
INM00043289,2023,30,24,30,24,24,34,32,26,24,32,43,28
INM00043289,2024,23,25,30,30,25,17,27,14,3,17,5,7
INM00043289,2025,13,42,27,0,0,0,0,0,0,0,0,0
INM00043283,1944,108,110,120,112,114,118,124,124,118,124,118,120
INM00043283,1945,124,110,124,116,110,110,114,116,120,124,114,110
INM00043283,1946,124,102,120,118,124,118,110,124,118,96,86,124
INM00043283,1947,96,104,124,116,124,118,120,122,118,124,120,104
INM00043283,1948,124,116,122,120,124,114,122,124,120,120,120,124
INM00043283,1954,62,55,60,60,61,59,62,60,58,62,59,61
INM00043283,1955,62,55,61,59,61,60,60,58,59,61,60,62
INM00043283,1956,62,58,62,59,60,59,62,61,60,62,60,61
INM00043283,1957,82,75,79,76,66,63,92,93,90,92,90,93
INM00043283,1958,93,84,93,89,93,90,93,91,90,93,89,93
INM00043283,1959,69,63,77,74,67,66,63,68,59,56,57,58
INM00043283,1960,47,55,70,61,59,50,47,56,42,37,32,32
INM00043283,1961,70,67,82,78,85,63,89,79,67,78,80,84
INM00043283,1962,87,88,81,86,81,99,94,98,98,111,97,96
INM00043283,1963,62,56,62,60,56,59,62,62,60,60,59,60
INM00043287,1944,98,106,116,116,108,120,116,114,108,120,114,122
INM00043287,1945,122,110,122,120,122,112,108,116,116,124,114,120
INM00043287,1946,124,100,120,92,116,88,94,118,116,86,86,116
INM00043287,1947,116,106,120,114,114,104,116,112,118,122,116,122
INM00043287,1948,118,112,118,118,120,114,122,120,118,112,108,116
INM00043287,1973,30,31,30,5,21,15,33,25,26,30,31,27
INM00043287,1974,26,29,31,23,30,28,25,40,23,22,22,22
INM00043287,1975,21,22,20,13,26,23,25,21,20,21,21,16
INM00043287,1976,20,17,32,17,12,9,9,11,14,6,5,14
INM00043287,1977,22,12,21,20,25,21,26,23,22,27,30,28
INM00043287,1978,34,40,3,2,29,34,37,39,38,1,1,0
INM00043287,1979,0,0,0,2,1,1,2,0,0,3,1,0
INM00043287,1980,3,2,0,0,1,0,0,0,1,0,0,0
INM00043287,1983,0,0,0,0,0,0,0,0,0,13,5,7
INM00043287,1984,5,5,4,6,8,7,21,20,24,21,19,9
INM00043287,1985,23,30,24,4,20,14,13,15,21,24,15,17
INM00043287,1986,22,20,1,0,0,6,8,6,2,11,8,12
INM00043287,1987,12,14,22,17,14,7,7,5,12,4,2,11
INM00043287,1988,22,20,6,0,1,3,7,3,3,1,4,3
INM00043287,1989,0,2,5,4,2,1,2,0,2,5,6,5
INM00043287,1990,3,1,3,5,1,1,1,0,0,1,1,1
INM00043287,1991,0,1,1,0,0,0,0,1,0,0,0,0
INM00043287,2002,0,0,0,0,0,0,0,0,0,1,0,0
INM00043287,2009,0,1,0,0,0,0,0,1,26,27,25,28
INM00043287,2010,30,25,30,27,27,25,27,30,27,26,24,26
INM00043287,2011,27,25,25,23,25,18,23,21,21,23,24,30
INM00043287,2012,28,27,29,29,28,29,30,29,26,29,27,25
INM00043287,2013,28,26,28,25,30,27,30,30,27,28,30,27
INM00043287,2014,30,27,31,29,30,29,30,30,28,28,27,28
INM00043287,2015,29,24,28,29,28,28,29,29,25,25,29,49
INM00043287,2016,51,38,44,44,56,46,51,53,49,54,51,53
INM00043287,2017,59,54,59,58,55,54,59,56,56,60,31,38
INM00043287,2018,52,48,47,36,44,30,36,10,19,34,34,26
INM00043287,2019,35,32,35,34,48,32,38,40,26,37,41,32
INM00043287,2020,44,36,20,5,13,11,8,26,0,0,6,15
INM00043287,2021,8,15,12,9,6,11,16,7,9,9,2,5
INM00043287,2022,10,10,0,0,0,0,0,0,0,0,0,0
INM00043287,2025,0,0,0,0,0,1,1,0,0,0,0,0
INM00043275,1986,1,1,1,0,2,3,1,1,0,2,2,0
INM00043275,1987,1,3,1,1,4,2,2,2,0,0,6,1
INM00043275,1988,1,1,3,5,1,0,2,2,0,0,3,3
INM00043275,1989,1,6,0,2,3,2,0,2,3,1,1,6
INM00043275,1990,3,3,7,1,1,5,4,2,3,5,2,4
INM00043275,1991,8,14,4,3,5,3,2,4,2,2,1,0
INM00043275,1992,0,0,1,0,1,0,2,1,1,1,1,1
INM00043275,1993,1,1,5,2,1,2,1,3,3,4,3,1
INM00043275,1994,2,3,3,4,3,1,1,2,2,0,2,3
INM00043275,1995,1,0,0,1,4,2,0,3,2,0,3,0
INM00043275,1996,0,0,1,2,2,3,4,1,1,1,1,1
INM00043275,1997,1,0,0,0,2,2,0,1,0,0,0,0
INM00043275,1998,0,3,2,0,1,1,2,0,0,2,0,1
INM00043275,1999,1,0,0,0,0,0,0,0,0,0,0,0
INM00043275,2001,0,2,1,0,1,1,1,1,1,0,0,0
INM00043275,2002,0,0,2,1,0,1,1,2,0,0,0,0
INM00043275,2003,1,1,1,0,1,1,1,0,0,0,0,0
INM00043275,2009,0,5,0,0,0,0,0,0,0,0,0,0
INM00043275,2013,0,0,0,1,0,1,0,0,0,0,0,0
INM00043275,2015,0,0,0,0,0,0,0,0,0,0,0,118
INM00043275,2016,155,131,149,150,151,149,156,152,149,155,145,153
INM00043275,2017,152,140,154,148,154,146,153,154,150,151,145,152
INM00043275,2018,148,137,152,140,155,148,142,155,131,147,151,152
INM00043275,2019,154,140,150,137,148,136,151,154,147,154,145,150
INM00043275,2020,155,142,144,145,152,150,153,155,148,153,150,149
INM00043275,2021,155,132,155,147,153,148,155,155,150,155,140,155
INM00043275,2022,155,136,154,150,152,149,152,151,148,147,150,153
INM00043275,2023,154,138,150,145,153,146,151,149,145,149,148,140
INM00043275,2024,149,142,142,127,147,136,134,122,99,148,137,138
INM00043275,2025,109,112,122,138,137,137,127,122,130,137,144,146
INM00043275,2026,144,127,0,0,0,0,0,0,0,0,0,0
INM00043322,2015,0,0,0,0,0,0,0,0,0,0,0,38
INM00043322,2016,45,41,39,45,55,41,39,39,30,32,37,25
INM00043322,2017,18,32,44,53,53,44,54,48,57,59,18,11
INM00043322,2018,19,16,17,10,16,9,7,8,4,14,19,9
INM00043322,2019,12,16,14,8,18,12,22,26,18,14,21,5
INM00043322,2020,3,14,3,0,0,0,0,0,0,0,0,0
INM00043322,2023,0,0,0,0,0,0,0,0,0,0,0,1
INM00043322,2024,0,0,0,0,0,0,0,0,0,0,0,1
INM00043322,2025,0,0,0,0,0,0,0,1,0,0,0,0
INM00043150,1944,57,56,60,59,56,60,60,57,59,60,59,61
INM00043150,1945,61,54,61,60,56,54,58,58,60,60,57,58
INM00043150,1946,62,50,59,60,62,59,57,61,60,48,46,62
INM00043150,1947,61,56,62,60,61,59,59,61,60,61,60,61
INM00043150,1948,61,58,62,60,62,57,59,62,60,60,59,62
INM00043150,1983,0,0,0,85,66,209,226,223,216,212,218,210
INM00043150,1984,227,195,235,220,233,213,209,224,222,231,216,221
INM00043150,1985,237,213,220,223,213,206,218,225,213,223,201,213
INM00043150,1986,218,205,230,216,228,215,226,190,201,199,219,221
INM00043150,1987,206,203,218,221,227,206,212,210,206,224,210,223
INM00043150,1988,224,218,231,219,215,213,200,219,187,154,163,210
INM00043150,1989,170,193,226,209,225,213,217,199,196,217,221,225
INM00043150,1990,224,198,226,203,168,210,220,238,191,229,182,218
INM00043150,1991,220,208,209,210,202,187,217,217,212,201,212,220
INM00043150,1992,221,214,178,207,205,196,216,201,215,225,219,213
INM00043150,1993,230,201,233,219,206,211,225,230,212,216,215,218
INM00043150,1994,206,199,237,228,208,198,221,217,216,227,225,238
INM00043150,1995,233,206,228,222,224,197,222,224,170,127,199,229
INM00043150,1996,217,215,238,227,227,220,223,224,211,187,208,212
INM00043150,1997,223,213,201,200,217,196,202,213,213,217,209,210
INM00043150,1998,201,195,208,208,207,219,217,213,225,234,220,238
INM00043150,1999,221,211,238,224,228,224,235,221,231,219,226,205
INM00043150,2000,224,221,238,216,238,221,228,226,216,227,226,233
INM00043150,2001,233,219,238,235,233,227,239,237,231,236,232,238
INM00043150,2002,239,214,234,231,238,226,243,243,229,238,239,234
INM00043150,2003,244,211,242,243,237,226,240,240,220,229,231,236
INM00043150,2004,243,228,247,239,247,239,244,245,232,245,237,243
INM00043150,2005,246,224,241,239,248,240,242,245,239,248,226,243
INM00043150,2006,239,220,246,238,245,236,244,247,236,248,236,244
INM00043150,2007,245,221,238,236,237,237,248,238,236,236,236,244
INM00043150,2008,246,232,241,235,247,240,243,247,239,245,233,244
INM00043150,2009,244,223,246,238,244,222,247,246,233,247,236,247
INM00043150,2010,246,224,247,239,247,235,237,247,238,245,240,247
INM00043150,2011,248,224,243,239,246,200,247,246,240,247,239,247
INM00043150,2012,248,231,248,238,248,237,247,245,240,247,235,247
INM00043150,2013,248,222,248,237,245,238,249,248,240,248,237,247
INM00043150,2014,248,223,248,239,248,238,245,248,239,228,239,248
INM00043150,2015,244,224,247,240,245,238,248,247,239,248,240,246
INM00043150,2016,137,103,95,82,82,68,80,73,104,74,107,127
INM00043150,2017,136,131,106,126,149,135,140,136,138,147,136,119
INM00043150,2018,129,105,105,97,129,133,132,127,163,152,112,131
INM00043150,2019,114,130,134,96,101,105,107,109,111,122,108,33
INM00043150,2020,23,24,34,10,17,13,12,18,16,24,18,17
INM00043150,2021,29,20,24,12,33,28,14,21,11,14,9,160
INM00043150,2022,248,223,248,237,247,237,245,240,238,235,240,247
INM00043150,2023,246,222,241,220,243,237,245,244,232,246,238,233
INM00043150,2024,246,232,245,215,245,236,241,240,225,245,237,243
INM00043150,2025,244,212,239,238,244,230,242,230,222,244,236,247
INM00043150,2026,237,206,0,0,0,0,0,0,0,0,0,0
INM00043341,2015,0,0,0,0,0,0,0,0,0,0,0,48
INM00043341,2016,60,54,58,58,62,57,59,61,60,62,57,60
INM00043341,2017,60,55,60,59,61,59,61,61,59,61,59,61
INM00043341,2018,61,53,42,57,58,60,55,62,56,58,60,62
INM00043341,2019,61,56,60,57,54,54,58,60,53,58,58,59
INM00043341,2020,61,57,58,57,50,48,57,53,59,61,60,54
INM00043341,2021,62,49,62,56,58,56,56,58,55,58,54,61
INM00043341,2022,61,53,58,58,58,59,61,60,56,56,56,58
INM00043341,2023,59,50,53,50,45,52,57,54,53,56,54,52
INM00043341,2024,57,47,58,52,53,51,54,50,40,55,56,55
INM00043341,2025,53,48,52,52,53,50,46,53,49,53,50,52
INM00043341,2026,41,31,0,0,0,0,0,0,0,0,0,0
INM00043299,1999,0,2,5,0,0,2,3,0,1,1,2,3
INM00043299,2000,0,2,1,0,0,0,0,0,0,0,0,0
INM00043299,2001,0,2,1,1,1,0,2,2,1,1,1,0
INM00043299,2002,0,0,1,0,1,1,2,0,1,0,0,0
INM00043299,2003,0,0,1,0,0,0,0,0,0,0,0,0
INM00043299,2017,0,0,0,0,0,1,1,0,0,0,0,0
INM00043299,2018,1,0,0,0,0,0,0,0,0,0,0,0
INM00043299,2019,0,1,0,1,0,0,0,0,0,0,0,0
INM00043299,2020,0,0,0,0,0,0,0,0,0,0,1,0
INM00043299,2021,0,0,2,0,0,0,1,0,0,0,0,0
INM00043376,1973,36,27,23,6,19,18,29,25,29,22,32,24
INM00043376,1974,31,40,36,30,22,26,26,33,19,22,18,19
INM00043376,1975,22,28,25,16,19,20,31,30,23,17,27,17
INM00043376,1976,22,23,27,27,14,13,9,10,11,7,6,13
INM00043376,1977,17,19,26,17,0,11,24,18,18,16,13,21
INM00043376,1978,29,33,28,25,40,33,32,32,31,0,1,0
INM00043376,1979,0,0,0,0,1,0,2,0,0,0,0,1
INM00043376,1980,0,0,1,0,0,0,0,0,0,0,0,0
INM00043376,1983,0,0,0,0,0,0,0,0,12,28,16,12
INM00043376,1984,19,13,22,24,19,16,14,23,25,24,15,8
INM00043376,1985,21,22,20,18,17,13,19,25,11,21,7,17
INM00043376,1986,20,14,16,14,12,10,7,10,9,10,7,21
INM00043376,1987,12,10,20,11,18,5,7,2,9,1,3,11
INM00043376,1988,17,13,6,1,1,5,10,5,3,1,3,1
INM00043376,1989,2,2,3,0,2,0,4,2,3,1,0,6
INM00043376,1990,1,4,2,2,0,0,0,0,0,0,0,0
INM00043376,1992,0,0,0,0,0,0,4,1,0,0,2,3
INM00043376,1993,1,0,1,1,0,0,2,2,2,0,0,1
INM00043376,1994,2,0,3,5,0,1,1,4,3,4,0,0
INM00043376,1995,1,1,0,0,1,0,1,0,0,0,0,0
INM00043376,2002,0,0,0,0,1,1,0,0,0,0,0,0
INM00043376,2009,0,1,0,0,0,0,0,1,27,31,30,31
INM00043376,2010,31,27,31,30,30,28,30,31,30,27,29,30
INM00043376,2011,30,27,30,30,30,25,29,29,27,29,30,29
INM00043376,2012,31,28,31,30,31,30,31,30,30,31,28,31
INM00043376,2013,31,28,31,30,31,30,31,31,30,31,30,30
INM00043376,2014,31,28,31,30,31,30,31,30,30,30,29,30
INM00043376,2015,31,27,30,27,27,27,27,30,29,30,30,55
INM00043376,2016,60,54,55,59,61,58,61,62,58,62,57,60
INM00043376,2017,55,54,59,60,62,59,58,59,57,59,56,60
INM00043376,2018,62,55,62,56,62,58,58,63,57,60,60,61
INM00043376,2019,61,56,61,56,60,59,60,60,58,61,59,62
INM00043376,2020,59,58,61,59,57,57,47,55,41,48,46,49
INM00043376,2021,50,44,44,39,36,31,45,42,45,55,52,45
INM00043376,2022,51,49,49,45,42,39,32,39,36,33,44,47
INM00043376,2023,54,47,50,47,45,40,54,58,53,57,58,45
INM00043376,2024,59,52,61,52,51,50,54,48,41,55,54,54
INM00043376,2025,56,44,53,51,52,52,49,50,46,54,51,56
INM00043376,2026,42,36,0,0,0,0,0,0,0,0,0,0
INM00043243,2004,0,0,0,0,1,0,0,0,0,0,0,0
INM00043243,2009,0,4,0,0,0,0,0,0,0,0,0,0
INM00043243,2013,0,0,2,1,0,2,0,0,0,0,0,0
INM00043243,2015,0,0,0,0,0,0,0,0,0,0,0,192
INM00043243,2016,248,210,243,239,248,238,248,247,239,246,232,243
INM00043243,2017,243,222,246,239,248,236,247,246,239,246,235,244
INM00043243,2018,246,220,248,224,248,240,238,247,221,244,237,241
INM00043243,2019,248,223,243,232,243,239,248,248,238,247,237,248
INM00043243,2020,248,232,246,238,235,240,247,248,239,247,240,247
INM00043243,2021,248,213,248,238,247,239,247,248,240,248,240,248
INM00043243,2022,248,223,248,240,246,235,244,237,237,238,239,247
INM00043243,2023,247,223,243,213,246,234,246,242,233,244,238,232
INM00043243,2024,245,227,241,215,240,233,233,219,196,238,226,230
INM00043243,2025,204,195,221,236,238,224,240,227,221,237,235,248
INM00043243,2026,238,203,0,0,0,0,0,0,0,0,0,0
INM00043291,1944,55,56,58,58,58,59,61,61,60,60,57,61
INM00043291,1945,61,54,61,55,57,57,57,57,59,62,58,58
INM00043291,1946,62,50,60,44,57,58,60,61,59,48,45,60
INM00043291,1947,60,54,62,59,62,60,58,61,58,61,58,62
INM00043291,1948,62,56,62,59,62,57,60,61,60,59,54,60
INM00043291,1973,25,30,25,15,26,20,31,22,29,24,32,27
INM00043291,1974,32,36,36,35,23,38,28,32,17,19,23,24
INM00043291,1975,24,16,24,17,24,20,23,22,15,23,28,17
INM00043291,1976,11,0,1,0,0,0,0,0,0,0,0,11
INM00043291,1977,22,14,23,22,25,23,23,18,26,26,26,26
INM00043291,1978,36,33,34,42,40,37,40,43,41,0,1,0
INM00043291,1979,0,0,0,0,0,0,1,0,0,0,0,0
INM00043291,1983,0,0,0,0,0,0,0,2,10,20,13,22
INM00043291,1984,22,15,21,27,14,16,22,28,25,22,19,10
INM00043291,1985,28,29,20,25,19,15,24,31,18,22,18,22
INM00043291,1986,29,25,22,26,14,11,18,17,9,17,11,26
INM00043291,1987,21,15,17,15,12,10,6,2,8,6,5,8
INM00043291,1988,21,16,6,1,1,4,9,9,3,0,3,8
INM00043291,1989,1,8,3,5,2,2,1,1,4,7,7,7
INM00043291,1990,3,3,2,0,0,0,0,0,0,0,0,0
INM00043291,2009,0,1,0,0,0,0,0,1,25,28,23,28
INM00043291,2010,29,25,30,27,27,26,28,29,27,26,25,27
INM00043291,2011,27,25,26,26,29,19,27,28,25,26,25,30
INM00043291,2012,29,27,29,30,28,29,30,29,26,29,29,26
INM00043291,2013,29,27,30,29,28,27,30,31,29,30,30,26
INM00043291,2014,31,27,30,30,31,30,28,29,28,30,28,28
INM00043291,2015,30,26,28,29,29,28,30,29,26,27,29,52
INM00043291,2016,40,24,24,27,35,45,49,52,51,46,26,32
INM00043291,2017,28,28,29,37,35,34,31,33,32,37,36,42
INM00043291,2018,33,33,33,20,36,34,35,37,37,43,33,36
INM00043291,2019,32,35,33,22,39,24,37,38,23,25,18,16
INM00043291,2020,21,14,7,13,22,12,19,22,16,21,21,19
INM00043291,2021,20,25,26,26,25,22,25,21,22,13,13,42
INM00043291,2022,60,32,26,15,18,24,32,29,39,41,30,22
INM00043291,2023,30,25,30,16,20,27,27,26,17,25,31,26
INM00043291,2024,24,23,31,23,24,12,31,23,9,20,11,11
INM00043291,2025,25,46,34,37,38,37,38,42,45,38,35,50
INM00043291,2026,48,41,0,0,0,0,0,0,0,0,0,0
INMU0020416,1934,31,28,31,30,31,30,31,31,30,31,30,31
INMU0020416,1935,31,28,31,30,31,30,31,31,30,31,30,31
INMU0020416,1944,57,58,60,58,58,57,62,62,59,60,59,61
INMU0020416,1945,62,55,61,59,60,56,58,58,60,61,58,60
INMU0020416,1946,62,51,59,60,62,59,59,61,60,48,46,62
INMU0020416,1947,62,54,62,59,62,60,60,61,60,62,60,62
INMU0020416,1948,60,58,61,59,57,56,59,59,59,60,60,62
INM00043382,1973,40,22,29,12,16,17,18,22,24,22,19,20
INM00043382,1974,18,15,8,5,4,3,4,3,0,0,0,0
INM00043382,1975,0,0,0,0,0,0,0,9,13,14,19,18
INM00043382,1976,20,20,32,28,21,29,35,17,20,7,12,20
INM00043382,1977,27,29,31,35,39,32,40,42,26,26,24,38
INM00043382,1978,50,45,48,40,39,34,45,29,41,0,0,0
INM00043382,1983,0,0,0,0,0,0,0,0,0,0,5,7
INM00043382,1984,18,9,5,11,6,0,5,9,8,9,11,2
INM00043382,1985,7,14,16,2,3,7,13,8,11,9,9,15
INM00043382,1986,13,21,19,14,6,2,9,9,4,14,12,19
INM00043382,1987,16,23,27,21,10,3,8,2,9,3,6,6
INM00043382,1988,21,10,4,3,2,6,16,9,8,1,0,0
INM00043382,1989,0,5,11,8,5,3,12,6,9,7,13,15
INM00043382,1990,11,8,15,2,5,0,0,0,0,0,0,0
INM00043382,1995,0,0,0,0,0,0,0,16,6,1,4,4
INM00043382,1996,2,3,7,6,0,0,1,0,3,5,14,12
INM00043382,1997,19,4,11,2,2,1,0,1,0,0,0,0
INM00043382,1998,0,0,7,10,2,0,0,0,0,0,0,0
INM00043382,2000,0,0,0,0,0,0,0,0,0,1,0,0
INM00043382,2003,0,0,0,0,0,0,1,0,0,0,0,0
INM00043382,2007,0,0,0,0,1,0,0,0,0,0,0,0
INM00043382,2009,0,1,0,0,0,0,0,0,0,0,0,0
INM00043382,2015,0,0,0,0,0,0,0,0,0,0,0,49
INM00043382,2016,62,58,60,60,62,60,62,62,59,62,60,62
INM00043382,2017,62,56,61,60,64,58,62,63,60,61,59,62
INM00043382,2018,62,56,62,58,62,59,61,63,58,59,60,62
INM00043382,2019,62,55,61,60,62,60,62,62,60,62,60,62
INM00043382,2020,62,58,62,60,62,60,62,62,59,60,59,62
INM00043382,2021,60,53,62,61,62,59,62,61,60,62,60,62
INM00043382,2022,62,56,62,60,61,60,61,62,60,61,60,61
INM00043382,2023,62,54,60,60,62,58,61,60,59,62,60,59
INM00043382,2024,62,58,62,54,62,60,60,62,59,63,60,61
INM00043382,2025,63,55,61,59,62,59,61,57,55,62,60,62
INM00043382,2026,62,51,0,0,0,0,0,0,0,0,0,0
INM00043278,1822,155,138,155,150,155,149,155,154,150,155,150,155
INM00043278,1823,153,140,100,0,105,150,154,154,150,155,150,155
INM00043278,1824,155,145,154,150,154,150,153,155,149,155,148,155
INM00043278,1825,100,0,0,0,0,0,0,0,0,0,0,0
INM00043278,1834,0,0,0,0,0,0,0,0,190,202,198,0
INM00043278,1835,0,0,210,197,211,191,202,199,199,199,193,202
INM00043278,1836,195,200,0,0,0,0,0,0,0,202,194,202
INM00043278,1837,202,175,191,191,175,144,84,90,84,86,83,89
INM00043278,1838,87,79,89,81,87,85,89,89,85,89,86,85
INM00043278,1839,89,82,88,79,86,81,89,87,83,78,89,90
INM00043278,1840,86,80,87,82,89,87,89,89,87,0,0,0
INM00043278,1934,31,28,31,29,31,30,31,31,30,31,30,31
INM00043278,1935,31,28,31,30,31,30,31,31,30,31,30,31
INM00043278,1944,57,58,60,58,57,56,62,61,60,60,58,61
INM00043278,1945,61,54,61,58,60,56,58,56,60,60,58,60
INM00043278,1946,60,51,61,60,62,59,56,62,60,48,46,61
INM00043278,1947,62,55,62,60,62,60,59,61,60,62,60,62
INM00043278,1948,59,58,62,60,62,58,62,56,60,60,60,62
INM00043278,1987,1,5,5,3,2,2,0,3,0,1,1,1
INM00043278,1988,1,1,0,0,2,2,2,1,1,0,2,0
INM00043278,1989,0,0,2,0,0,0,0,1,2,0,0,0
INM00043278,2001,0,0,0,0,0,0,0,0,0,0,1,0
INM00043278,2003,0,0,0,0,0,0,1,0,0,0,0,0
INM00043278,2009,0,1,0,0,0,0,0,0,0,0,0,0
INM00043278,2013,0,0,0,1,0,1,0,0,0,0,0,0
INM00043278,2015,0,0,0,0,0,0,0,0,0,0,1,100
INM00043278,2016,123,113,121,120,124,120,124,124,120,124,120,123
INM00043278,2017,123,112,124,120,125,119,124,123,120,124,119,124
INM00043278,2018,124,112,124,116,124,120,120,124,114,123,120,123
INM00043278,2019,124,112,121,176,183,178,183,185,178,183,178,187
INM00043278,2020,185,172,185,178,177,178,183,181,177,180,179,184
INM00043278,2021,181,158,186,179,183,172,185,182,179,185,179,185
INM00043278,2022,184,167,183,180,185,178,176,180,179,178,180,186
INM00043278,2023,185,162,181,168,171,162,182,178,175,185,176,171
INM00043278,2024,179,162,181,158,178,175,178,174,163,181,176,174
INM00043278,2025,182,172,205,201,207,201,209,195,189,203,203,210
INM00043278,2026,197,175,0,0,0,0,0,0,0,0,0,0
INM00043302,2015,0,0,0,0,0,0,0,0,0,0,0,39
INM00043302,2016,57,44,48,49,55,56,52,48,46,43,44,34
INM00043302,2017,40,43,48,42,47,46,43,44,16,5,29,11
INM00043302,2018,30,49,12,32,56,47,58,58,55,59,58,59
INM00043302,2019,61,55,59,57,61,59,61,62,56,60,59,62
INM00043302,2020,61,57,58,54,58,58,61,62,59,62,59,62
INM00043302,2021,62,52,62,58,62,59,61,62,59,62,59,61
INM00043302,2022,62,55,59,59,55,59,54,60,59,60,59,62
INM00043302,2023,62,56,62,46,49,47,60,60,57,61,60,55
INM00043302,2024,58,53,59,53,62,59,60,58,55,61,58,57
INM00043302,2025,60,53,56,59,60,56,61,56,55,60,60,60
INM00043302,2026,59,51,0,0,0,0,0,0,0,0,0,0
INM00043241,1944,57,57,60,59,56,59,61,62,60,60,59,61
INM00043241,1945,61,55,57,58,58,54,53,58,59,61,57,61
INM00043241,1946,62,51,58,55,54,52,52,55,60,43,40,58
INM00043241,1947,56,40,62,59,60,59,57,59,59,62,58,57
INM00043241,1948,60,57,62,59,62,55,55,60,58,56,51,62
INM00043241,2017,0,0,0,0,0,0,0,0,0,0,0,64
INM00043241,2018,311,244,378,418,435,370,337,301,327,357,395,394
INM00043241,2019,427,451,513,496,583,512,491,564,479,573,384,397
INM00043241,2020,389,372,378,0,88,441,428,392,394,459,416,483
INM00043241,2021,449,379,439,404,415,352,411,353,397,436,406,422
INM00043241,2022,341,286,320,455,418,421,391,462,475,476,466,519
INM00043241,2023,490,479,485,522,553,519,573,520,526,557,544,490
INM00043241,2024,561,510,573,513,632,561,563,587,571,575,571,571
INM00043241,2025,574,517,592,530,546,475,512,535,495,549,498,550
INM00043241,2026,543,468,0,0,0,0,0,0,0,0,0,0
INM00074925,1944,0,107,381,368,1,368,356,577,720,744,720,744
INM00074925,1945,744,666,0,0,0,0,0,0,0,0,0,0
INMU0022075,1944,0,0,0,0,0,50,56,60,56,0,0,0
INMU0022075,1945,0,0,0,0,0,50,56,58,58,0,0,0
INMU0022075,1946,0,0,0,0,0,18,14,18,24,0,0,0
INMU0022075,1947,0,0,0,0,0,56,108,104,94,106,112,118
INMU0022075,1948,118,110,122,118,112,114,122,122,118,120,116,116
INMU0022075,1954,62,56,60,60,59,59,60,60,60,62,56,58
INMU0022075,1955,61,55,60,60,62,58,60,56,59,61,59,62
INMU0022075,1956,61,58,61,59,58,59,59,60,59,61,57,60
INMU0022075,1957,81,72,86,74,72,73,139,137,146,154,143,141
INMU0022075,1958,152,131,151,147,150,143,146,148,140,149,136,140
INMU0022075,1959,70,74,76,77,61,67,65,61,68,58,63,65
INMU0022075,1960,57,64,76,72,65,60,64,65,67,63,63,59
INMU0022075,1961,101,88,148,142,141,135,147,147,138,143,139,143
INMU0022075,1962,148,137,143,138,145,133,142,148,138,146,140,148
INMU0022075,1963,58,54,59,59,55,57,56,53,56,60,57,58
INMU0022075,1973,123,115,139,122,126,120,120,101,120,135,117,108
INMU0022075,1974,123,102,137,120,105,117,134,126,111,113,104,107
INMU0022075,1975,95,97,85,81,80,63,65,26,20,31,22,21
INMU0022075,1976,22,15,29,19,21,17,11,11,8,6,9,4
INMU0022075,1977,1,0,1,1,1,0,0,0,0,0,0,2
INMU0022075,1978,0,0,2,0,0,1,0,0,1,0,0,1
INMU0022075,2016,0,0,0,0,0,0,0,0,0,0,1,0
INMU0022075,2017,0,0,0,0,0,0,1,0,0,0,0,0
INM00043301,1977,0,0,0,0,0,0,0,0,0,0,1,0
INM00043301,1978,0,0,0,0,0,2,1,0,0,1,1,0
INM00043301,1979,0,0,1,2,0,1,0,1,1,0,0,0
INM00043301,1980,0,1,0,0,0,0,0,0,0,0,0,0
INM00043301,2009,0,1,0,0,0,0,0,0,0,0,0,0
INM00043301,2015,0,0,0,0,0,0,0,0,0,0,0,49
INM00043301,2016,61,53,58,58,61,60,61,60,60,61,57,60
INM00043301,2017,59,55,61,60,62,57,62,61,60,62,59,62
INM00043301,2018,62,56,62,56,62,60,59,63,57,61,60,60
INM00043301,2019,62,54,61,58,61,60,62,62,60,62,60,60
INM00043301,2020,62,58,61,60,60,60,60,62,59,62,60,62
INM00043301,2021,61,51,62,60,61,60,62,62,60,61,58,62
INM00043301,2022,62,55,62,59,61,59,62,59,58,56,59,62
INM00043301,2023,61,56,60,51,46,54,57,58,53,60,56,55
INM00043301,2024,60,54,61,54,57,59,56,60,53,61,57,60
INM00043301,2025,54,52,55,60,60,57,59,57,54,58,58,62
INM00043301,2026,46,38,0,0,0,0,0,0,0,0,0,0
INM00043310,2007,0,0,0,0,1,0,0,0,0,0,0,0
INM00043310,2009,0,1,0,0,0,0,0,0,0,0,0,0
INM00043310,2015,0,0,0,0,0,0,0,0,0,0,0,49
INM00043310,2016,61,57,60,60,62,60,62,62,59,62,60,62
INM00043310,2017,62,56,62,60,64,59,62,63,60,61,59,62
INM00043310,2018,61,56,62,58,62,60,61,62,57,61,60,61
INM00043310,2019,62,56,61,59,62,59,63,62,60,62,58,62
INM00043310,2020,62,58,61,60,62,60,62,62,59,62,60,62
INM00043310,2021,62,53,62,61,62,60,62,62,60,62,60,62
INM00043310,2022,62,56,62,60,62,60,63,62,60,62,60,62
INM00043310,2023,62,54,61,60,62,58,61,61,58,61,59,58
INM00043310,2024,62,58,62,54,62,60,60,61,59,63,60,61
INM00043310,2025,63,55,61,59,62,59,61,57,55,62,60,62
INM00043310,2026,62,51,0,0,0,0,0,0,0,0,0,0
INM00043334,2002,0,0,0,0,0,0,0,1,0,1,0,0
INM00043334,2018,0,0,0,0,1,0,1,0,0,0,0,0
INM00043334,2019,1,0,0,0,0,0,0,0,0,0,0,0
INM00043334,2020,0,1,0,0,1,0,0,0,0,0,0,0
INM00043334,2022,1,0,0,0,0,0,0,0,0,0,0,0
INM00043334,2023,0,0,0,1,0,0,0,0,0,0,2,0
INM00043334,2025,0,1,0,0,0,0,0,0,0,0,0,0
INM00043315,1977,0,0,0,0,0,0,0,0,0,1,4,0
INM00043315,1978,2,0,0,1,0,0,0,0,0,0,0,0
INM00043315,2003,0,0,0,0,0,1,0,0,0,0,0,0
INM00043315,2004,0,0,0,0,1,0,0,0,0,0,0,0
INM00043315,2009,0,1,0,0,0,0,0,0,0,0,0,0
INM00043315,2015,0,0,0,0,0,0,0,0,0,0,0,120
INM00043315,2016,154,133,150,150,153,148,153,150,148,155,142,153
INM00043315,2017,150,140,153,149,155,145,155,154,150,153,147,153
INM00043315,2018,152,138,152,141,155,150,144,154,133,151,149,151
INM00043315,2019,113,83,117,145,149,139,151,153,149,155,148,118
INM00043315,2020,154,133,116,134,147,150,154,153,147,155,150,155
INM00043315,2021,153,130,155,146,154,150,153,155,150,152,143,155
INM00043315,2022,155,135,152,150,151,148,152,143,144,146,149,152
INM00043315,2023,155,140,150,120,148,144,150,150,143,155,150,143
INM00043315,2024,150,142,150,132,152,150,152,149,137,151,150,148
INM00043315,2025,142,134,155,150,155,148,153,144,139,155,150,154
INM00043315,2026,155,129,0,0,0,0,0,0,0,0,0,0
INM00043343,1944,58,58,60,60,58,60,62,61,58,61,58,59
INM00043343,1945,60,55,58,57,57,56,56,57,60,61,56,59
INM00043343,1946,61,50,59,48,58,55,60,60,58,44,46,62
INM00043343,1947,59,47,59,60,62,60,60,60,58,62,60,54
INM00043343,1948,62,58,62,59,60,58,61,61,60,59,52,62
INM00043343,2008,0,0,0,0,1,0,0,0,0,0,0,0
INM00043343,2016,0,1,0,1,1,0,0,0,0,0,0,0
INM00043343,2017,0,0,0,0,0,0,0,1,0,0,0,0
INM00043343,2018,0,1,0,1,0,0,0,0,0,0,0,0
INM00043343,2019,0,0,0,0,0,0,0,0,1,0,0,0
INM00043343,2020,0,0,0,0,0,2,0,0,0,0,1,0
INM00043343,2022,0,0,1,0,1,0,0,0,0,0,0,1
INM00043343,2024,0,0,0,0,0,0,0,0,0,1,0,0
INM00043343,2025,2,0,0,0,0,0,0,0,1,0,0,0
INM00043309,1973,28,14,22,5,5,8,16,18,15,6,14,8
INM00043309,1974,12,13,8,3,3,3,7,7,3,1,4,0
INM00043309,1975,4,1,0,0,0,0,0,10,20,21,16,21
INM00043309,1976,20,26,35,25,25,31,35,22,15,11,10,22
INM00043309,1977,34,31,35,43,35,39,27,38,31,37,28,42
INM00043309,1978,47,45,45,41,44,38,38,34,42,0,0,1
INM00043309,1979,2,2,0,0,1,0,2,0,0,1,0,0
INM00043309,1983,0,0,0,0,0,0,0,0,0,0,6,10
INM00043309,1984,14,10,15,11,4,3,10,5,19,12,18,2
INM00043309,1985,13,25,18,3,3,6,13,6,10,11,13,22
INM00043309,1986,20,21,20,18,10,5,7,7,8,8,16,28
INM00043309,1987,20,20,19,20,12,3,5,2,11,2,5,12
INM00043309,1988,24,16,7,1,4,5,15,7,7,1,0,1
INM00043309,1989,0,6,9,11,9,1,9,8,3,8,16,18
INM00043309,1990,15,10,14,3,7,0,0,0,0,0,0,0
INM00043309,1992,0,0,0,0,0,0,1,0,0,1,4,2
INM00043309,1993,2,0,6,2,1,1,0,7,6,5,5,3
INM00043309,1994,4,8,2,9,6,2,2,6,4,3,4,5
INM00043309,1995,5,3,11,23,14,9,15,12,8,2,3,2
INM00043309,1996,3,3,9,5,0,0,1,1,2,6,18,19
INM00043309,1997,21,7,12,3,2,0,0,0,0,0,0,0
INM00043309,1998,0,0,8,10,1,1,0,0,0,0,0,0
INM00043309,2000,0,0,0,0,0,0,0,0,0,1,0,0
INM00043309,2001,0,0,0,0,0,1,0,0,0,0,0,0
INM00043309,2002,0,0,1,0,0,0,0,0,0,0,0,0
INM00043309,2003,1,0,0,0,0,0,1,0,0,0,0,0
INM00043309,2007,0,0,0,0,1,0,0,0,0,0,0,0
INM00043309,2009,0,1,0,0,0,0,0,0,0,0,0,0
INM00043309,2015,0,0,0,0,0,0,0,0,0,0,0,49
INM00043309,2016,62,57,60,59,62,60,61,62,60,62,60,62
INM00043309,2017,62,56,62,60,64,59,62,63,60,61,59,62
INM00043309,2018,62,56,62,58,63,60,61,63,58,61,60,62
INM00043309,2019,62,56,61,60,62,60,62,62,60,62,60,62
INM00043309,2020,61,58,62,60,62,60,62,62,59,60,59,62
INM00043309,2021,60,53,62,61,62,59,62,61,60,62,60,62
INM00043309,2022,62,56,62,60,62,60,61,62,60,61,60,62
INM00043309,2023,62,54,60,60,62,58,61,61,59,62,60,59
INM00043309,2024,62,57,62,54,62,60,60,62,59,63,60,61
INM00043309,2025,63,55,61,59,62,59,61,57,55,62,60,62
INM00043309,2026,62,51,0,0,0,0,0,0,0,0,0,0
INM00043316,1999,0,1,0,0,0,1,0,0,3,1,1,0
INM00043316,2000,0,0,1,0,0,0,0,0,0,0,0,0
INM00043316,2019,0,0,1,0,0,0,0,0,0,0,0,0
INM00043316,2024,0,0,0,0,0,0,0,0,0,1,0,0
INM00043385,1973,26,17,23,4,7,5,9,13,11,7,12,9
INM00043385,1974,8,12,10,3,3,5,5,4,0,0,0,0
INM00043385,1975,0,0,0,0,0,0,0,10,13,13,19,24
INM00043385,1976,18,19,32,26,19,29,37,20,12,7,10,19
INM00043385,1977,23,34,38,37,32,39,28,36,31,31,24,40
INM00043385,1978,43,47,48,35,43,37,37,30,43,0,1,0
INM00043385,1979,0,1,0,0,0,1,0,0,0,0,0,0
INM00043385,1983,0,0,0,0,0,0,0,0,0,0,6,13
INM00043385,1984,17,13,14,9,8,0,10,18,11,12,8,1
INM00043385,1985,3,7,8,0,2,11,16,6,6,6,9,19
INM00043385,1986,13,24,18,18,7,4,6,11,2,10,10,21
INM00043385,1987,16,18,26,14,9,1,5,1,13,1,6,11
INM00043385,1988,20,9,5,2,4,4,12,1,6,1,0,0
INM00043385,1989,0,2,3,9,3,2,8,5,3,4,9,14
INM00043385,1990,8,10,4,0,2,0,0,0,0,0,0,0
INM00043385,1995,0,0,0,0,0,0,0,16,9,0,0,3
INM00043385,1996,2,3,7,4,0,0,2,0,2,6,15,14
INM00043385,1997,17,8,12,2,2,1,0,1,0,0,0,0
INM00043385,1998,0,0,7,8,0,0,0,0,0,0,0,0
INM00043385,2000,0,0,0,0,0,0,0,0,0,1,0,0
INM00043385,2003,0,0,0,0,0,0,1,0,0,0,0,0
INM00043319,1944,116,116,118,118,114,118,124,124,118,124,120,122
INM00043319,1945,124,110,116,114,124,116,116,116,118,124,116,120
INM00043319,1946,122,98,122,100,106,112,108,0,0,0,0,0
INM00043319,1947,116,84,2,116,120,118,118,116,120,122,120,118
INM00043319,1948,124,116,124,120,122,116,120,124,120,120,112,124
INM00043319,1999,1,0,1,1,1,1,2,0,0,0,0,0
INM00043319,2001,0,0,0,0,1,1,0,0,1,0,0,0
INM00043319,2002,0,0,0,1,0,0,2,1,1,1,0,0
INM00043319,2003,0,0,0,0,0,2,0,0,0,0,0,0
INM00043319,2004,0,0,0,0,0,0,0,0,0,0,1,0
INM00043319,2023,0,0,0,0,0,0,0,0,1,0,0,0
INM00043338,2019,0,0,0,0,0,15,62,62,60,62,60,62
INM00043338,2020,62,58,46,22,60,60,60,61,59,48,60,62
INM00043338,2021,61,50,62,60,31,47,62,62,60,61,59,62
INM00043338,2022,62,56,62,60,61,59,62,61,58,56,59,62
INM00043338,2023,60,55,60,51,45,54,56,58,53,60,56,54
INM00043338,2024,60,54,60,50,57,54,54,56,39,57,51,55
INM00043338,2025,49,47,50,53,57,56,56,56,52,53,54,59
INM00043338,2026,38,35,0,0,0,0,0,0,0,0,0,0
INM00043361,2003,0,0,0,0,0,0,1,0,0,0,0,0
INM00043361,2004,0,0,0,0,1,0,0,0,0,0,0,0
INM00043361,2007,0,0,0,0,3,0,0,0,0,0,0,0
INM00043361,2009,0,4,0,0,0,0,0,0,0,0,0,0
INM00043361,2015,0,0,0,0,0,0,0,0,0,0,0,193
INM00043361,2016,246,209,238,238,247,240,247,248,240,248,234,244
INM00043361,2017,246,224,248,240,248,237,247,246,240,247,237,245
INM00043361,2018,247,220,245,223,246,237,231,246,220,242,237,242
INM00043361,2019,246,222,244,231,244,236,246,247,237,247,236,248
INM00043361,2020,247,232,245,240,233,240,246,247,236,247,238,247
INM00043361,2021,247,213,248,202,125,152,247,248,239,246,240,247
INM00043361,2022,246,222,247,239,248,238,241,235,238,236,240,241
INM00043361,2023,248,221,239,223,240,232,245,245,230,242,235,228
INM00043361,2024,241,223,234,207,237,231,231,216,189,228,223,218
INM00043361,2025,218,192,220,228,233,224,228,216,213,233,231,230
INM00043361,2026,222,200,0,0,0,0,0,0,0,0,0,0
INM00042711,1995,0,0,0,1,1,1,2,0,3,1,1,0
INM00042711,1996,1,1,0,1,1,1,1,0,1,4,2,1
INM00042711,1997,2,2,1,1,1,1,0,1,0,1,1,1
INM00042711,1998,1,1,0,0,1,0,1,0,0,1,1,0
INM00042711,1999,0,0,0,0,0,1,0,0,0,2,1,2
INM00042711,2000,0,0,1,0,0,0,0,0,0,0,0,0
INM00042711,2001,0,0,0,0,0,0,3,0,0,1,1,0
INM00042711,2002,0,0,1,0,0,0,1,0,0,2,0,2
INM00042711,2003,0,1,0,0,0,0,0,0,0,0,0,0
INM00042711,2009,0,1,0,0,0,0,0,0,0,0,0,0
INM00042711,2015,0,0,0,0,0,0,0,0,0,0,0,43
INM00042711,2016,58,51,58,42,20,56,57,27,46,58,55,53
INM00042711,2017,53,49,51,53,59,40,46,52,51,56,46,47
INM00042711,2018,35,38,55,54,39,52,49,52,47,39,49,46
INM00042711,2019,57,51,53,33,9,50,58,54,56,48,51,47
INM00042711,2020,47,1,0,0,0,10,47,47,47,54,44,45
INM00042711,2021,44,48,58,42,46,48,48,50,53,59,56,59
INM00042711,2022,58,50,58,54,52,53,59,58,56,53,58,57
INM00042711,2023,56,50,56,55,61,56,57,57,57,60,58,55
INM00042711,2024,59,50,56,53,55,60,57,60,55,60,56,50
INM00042711,2025,54,49,58,51,60,54,58,56,49,51,59,47
INM00042711,2026,41,48,0,0,0,0,0,0,0,0,0,0
INM00043012,2015,0,0,0,0,0,0,0,0,0,0,0,22
INM00043012,2016,37,37,34,30,48,40,30,38,28,29,41,44
INM00043012,2017,42,43,45,35,38,38,39,34,38,33,45,37
INM00043012,2018,48,36,37,36,38,44,32,34,28,32,26,36
INM00043012,2019,44,40,28,51,52,38,44,37,23,24,33,42
INM00043012,2020,44,41,30,46,61,58,61,48,50,51,47,45
INM00043012,2021,5,0,0,38,49,24,20,33,15,1,0,0
INM00043012,2023,9,7,9,0,0,1,0,0,0,0,0,0
INM00043012,2026,4,46,0,0,0,0,0,0,0,0,0,0
INM00042715,2001,0,0,0,0,0,0,0,0,0,0,1,0
INM00042715,2002,0,0,0,2,0,1,0,0,1,0,1,0
INM00042715,2009,0,1,0,0,0,0,0,0,0,0,0,0
INM00042715,2015,0,0,0,0,0,0,0,0,0,0,0,23
INM00042715,2016,30,29,30,30,31,30,31,30,29,31,30,30
INM00042715,2017,30,28,31,30,30,28,30,31,30,28,30,31
INM00042715,2018,30,28,31,30,29,30,29,31,40,56,53,56
INM00042715,2019,57,55,57,58,59,56,61,61,39,11,9,9
INM00042715,2020,11,12,9,6,11,10,12,19,8,5,8,8
INM00042715,2021,12,7,7,10,12,12,11,12,14,3,3,41
INM00042715,2022,61,56,59,60,61,58,62,61,62,64,57,61
INM00042715,2023,60,57,59,57,61,59,61,61,58,61,59,59
INM00042715,2024,61,58,62,53,62,60,59,62,59,62,56,61
INM00042715,2025,62,54,60,60,61,58,59,56,54,61,60,61
INM00042715,2026,62,51,0,0,0,0,0,0,0,0,0,0
INM00043005,2017,0,0,0,11,49,53,61,56,56,55,57,56
INM00043005,2018,51,41,39,34,27,35,40,40,14,19,44,31
INM00043005,2019,50,22,23,21,35,41,56,85,72,73,70,70
INM00043005,2020,86,84,88,95,97,95,99,109,98,98,91,101
INM00043005,2021,98,76,103,97,110,111,106,110,106,98,87,88
INM00043005,2022,69,86,60,70,71,56,64,44,29,58,53,69
INM00043005,2023,57,68,76,72,71,48,74,73,59,71,48,69
INM00043005,2024,83,61,76,73,102,86,93,87,85,103,93,103
INM00043005,2025,98,86,86,90,92,95,109,103,83,103,105,110
INM00043005,2026,113,80,0,0,0,0,0,0,0,0,0,0
INM00042727,1954,59,37,2,2,0,0,2,0,16,53,56,51
INM00042727,1955,59,10,2,50,36,0,55,53,56,60,55,20
INM00042727,1956,6,0,0,0,6,1,23,3,0,1,3,4
INM00042727,1957,0,21,1,2,2,6,5,1,1,2,4,7
INM00042727,1958,4,9,5,8,16,16,10,20,24,15,25,22
INM00042727,1959,27,30,31,35,19,26,26,33,32,29,24,35
INM00042727,1960,33,31,29,24,24,15,14,23,20,19,21,25
INM00042727,1961,23,21,17,12,14,20,22,19,23,22,19,18
INM00042727,1962,31,31,32,16,26,24,25,37,26,25,32,29
INM00042727,1963,47,48,54,48,49,50,56,54,49,52,57,58
INM00042727,2003,0,0,0,0,0,1,0,0,0,0,0,0
INM00042727,2015,0,0,0,0,0,0,0,0,0,0,0,23
INM00042727,2016,30,26,29,29,30,27,26,28,29,28,30,29
INM00042727,2017,30,28,30,29,30,24,29,25,29,30,29,29
INM00042727,2018,31,25,30,22,29,30,29,27,28,29,29,30
INM00042727,2019,27,28,29,34,25,30,36,44,48,29,20,28
INM00042727,2020,29,40,31,15,38,27,24,24,27,27,26,25
INM00042727,2021,20,24,51,49,54,47,52,40,54,43,33,48
INM00042727,2022,56,50,47,44,55,56,43,34,21,21,58,46
INM00042727,2023,43,49,23,16,36,54,27,0,0,0,0,0
INM00042727,2024,0,0,1,1,0,0,0,0,0,0,0,0
INM00042727,2025,0,0,0,0,0,0,0,0,53,155,147,153
INM00042727,2026,154,129,0,0,0,0,0,0,0,0,0,0
INM00042973,1944,114,116,118,108,70,110,112,106,112,88,112,110
INM00042973,1945,116,112,118,112,104,90,102,102,104,88,112,82
INM00042973,1946,104,84,110,96,82,108,68,82,110,92,90,124
INM00042973,1947,124,100,118,120,106,76,118,122,112,98,120,120
INM00042973,1948,124,116,120,74,114,118,116,104,120,116,116,122
INM00042973,1973,13,12,10,1,3,1,0,0,1,0,6,0
INM00042973,1974,6,0,0,0,0,0,0,0,0,0,0,0
INM00042973,1976,22,16,23,19,9,16,17,12,11,5,6,24
INM00042973,1977,25,23,28,32,26,39,37,37,33,33,37,36
INM00042973,1978,41,36,42,34,43,29,35,39,28,0,0,0
INM00042973,1979,2,2,0,0,1,0,2,0,0,0,2,0
INM00042973,1980,0,0,2,0,0,0,0,0,0,0,0,0
INM00042973,1983,0,0,0,0,0,0,0,0,0,5,9,8
INM00042973,1984,7,12,13,13,11,2,10,8,13,11,14,4
INM00042973,1985,17,16,8,7,5,13,6,8,9,9,8,4
INM00042973,1986,12,10,18,8,3,1,9,5,4,2,9,12
INM00042973,1987,13,5,8,10,7,3,1,1,4,0,3,2
INM00042973,1988,11,7,3,0,1,1,2,0,0,1,0,0
INM00042973,1989,0,3,1,0,1,0,0,2,3,4,0,0
INM00042973,1990,0,3,0,1,1,0,0,0,0,0,0,0
INM00042973,2002,0,0,0,0,0,0,0,0,0,1,0,0
INM00042973,2003,0,0,0,0,0,0,1,0,1,0,0,0
INM00042973,2004,0,0,0,0,1,0,0,0,0,0,0,0
INM00042973,2007,0,0,0,0,0,0,0,0,0,2,0,0
INM00042973,2009,0,4,0,0,0,0,0,0,0,0,0,0
INM00042973,2011,0,0,0,0,0,0,1,0,0,0,0,0
INM00042973,2015,0,0,0,0,0,0,0,0,0,0,0,194
INM00042973,2016,248,218,244,239,245,238,248,248,240,248,233,246
INM00042973,2017,244,223,248,240,248,238,246,245,240,248,238,248
INM00042973,2018,247,224,247,234,248,240,243,247,226,246,238,247
INM00042973,2019,248,224,242,240,240,239,248,248,240,247,238,248
INM00042973,2020,248,230,247,240,246,239,247,246,237,241,239,248
INM00042973,2021,240,211,247,240,246,235,248,244,240,248,239,248
INM00042973,2022,248,224,247,240,246,240,233,244,240,241,240,245
INM00042973,2023,247,224,242,237,248,230,248,245,234,244,235,235
INM00042973,2024,247,230,245,215,245,239,245,245,236,247,238,243
INM00042973,2025,244,213,246,240,247,235,245,232,218,246,238,248
INM00042973,2026,242,207,0,0,0,0,0,0,0,0,0,0
INM00042734,1973,113,96,122,114,114,86,103,105,99,124,99,106
INM00042734,1974,118,98,106,109,110,108,108,117,115,119,127,149
INM00042734,1975,178,155,139,93,59,53,91,96,7,2,0,3
INM00042734,1976,1,0,0,0,0,0,0,0,0,0,0,0
INM00043019,1983,0,0,0,0,0,0,0,0,0,1,0,0
INM00043019,1984,1,0,2,0,0,2,1,0,1,0,0,0
INM00043019,1985,1,0,0,0,0,0,0,0,0,0,0,0
INM00043019,2016,0,0,0,0,0,0,2,0,0,0,0,0
INM00043019,2019,0,0,0,0,0,0,0,1,0,0,0,0
INM00043019,2021,0,0,0,0,1,0,0,0,0,0,0,0
INM00043019,2022,0,0,0,0,0,0,0,0,0,0,0,1
INM00043019,2023,0,1,0,0,0,0,0,0,0,0,0,0
INM00042744,1983,0,0,0,0,0,0,0,0,0,1,0,0
INM00042744,2007,0,0,0,0,1,0,0,0,0,0,0,0
INM00042744,2009,0,1,0,0,0,0,0,0,0,0,0,0
INM00042744,2015,0,0,0,0,0,0,0,0,0,0,0,45
INM00042744,2016,57,50,50,59,61,58,58,56,56,56,60,58
INM00042744,2017,58,55,58,56,61,56,56,57,55,59,56,60
INM00042744,2018,58,55,59,51,61,55,49,59,54,51,49,52
INM00042744,2019,56,52,58,58,60,55,50,61,58,58,60,62
INM00042744,2020,61,56,48,0,34,59,61,60,58,59,56,61
INM00042744,2021,61,53,60,60,62,54,58,59,59,62,59,54
INM00042744,2022,58,56,61,58,60,59,60,62,59,59,59,62
INM00042744,2023,62,55,60,60,61,57,60,60,57,61,59,58
INM00042744,2024,61,58,61,54,62,59,59,61,59,62,60,60
INM00042744,2025,58,54,54,59,59,57,58,58,55,62,60,61
INM00042744,2026,62,52,0,0,0,0,0,0,0,0,0,0
INM00042740,1973,51,46,48,47,35,22,37,30,34,30,27,34
INM00042740,1974,41,43,42,29,35,42,44,31,32,27,27,30
INM00042740,1975,32,29,43,31,27,28,27,24,25,18,21,23
INM00042740,1976,28,31,29,31,12,24,15,18,16,15,7,18
INM00042740,1977,9,9,6,21,10,22,22,16,5,1,1,1
INM00042740,1978,0,2,0,2,2,1,0,4,1,1,0,1
INM00042740,2002,0,0,0,1,0,1,0,1,0,0,0,0
INM00042740,2003,0,0,0,0,0,1,0,0,0,0,0,0
INM00042740,2015,0,0,0,0,0,0,0,0,0,0,0,49
INM00042740,2016,61,55,60,60,62,60,62,61,60,62,60,62
INM00042740,2017,61,56,62,60,62,59,62,60,60,62,59,62
INM00042740,2018,62,56,62,59,62,60,61,62,56,60,60,62
INM00042740,2019,62,56,60,60,61,60,62,62,60,62,60,61
INM00042740,2020,62,58,62,60,62,59,61,62,58,62,60,63
INM00042740,2021,57,52,62,60,62,58,61,60,59,61,60,62
INM00042740,2022,62,56,61,59,61,59,62,62,60,61,60,62
INM00042740,2023,62,56,61,60,61,58,62,60,57,62,59,58
INM00042740,2024,62,58,62,54,62,59,59,61,59,61,60,61
INM00042740,2025,59,52,61,59,60,58,60,56,55,62,59,61
INM00042740,2026,61,52,0,0,0,0,0,0,0,0,0,0
INM00043229,1977,0,0,0,0,0,0,0,0,0,0,0,1
INM00043229,1978,0,1,1,0,0,0,1,0,0,0,0,0
INM00043229,2001,0,0,0,0,0,0,0,0,1,0,0,0
INM00043229,2002,0,0,0,0,0,0,0,0,0,1,0,0
INM00043229,2009,0,1,0,0,0,0,0,0,0,0,0,0
INM00043229,2015,0,0,0,0,0,0,0,0,0,0,0,44
INM00043229,2016,55,40,44,48,59,51,53,57,54,56,51,56
INM00043229,2017,46,53,58,40,44,42,42,46,42,45,59,59
INM00043229,2018,60,56,59,52,62,61,58,61,56,61,58,60
INM00043229,2019,61,56,59,56,59,54,60,60,59,62,59,47
INM00043229,2020,61,52,41,52,55,57,62,61,57,61,59,63
INM00043229,2021,62,51,64,57,58,60,59,53,53,52,30,32
INM00043229,2022,42,40,30,23,30,34,42,40,45,40,35,32
INM00043229,2023,39,32,39,27,30,38,40,33,28,35,33,11
INM00043229,2024,0,15,33,33,31,17,29,23,11,25,14,19
INM00043229,2025,4,0,0,0,0,0,0,0,0,0,0,0
INM00042751,1944,114,116,118,108,116,116,122,124,118,118,118,120
INM00042751,1945,124,112,124,114,122,112,116,116,114,120,106,112
INM00042751,1946,122,92,112,120,112,112,102,116,114,94,90,120
INM00042751,1947,124,92,124,118,120,112,114,110,112,122,118,122
INM00042751,1948,120,116,122,118,116,108,122,122,120,122,116,124
INM00042751,1973,40,42,39,35,38,35,29,30,30,27,37,29
INM00042751,1974,38,40,34,36,32,39,41,44,30,35,35,28
INM00042751,1975,35,35,28,30,41,27,37,33,27,21,30,29
INM00042751,1976,22,25,35,29,32,26,32,19,24,9,14,14
INM00042751,1977,18,24,25,18,29,28,25,30,32,35,41,36
INM00042751,1978,34,34,45,39,43,39,43,43,39,0,0,0
INM00042751,1979,0,2,1,0,1,0,2,1,0,2,0,0
INM00042751,1980,3,1,0,1,0,2,1,1,2,0,0,0
INM00042751,1981,2,0,0,0,0,0,0,0,0,0,0,0
INM00042751,1983,0,0,0,0,0,0,0,1,7,18,9,16
INM00042751,1984,23,25,30,35,22,24,16,17,27,25,28,18
INM00042751,1985,39,29,28,26,20,24,21,19,20,29,26,16
INM00042751,1986,23,19,20,19,10,7,10,12,11,11,13,16
INM00042751,1987,16,17,14,14,19,7,5,0,7,1,5,5
INM00042751,1988,21,15,6,2,2,2,3,8,2,1,5,6
INM00042751,1989,2,5,6,7,5,1,3,2,4,5,3,3
INM00042751,1990,4,1,4,1,1,0,0,0,0,0,0,0
INM00042751,1992,0,0,0,0,0,0,0,2,0,1,4,2
INM00042751,1993,0,0,0,0,0,1,0,0,0,0,1,0
INM00042751,1994,2,0,0,1,1,1,3,0,0,0,0,0
INM00042751,1995,0,1,1,0,0,0,2,0,1,0,0,0
INM00042751,1996,0,0,0,1,0,1,1,0,1,0,0,1
INM00042751,1997,2,0,0,0,0,0,0,0,0,0,0,0
INM00042751,1998,0,0,0,0,0,0,0,0,0,0,1,0
INM00042751,1999,0,0,0,0,1,0,0,0,0,1,0,0
INM00042751,2001,0,1,0,0,0,2,0,1,1,0,0,0
INM00042751,2002,0,0,0,0,1,0,0,1,0,0,0,0
INM00042751,2003,0,0,0,0,0,0,1,0,0,0,0,0
INM00042751,2004,0,0,0,0,0,0,0,0,0,0,0,1
INM00042751,2005,0,0,0,0,1,0,0,0,0,0,0,0
INM00042751,2017,1,0,0,0,0,0,0,0,0,0,0,0
INM00042751,2018,0,0,0,0,1,0,0,1,0,0,1,0
INM00042751,2019,0,0,0,0,0,0,0,0,1,0,0,0
INM00042751,2021,0,0,0,0,0,0,0,1,0,0,0,0
INM00042751,2022,0,0,0,0,1,0,0,0,0,0,0,1
INM00042751,2024,0,0,0,0,0,1,0,0,0,0,0,0
INM00042693,1973,28,25,30,22,15,12,22,11,12,10,19,15
INM00042693,1974,13,16,14,7,4,5,16,12,11,11,15,13
INM00042693,1975,20,12,15,8,7,3,19,22,12,10,21,15
INM00042693,1976,11,12,17,18,16,19,19,25,16,13,11,9
INM00042693,1977,7,15,16,3,3,1,16,21,20,20,20,32
INM00042693,1978,19,1,1,0,0,0,22,19,18,0,0,0
INM00042693,1983,0,0,0,0,2,0,0,1,1,9,7,7
INM00042693,1984,11,7,4,4,0,1,3,1,3,3,5,1
INM00042693,1985,5,3,5,5,3,0,0,2,1,2,3,0
INM00042693,1986,5,8,0,4,1,2,3,4,4,2,5,7
INM00042693,1987,13,3,2,2,2,1,0,1,3,0,1,0
INM00042693,1988,5,1,1,0,0,1,2,4,1,0,0,1
INM00042693,1989,0,1,1,1,0,0,1,1,1,4,0,3
INM00042693,1990,1,1,1,1,0,0,0,0,0,0,0,0
INM00042693,2007,0,0,0,0,2,0,0,0,0,1,0,1
INM00042693,2008,0,0,0,0,0,1,0,0,1,0,0,0
INM00042693,2009,0,8,0,0,0,0,0,0,0,0,0,0
INM00042693,2011,0,0,0,0,0,0,1,0,0,0,0,0
INM00042693,2013,0,0,0,0,0,0,0,0,0,0,1,0
INM00042693,2015,0,0,0,0,0,0,0,0,0,0,1,196
INM00042693,2016,247,223,242,236,246,238,247,248,239,248,238,248
INM00042693,2017,243,223,247,240,246,235,247,246,235,246,239,247
INM00042693,2018,242,215,246,234,248,239,243,247,219,244,237,248
INM00042693,2019,248,223,238,237,246,239,247,248,239,248,238,243
INM00042693,2020,247,231,248,238,245,238,246,244,236,247,239,247
INM00042693,2021,248,212,246,240,246,238,247,248,234,247,235,247
INM00042693,2022,248,222,244,238,248,238,248,241,235,236,236,241
INM00042693,2023,242,217,230,231,239,227,245,240,228,242,238,231
INM00042693,2024,247,230,244,213,244,237,237,243,233,245,235,242
INM00042693,2025,246,219,242,237,246,237,240,230,222,244,239,246
INM00042693,2026,244,205,0,0,0,0,0,0,0,0,0,0
INM00043022,2008,0,0,0,0,0,0,0,0,0,0,1,0
INM00042747,1944,116,112,118,116,114,118,120,120,118,114,118,124
INM00042747,1945,122,112,124,116,122,116,108,116,114,112,112,118
INM00042747,1946,124,102,118,120,122,116,92,120,114,96,90,120
INM00042747,1947,112,80,124,114,120,116,116,118,120,124,112,96
INM00042747,1948,122,116,122,120,114,120,122,114,118,122,118,122
INM00042747,1973,112,93,121,103,106,112,116,102,92,99,100,101
INM00042747,1974,98,97,117,121,113,109,111,107,98,98,91,97
INM00042747,1975,100,102,118,97,97,91,111,116,67,66,84,58
INM00042747,1976,81,82,100,83,103,99,89,100,93,87,94,85
INM00042747,1977,72,76,87,98,96,99,88,103,89,100,95,93
INM00042747,1978,89,112,116,111,131,95,110,109,100,0,0,1
INM00042747,1979,2,5,1,0,3,3,11,0,1,1,0,1
INM00042747,1980,0,0,0,1,0,0,0,0,0,0,0,0
INM00042747,1983,0,0,0,37,46,36,12,9,10,38,34,41
INM00042747,1984,41,66,81,97,66,66,59,74,83,66,77,60
INM00042747,1985,85,75,71,64,60,70,61,57,53,59,63,52
INM00042747,1986,63,62,57,60,38,27,34,21,27,31,37,43
INM00042747,1987,32,58,47,41,37,20,19,6,24,7,22,18
INM00042747,1988,49,38,17,5,9,7,30,25,15,1,12,16
INM00042747,1989,6,27,18,21,23,8,12,8,11,9,10,20
INM00042747,1990,13,11,9,6,9,8,10,3,1,4,6,7
INM00042747,1991,7,4,3,4,8,1,1,2,0,0,0,0
INM00042747,1992,0,0,0,0,0,1,4,2,1,0,2,0
INM00042747,1993,0,1,1,0,1,7,2,8,16,2,0,1
INM00042747,1994,1,0,1,1,0,0,0,0,0,0,0,0
INM00042747,2002,1,0,0,0,0,0,0,1,0,0,0,0
INM00042747,2005,0,0,0,0,0,0,0,1,0,0,0,0
INM00042747,2007,0,0,0,0,0,1,0,0,0,0,0,0
INM00042747,2015,0,0,0,0,0,0,0,0,0,4,0,0
INM00042747,2016,0,0,0,1,0,0,0,0,0,0,0,0
INM00042747,2023,0,0,0,0,0,0,0,1,0,0,0,0
INM00043060,2017,0,0,0,0,0,47,61,57,57,53,53,57
INM00043060,2018,47,50,53,53,59,56,55,60,55,59,57,57
INM00043060,2019,56,51,57,56,61,59,59,62,56,59,58,62
INM00043060,2020,61,57,58,50,58,51,58,55,53,58,56,58
INM00043060,2021,56,50,58,55,57,60,57,60,56,58,58,61
INM00043060,2022,62,56,62,61,57,58,61,57,60,57,54,56
INM00043060,2023,59,53,57,56,61,56,58,60,56,59,60,56
INM00043060,2024,58,56,59,53,62,58,59,59,58,58,54,52
INM00043060,2025,58,52,54,58,60,51,56,54,55,61,54,59
INM00043060,2026,56,47,0,0,0,0,0,0,0,0,0,0
INM00042783,1973,21,17,20,22,2,16,10,18,14,11,19,18
INM00042783,1974,14,13,16,17,10,11,13,17,15,15,15,14
INM00042783,1975,13,13,16,11,12,13,17,20,18,18,21,23
INM00042783,1976,27,15,21,15,21,22,22,14,9,3,6,10
INM00042783,1977,9,17,19,21,20,11,11,20,15,19,22,23
INM00042783,1978,43,41,43,35,37,32,31,43,31,0,0,0
INM00042783,1983,0,0,0,0,0,0,0,0,0,11,10,3
INM00042783,1984,12,13,8,7,5,5,12,9,1,0,0,0
INM00042783,1987,12,3,1,0,0,0,0,0,0,0,0,0
INM00042783,2007,0,0,0,0,1,0,0,0,0,0,0,0
INM00042783,2009,0,1,0,0,0,0,0,0,0,0,0,0
INM00042768,2002,0,0,0,0,0,0,0,1,0,0,0,1
INM00042768,2003,1,0,0,0,0,0,0,0,0,0,0,0
INM00042768,2015,0,0,0,0,0,0,0,0,0,0,0,49
INM00042768,2016,62,58,59,57,61,59,60,62,59,56,59,60
INM00042768,2017,54,54,54,57,58,56,62,56,58,58,59,58
INM00042768,2018,60,54,51,49,57,56,58,58,54,58,52,56
INM00042768,2019,55,47,54,60,109,118,122,122,77,41,29,20
INM00042768,2020,17,9,23,7,17,16,15,19,18,11,17,9
INM00042768,2021,17,6,17,6,21,22,9,18,8,5,6,82
INM00042768,2022,124,112,124,119,118,116,108,99,114,123,118,120
INM00042768,2023,124,107,118,115,115,112,121,121,109,121,118,113
INM00042768,2024,118,115,123,108,122,117,118,124,118,123,120,122
INM00042768,2025,122,111,124,119,124,119,120,116,110,122,120,123
INM00042768,2026,124,104,0,0,0,0,0,0,0,0,0,0
INM00043057,1875,248,224,248,240,248,240,248,248,240,248,240,248
INM00043057,1876,248,232,248,240,248,240,248,248,240,248,240,248
INM00043057,1877,248,224,248,240,248,240,248,248,240,248,240,248
INM00043057,1878,248,224,248,240,248,240,248,248,240,248,240,248
INM00043057,1884,248,232,248,240,248,240,248,248,240,248,240,248
INM00043057,1889,248,224,248,240,248,240,248,248,240,248,240,248
INM00043057,1890,248,224,248,240,248,240,248,248,240,248,240,248
INM00043057,2003,0,0,0,0,0,0,1,0,0,0,0,0
INM00043057,2004,0,0,0,0,0,0,0,0,0,0,0,1
INM00043057,2007,0,0,0,0,1,0,0,0,0,0,0,0
INM00043057,2009,0,1,0,0,0,0,0,0,0,0,0,0
INM00043057,2015,0,0,0,0,0,0,0,0,0,2,1,48
INM00043057,2016,60,55,62,60,61,61,64,64,62,68,66,73
INM00043057,2017,64,56,62,61,63,61,63,62,60,61,61,61
INM00043057,2018,63,56,62,58,62,59,61,62,59,63,60,61
INM00043057,2019,63,57,61,61,63,61,63,64,61,63,63,62
INM00043057,2020,62,59,63,60,62,67,66,69,69,69,76,73
INM00043057,2021,81,68,85,81,72,75,81,68,73,71,72,71
INM00043057,2022,73,70,81,76,86,84,79,77,76,85,75,83
INM00043057,2023,80,72,74,75,71,62,66,71,63,102,84,79
INM00043057,2024,99,86,87,75,92,98,108,128,123,135,144,147
INM00043057,2025,147,132,171,172,180,177,183,173,164,184,180,186
INM00043057,2026,186,153,0,0,0,0,0,0,0,0,0,0
INM00042976,2002,0,0,0,0,1,0,0,0,0,0,0,1
INM00042976,2003,0,0,0,1,0,0,1,0,0,0,0,0
INM00042976,2007,0,0,0,0,1,0,0,0,1,0,0,0
INM00042976,2009,0,2,0,0,0,0,0,0,0,0,0,0
INM00042976,2011,0,0,0,0,0,0,1,0,0,0,0,0
INM00042976,2015,0,0,0,0,0,0,0,0,0,0,0,96
INM00042976,2016,124,111,123,141,226,150,124,136,120,132,128,124
INM00042976,2017,122,112,125,120,124,117,124,124,120,124,118,124
INM00042976,2018,124,112,150,156,171,120,120,124,113,123,119,124
INM00042976,2019,125,112,123,120,121,120,124,124,119,124,120,124
INM00042976,2020,124,115,143,180,184,179,184,186,177,186,180,186
INM00042976,2021,186,159,186,180,192,180,186,186,186,186,180,190
INM00042976,2022,186,168,186,180,185,180,182,185,180,181,179,182
INM00042976,2023,186,168,183,179,186,175,185,183,176,191,180,175
INM00042976,2024,185,174,186,162,186,179,183,186,179,188,180,184
INM00042976,2025,184,165,185,180,186,178,184,174,164,186,180,186
INM00042976,2026,186,156,0,0,0,0,0,0,0,0,0,0
INM00042790,2001,0,0,0,0,0,0,0,0,0,1,0,0
INM00042790,2002,0,0,0,0,0,0,3,0,0,0,0,0
INM00042790,2003,0,0,0,1,1,0,0,0,0,0,0,0
INM00042790,2005,0,0,0,0,1,0,0,0,0,0,0,0
INM00042790,2016,0,0,1,1,0,1,0,0,0,0,0,0
INM00042790,2018,0,0,0,0,0,0,0,0,0,0,1,0
INM00042790,2020,0,0,0,0,1,0,0,0,0,0,0,0
INM00042790,2023,0,0,1,0,0,0,0,0,0,3,3,6
INM00042790,2024,3,0,2,4,0,0,0,0,0,0,0,0
INM00043025,1985,0,0,0,0,0,0,0,0,0,0,0,2
INM00043025,1986,1,0,0,0,0,0,0,0,0,0,0,0
INM00043025,2002,0,0,0,0,0,0,0,1,0,0,0,0
INM00043025,2017,0,0,0,0,0,0,0,0,0,1,0,2
INM00043025,2018,1,1,4,0,1,1,0,0,0,0,4,12
INM00043025,2019,61,56,59,59,61,58,63,62,60,62,59,55
INM00043025,2020,62,57,50,56,59,59,61,63,59,61,59,62
INM00043025,2021,62,51,61,57,60,59,63,61,60,61,55,62
INM00043025,2022,62,53,60,60,61,61,61,58,57,57,55,60
INM00043025,2023,61,55,60,51,50,58,55,60,56,62,58,57
INM00043025,2024,59,48,49,41,58,56,59,57,49,61,58,60
INM00043025,2025,60,56,62,59,60,59,59,55,55,61,60,60
INM00043025,2026,62,51,0,0,0,0,0,0,0,0,0,0
INM00042776,2007,0,0,0,0,1,0,0,0,0,0,0,0
INM00042776,2009,0,2,0,0,0,0,0,0,0,0,0,0
INM00042776,2015,0,0,0,0,0,0,0,0,0,0,0,40
INM00042776,2016,49,47,42,43,44,48,38,21,28,54,51,58
INM00042776,2017,56,50,56,60,58,53,61,60,60,60,59,62
INM00042776,2018,62,53,62,58,61,60,61,62,52,53,59,61
INM00042776,2019,62,56,58,60,60,60,62,62,58,62,59,61
INM00042776,2020,60,49,61,59,61,59,60,63,59,62,59,63
INM00042776,2021,61,51,62,60,62,59,62,62,60,62,60,62
INM00042776,2022,62,56,62,60,62,60,61,62,60,61,60,62
INM00042776,2023,62,56,61,60,63,57,64,60,58,61,60,113
INM00042776,2024,123,115,122,108,123,120,121,124,119,122,120,122
INM00042776,2025,123,111,124,120,124,119,120,116,110,124,120,124
INM00042776,2026,124,103,0,0,0,0,0,0,0,0,0,0
INM00043001,1944,106,110,114,110,114,118,116,122,120,118,114,122
INM00043001,1945,124,112,124,118,124,104,116,106,98,122,116,120
INM00043001,1946,124,102,122,114,120,116,84,106,114,94,90,102
INM00043001,1947,116,106,122,116,110,114,114,112,118,122,116,118
INM00043001,1948,122,114,124,118,124,82,120,122,116,122,98,124
INM00043001,1973,53,44,41,30,38,18,25,20,24,37,53,41
INM00043001,1974,40,46,44,50,35,27,10,14,26,33,31,36
INM00043001,1975,42,30,38,28,28,27,35,29,33,29,38,31
INM00043001,1976,31,30,39,37,37,33,30,16,16,5,10,25
INM00043001,1977,37,34,35,26,38,23,20,19,22,38,45,45
INM00043001,1978,45,49,47,39,47,50,48,43,46,0,0,0
INM00043001,1979,0,0,0,0,0,0,1,0,0,0,0,0
INM00043001,1983,0,0,0,0,0,0,0,0,8,31,21,26
INM00043001,1984,22,23,24,25,17,20,22,15,25,20,24,17
INM00043001,1985,30,28,31,18,16,20,16,19,15,21,24,18
INM00043001,1986,20,23,8,19,12,9,14,11,9,11,22,19
INM00043001,1987,22,14,23,11,15,3,3,2,7,2,9,6
INM00043001,1988,13,13,3,4,0,2,2,3,2,3,2,4
INM00043001,1989,3,8,5,6,2,0,1,0,1,2,4,7
INM00043001,1990,6,6,4,0,0,0,0,0,0,0,0,0
INM00043001,2002,0,0,0,0,0,0,0,0,0,0,0,1
INM00043001,2005,0,0,0,0,0,0,0,0,0,1,0,0
INM00043001,2007,0,0,0,0,1,0,0,0,0,1,0,0
INM00043001,2009,0,1,0,0,0,0,0,0,0,0,0,0
INM00043001,2015,0,0,0,0,0,0,0,0,0,0,0,116
INM00043001,2016,148,138,150,148,155,148,151,151,145,154,148,152
INM00043001,2017,149,136,149,148,152,147,153,154,147,151,147,154
INM00043001,2018,154,140,154,147,155,150,152,155,136,153,149,151
INM00043001,2019,154,138,150,150,152,148,155,153,149,154,147,154
INM00043001,2020,155,142,152,146,154,148,151,154,148,153,147,155
INM00043001,2021,156,133,154,150,154,150,154,154,150,154,149,155
INM00043001,2022,151,136,155,145,153,149,154,153,150,150,150,152
INM00043001,2023,154,137,149,148,154,146,153,153,143,150,144,80
INM00043001,2024,62,58,61,56,121,114,119,122,117,124,117,121
INM00043001,2025,118,104,122,114,123,119,121,114,111,123,120,124
INM00043001,2026,124,101,0,0,0,0,0,0,0,0,0,0
INM00043377,1980,0,0,0,0,0,0,2,1,0,1,0,2
INM00043377,1981,0,2,4,2,4,0,0,2,3,4,1,2
INM00043377,1982,1,0,0,2,2,1,2,2,0,0,0,1
INM00043377,1983,2,3,1,6,5,2,4,1,3,1,2,2
INM00043377,1984,0,1,4,1,0,3,5,2,2,0,1,1
INM00043377,1985,3,1,4,2,1,1,2,4,4,0,2,1
INM00043377,1986,3,2,0,4,2,1,5,5,1,4,2,1
INM00043377,1987,3,2,1,0,3,3,1,3,3,0,2,2
INM00043377,1988,0,2,3,2,1,2,3,3,4,2,1,5
INM00043377,1989,3,2,2,0,2,4,2,4,4,4,4,0
INM00043377,1990,3,3,5,2,3,5,4,5,2,4,1,3
INM00043377,1991,3,2,1,0,2,1,4,1,4,4,2,2
INM00043377,1992,4,2,1,2,2,3,6,1,2,1,0,0
INM00043377,1993,2,1,8,2,1,0,2,3,6,5,0,3
INM00043377,1994,4,4,4,11,1,4,2,5,6,3,4,2
INM00043377,1995,7,1,2,1,1,1,1,1,3,3,1,5
INM00043377,1996,5,0,2,3,3,0,2,3,4,5,3,0
INM00043377,1997,1,4,1,1,1,0,1,1,3,8,5,1
INM00043377,1998,1,2,1,2,0,0,1,0,0,2,3,1
INM00043377,1999,1,1,0,0,0,0,0,0,0,0,0,0
INM00043377,2000,0,0,3,0,0,0,0,0,0,0,0,0
INM00043377,2001,0,0,1,0,0,0,0,0,1,0,1,0
INM00043377,2002,0,0,0,2,0,1,0,0,0,0,0,0
INM00043377,2003,0,0,0,1,0,2,0,0,0,0,0,0
INM00043377,2009,0,2,0,0,0,0,0,0,0,0,0,0
INM00043377,2015,0,0,0,0,0,0,0,0,0,0,0,193
INM00043377,2016,248,210,240,238,246,238,248,246,240,247,232,245
INM00043377,2017,243,221,245,239,248,237,246,245,239,245,237,247
INM00043377,2018,246,221,247,223,245,231,227,244,222,244,231,228
INM00043377,2019,246,220,240,231,241,237,246,246,238,245,237,246
INM00043377,2020,246,230,246,235,234,239,247,246,238,248,240,248
INM00043377,2021,247,213,248,238,247,237,248,246,238,246,240,247
INM00043377,2022,248,221,247,240,245,239,240,233,234,232,238,241
INM00043377,2023,246,219,245,218,204,200,244,243,228,241,237,226
INM00043377,2024,238,217,242,207,235,214,224,218,175,229,226,215
INM00043377,2025,212,185,221,231,221,222,228,220,213,236,229,241
INM00043377,2026,233,201,0,0,0,0,0,0,0,0,0,0
INU00042623,1956,0,0,0,0,0,0,0,0,0,0,43,57
INU00042623,1957,47,10,42,42,44,36,129,127,123,132,126,133
INU00042623,1958,139,112,143,128,137,137,139,136,135,135,128,131
INU00042623,1959,48,55,53,51,45,40,36,36,33,38,39,50
INU00042623,1960,46,43,56,44,40,26,28,34,31,39,29,38
INU00042623,1961,41,36,65,75,84,79,88,98,79,85,88,89
INU00042623,1962,103,98,101,88,104,105,112,114,104,108,105,113
INU00042623,1963,53,45,52,47,56,46,51,53,47,56,54,56
INM00043363,1944,114,114,120,120,112,118,122,122,118,120,114,120
INM00043363,1945,122,108,120,114,118,112,114,116,118,112,112,120
INM00043363,1946,118,98,122,120,122,118,108,122,120,96,92,124
INM00043363,1947,124,110,122,120,124,118,118,118,120,124,118,124
INM00043363,1948,122,116,122,118,124,114,118,124,120,116,112,120
INM00043363,1956,0,0,0,0,0,0,0,0,0,1,60,61
INM00043363,1957,53,49,53,48,45,47,49,43,52,54,52,47
INM00043363,1958,53,52,55,53,52,50,48,47,48,38,43,40
INM00043363,1959,47,45,53,48,56,53,53,51,47,48,42,49
INM00043363,1960,44,41,50,54,51,41,28,30,30,29,28,30
INM00043363,1961,31,26,31,25,30,29,31,31,30,31,28,24
INM00043363,1962,41,38,44,40,52,41,45,45,48,49,41,44
INM00043363,1963,62,56,62,59,61,57,59,62,56,60,60,59
INM00043363,1973,31,30,29,11,20,17,29,27,18,19,28,21
INM00043363,1974,24,30,25,24,18,31,29,32,19,17,18,18
INM00043363,1975,15,21,19,17,18,29,27,26,29,21,30,19
INM00043363,1976,18,23,33,24,17,10,9,14,10,7,6,10
INM00043363,1977,22,24,25,25,23,18,25,36,24,25,27,27
INM00043363,1978,37,39,39,38,46,41,43,35,35,0,0,0
INM00043363,1979,0,0,0,0,1,1,5,0,0,1,0,0
INM00043363,1983,0,0,0,0,0,0,0,2,11,21,19,19
INM00043363,1984,20,15,21,26,15,15,31,25,26,29,24,8
INM00043363,1985,31,30,26,25,17,28,18,28,16,34,18,24
INM00043363,1986,28,20,22,27,15,7,14,19,10,10,11,18
INM00043363,1987,12,17,24,15,10,1,7,5,10,0,5,9
INM00043363,1988,21,19,10,3,2,5,11,8,5,2,3,7
INM00043363,1989,1,6,6,4,5,0,4,4,7,3,7,9
INM00043363,1990,4,6,5,2,3,0,0,0,0,0,0,0
INM00043363,1992,0,0,0,0,0,2,6,1,1,1,2,2
INM00043363,1994,0,1,0,3,0,1,0,0,1,0,0,0
INM00043363,1995,0,0,0,1,0,0,0,0,0,0,0,0
INM00043363,2000,0,0,1,0,0,0,0,0,0,0,0,0
INM00043363,2003,0,0,0,0,0,0,1,0,0,0,0,0
INM00043363,2004,0,0,0,0,1,0,0,0,0,0,0,0
INM00043363,2009,0,4,0,0,0,0,0,2,107,117,117,121
INM00043363,2010,121,111,123,118,124,110,118,123,119,118,120,120
INM00043363,2011,124,111,117,120,123,99,124,122,107,119,120,124
INM00043363,2012,124,114,124,120,124,117,124,122,120,122,114,124
INM00043363,2013,124,110,124,118,122,118,128,124,119,124,117,121
INM00043363,2014,122,112,123,120,124,119,120,123,119,124,119,122
INM00043363,2015,124,111,121,120,122,119,123,124,115,124,119,215
INM00043363,2016,245,214,243,238,246,238,248,238,237,246,235,245
INM00043363,2017,244,224,246,231,247,237,247,245,239,248,240,248
INM00043363,2018,245,222,247,229,248,240,231,246,229,245,239,246
INM00043363,2019,248,224,244,235,245,236,246,247,239,247,237,247
INM00043363,2020,244,231,241,239,237,239,244,247,238,248,238,247
INM00043363,2021,247,213,247,238,247,238,203,240,237,247,238,247
INM00043363,2022,248,222,248,230,245,188,243,226,235,235,240,241
INM00043363,2023,238,204,231,194,182,208,236,240,231,241,229,230
INM00043363,2024,241,219,224,199,236,220,223,205,174,231,212,223
INM00043363,2025,204,168,204,217,219,212,225,204,207,220,219,227
INM00043363,2026,224,198,0,0,0,0,0,0,0,0,0,0
INU00020367,1944,28,27,28,30,29,29,30,31,30,30,30,30
INU00020367,1945,30,28,31,29,27,27,29,29,28,31,28,28
INU00020367,1946,31,22,31,50,49,49,45,48,53,39,39,61
INU00020367,1947,58,56,52,55,58,53,56,30,29,56,56,62
INU00020367,1948,62,57,59,58,56,56,59,59,58,60,57,61
INU00020407,1944,57,58,59,57,58,60,62,61,60,60,59,61
INU00020407,1945,62,56,60,57,57,57,57,58,60,62,56,61
INU00020407,1946,60,51,61,60,62,50,51,56,56,46,45,60
INU00020407,1947,59,55,60,60,61,59,60,56,53,60,57,61
INU00020407,1948,58,54,58,58,56,54,59,58,57,61,56,58
INU00020415,1944,57,58,60,59,58,60,62,62,59,62,60,60
INU00020415,1945,61,56,60,59,61,57,58,57,60,62,57,60
INU00020415,1946,60,51,60,60,62,59,59,62,59,48,46,62
INU00020415,1947,61,53,61,60,62,60,59,61,60,62,60,62
INU00020415,1948,61,58,61,59,56,58,61,62,59,60,59,62
INMU0020423,1944,56,58,60,60,57,60,62,62,58,62,60,61
INMU0020423,1945,62,55,62,60,60,58,57,58,60,60,58,60
INMU0020423,1946,62,49,60,60,62,57,55,61,56,46,43,60
INMU0020423,1947,52,49,58,59,61,58,58,60,59,60,60,61
INMU0020423,1948,59,58,61,60,59,58,62,62,60,59,59,62
INMU0020425,1944,56,56,59,60,57,60,61,62,60,61,57,60
INMU0020425,1945,60,56,61,59,61,55,58,58,59,61,58,59
INMU0020425,1946,60,51,59,60,62,57,58,62,60,44,45,58
INMU0020425,1947,62,52,57,59,61,59,59,60,60,61,59,61
INMU0020425,1948,62,57,62,60,60,58,62,61,60,58,59,62
INU00042080,1959,0,0,0,0,0,21,24,26,23,26,27,24
INU00042080,1960,27,28,26,24,26,24,18,26,25,27,26,29
INU00042080,1961,25,15,26,24,29,27,24,27,25,27,27,21
INU00042080,1962,26,24,26,27,28,26,28,28,26,26,28,29
INU00042080,1963,62,55,57,55,55,54,50,52,56,57,52,44
INMU0022185,1944,110,110,106,116,106,120,114,106,82,108,108,122
INMU0022185,1945,122,112,124,102,102,80,112,116,118,124,116,124
INMU0022185,1946,122,100,104,118,122,118,82,94,120,96,92,120
INMU0022185,1947,122,92,46,116,122,120,106,68,70,96,118,124
INMU0022185,1948,124,114,124,118,0,118,124,124,120,102,116,122
INMU0022185,1954,62,56,61,58,61,59,61,58,59,58,58,61
INMU0022185,1955,62,53,60,60,58,59,56,57,60,61,59,61
INMU0022185,1956,60,57,60,57,56,56,60,62,59,60,56,59
INMU0022185,1957,78,77,75,71,71,67,135,136,145,144,140,141
INMU0022185,1958,142,122,137,142,146,75,137,146,136,147,133,135
INMU0022185,1959,64,68,80,69,61,55,63,66,55,55,56,61
INMU0022185,1960,63,65,76,68,61,46,26,29,26,29,28,27
INMU0022185,1961,97,82,131,118,123,125,123,123,123,134,128,129
INMU0022185,1962,140,134,148,137,137,134,147,142,134,132,137,141
INMU0022185,1963,60,55,58,57,59,57,54,57,55,61,56,60
INMU0022185,1973,133,107,136,114,134,126,132,123,111,122,106,116
INMU0022185,1974,126,114,117,95,115,118,122,97,115,90,78,96
INMU0022185,1975,94,90,81,82,75,100,115,118,119,104,124,116
INMU0022185,1976,124,125,125,112,87,107,109,125,115,98,106,118
INMU0022185,1977,123,120,133,119,132,123,124,144,132,108,129,135
INMU0022185,1978,146,129,149,144,136,128,147,148,125,123,100,137
INMU0022185,1979,85,112,130,170,179,153,113,170,135,192,169,170
INMU0022185,1980,168,164,172,108,157,173,153,175,153,150,166,165
INMU0022185,1981,169,106,144,145,155,156,177,134,129,169,147,150
INMU0022185,1982,132,109,150,61,109,131,138,157,139,173,176,162
INMU0022185,1983,174,155,161,131,157,139,151,137,153,157,174,162
INMU0022185,1984,157,153,88,75,102,97,164,181,172,181,182,169
INMU0022185,1985,171,153,157,128,118,116,98,143,140,151,136,156
INMU0022185,1986,170,134,154,118,101,151,87,155,95,27,72,137
INMU0022185,1987,143,138,140,138,134,125,126,157,98,148,154,151
INMU0022185,1988,160,129,136,152,139,144,160,155,128,134,132,166
INMU0022185,1989,134,119,139,104,135,122,152,164,154,140,149,161
INMU0022185,1990,143,151,161,154,125,152,92,116,95,131,37,145
INMU0022185,1991,162,150,155,131,139,166,166,147,192,174,159,174
INMU0022185,1992,175,174,176,169,156,123,167,178,145,154,164,170
INMU0022185,1993,172,171,174,156,159,134,144,168,166,163,166,150
INMU0022185,1994,182,155,187,153,161,168,144,72,131,102,143,147
INMU0022185,1995,162,141,174,138,126,106,147,137,115,129,136,124
INMU0022185,1996,150,120,70,92,108,145,61,125,119,111,128,131
INMU0022185,1997,137,123,114,81,46,0,14,68,61,67,106,89
INMU0022185,1998,78,101,86,92,60,69,73,112,53,0,1,1
INMU0022185,1999,0,0,1,0,0,0,1,1,48,50,29,53
INMU0022185,2000,54,132,91,31,6,4,0,0,0,0,0,0
INMU0022185,2001,0,1,1,0,1,0,1,0,0,0,0,0
INMU0022185,2002,1,0,1,0,0,0,0,1,1,1,0,2
INMU0022185,2003,0,1,0,0,1,0,1,0,0,0,0,0
INMU0022185,2005,0,0,0,0,0,0,0,0,0,0,0,1
INMU0022185,2010,0,0,0,0,0,0,0,8,0,0,0,0
INM00043314,1944,110,116,118,120,112,112,116,120,116,124,116,120
INM00043314,1945,122,110,114,110,114,108,112,114,120,124,116,114
INM00043314,1946,120,98,118,116,120,118,120,124,120,96,92,124
INM00043314,1947,116,104,122,120,124,120,120,120,120,124,116,100
INM00043314,1948,122,108,124,120,122,116,124,124,120,114,116,124
INM00043314,1954,62,56,62,60,62,60,62,58,59,62,59,61
INM00043314,1955,62,51,60,56,61,60,60,58,60,62,60,62
INM00043314,1956,61,58,61,60,59,60,62,61,60,62,58,60
INM00043314,1957,88,80,79,73,75,70,93,91,89,93,89,93
INM00043314,1958,92,83,93,90,91,90,91,91,90,93,90,93
INM00043314,1959,54,61,67,69,67,69,67,66,63,59,64,54
INM00043314,1960,62,65,70,71,70,52,32,33,30,31,30,30
INM00043314,1961,95,82,137,116,129,120,121,131,130,142,133,135
INM00043314,1962,150,137,146,137,146,139,145,149,141,148,145,143
INM00043314,1963,61,56,62,60,59,55,60,61,59,60,59,60
INM00043314,1973,94,101,127,92,82,114,113,108,79,104,97,101
INM00043314,1974,100,92,102,110,100,103,90,114,94,90,83,88
INM00043314,1975,99,84,89,74,87,90,105,121,107,123,140,129
INM00043314,1976,149,117,155,126,123,122,134,146,119,124,127,116
INM00043314,1977,155,147,183,157,150,146,163,165,174,153,150,172
INM00043314,1978,197,193,221,198,206,197,215,205,197,188,182,176
INM00043314,1979,187,164,194,215,219,211,215,209,214,224,198,175
INM00043314,1980,227,223,223,204,219,210,224,223,208,211,210,229
INM00043314,1981,238,206,229,223,219,206,223,219,198,206,210,222
INM00043314,1982,193,185,205,190,164,169,184,187,186,185,193,209
INM00043314,1983,208,178,205,184,180,190,202,207,200,208,204,192
INM00043314,1984,192,178,203,200,196,185,189,201,202,223,194,215
INM00043314,1985,232,203,197,206,188,175,214,191,202,212,190,208
INM00043314,1986,207,190,203,205,199,176,176,151,190,149,140,173
INM00043314,1987,176,181,197,198,165,170,166,182,190,198,183,195
INM00043314,1988,203,182,177,163,183,159,145,173,138,125,136,178
INM00043314,1989,134,161,186,169,169,162,188,162,147,180,186,196
INM00043314,1990,184,170,189,169,128,163,185,192,155,207,57,174
INM00043314,1991,166,164,157,165,147,146,172,167,154,185,158,150
INM00043314,1992,160,159,102,160,142,148,165,164,164,177,173,154
INM00043314,1993,173,141,181,171,144,151,177,140,149,160,154,164
INM00043314,1994,167,157,158,156,136,137,156,159,146,190,160,170
INM00043314,1995,169,165,154,159,150,124,140,159,145,155,156,172
INM00043314,1996,167,137,194,184,159,167,195,192,205,189,189,209
INM00043314,1997,190,176,177,194,218,197,198,204,211,212,196,203
INM00043314,1998,180,176,198,200,195,206,205,208,213,229,213,224
INM00043314,1999,213,210,223,206,210,217,195,210,217,217,210,207
INM00043314,2000,222,219,225,199,205,206,206,214,182,223,205,236
INM00043314,2001,229,210,230,218,214,225,230,227,223,222,223,228
INM00043314,2002,228,205,230,199,218,179,231,222,219,221,210,231
INM00043314,2003,234,211,200,227,216,205,229,146,92,159,86,115
INM00043314,2004,125,127,112,145,205,222,232,245,234,243,237,241
INM00043314,2005,245,224,238,239,245,238,241,244,238,248,229,244
INM00043314,2006,238,221,247,236,244,237,247,245,236,246,237,245
INM00043314,2007,246,221,237,238,238,238,246,239,238,236,236,247
INM00043314,2008,248,232,243,237,247,240,243,245,235,245,235,244
INM00043314,2009,247,224,246,237,246,218,246,246,237,247,235,248
INM00043314,2010,246,224,248,239,247,235,237,247,237,245,240,247
INM00043314,2011,248,223,243,238,246,200,247,245,240,248,240,247
INM00043314,2012,248,231,248,240,248,238,248,245,239,247,235,247
INM00043314,2013,247,222,248,238,246,237,257,248,239,248,237,248
INM00043314,2014,248,224,248,240,248,239,245,248,239,248,240,248
INM00043314,2015,248,224,248,240,246,239,248,248,239,248,240,247
INM00043314,2016,247,225,246,239,246,239,248,248,240,248,232,248
INM00043314,2017,248,224,247,239,247,238,246,245,239,248,240,245
INM00043314,2018,244,220,246,230,248,240,244,247,236,243,238,246
INM00043314,2019,247,224,247,237,247,239,248,246,238,247,237,247
INM00043314,2020,246,232,217,182,239,240,247,248,237,247,239,248
INM00043314,2021,247,213,248,239,247,238,246,247,236,246,239,248
INM00043314,2022,248,219,247,239,245,239,245,225,235,235,238,247
INM00043314,2023,247,223,243,220,237,239,243,245,231,242,239,234
INM00043314,2024,246,227,246,216,245,239,244,244,233,245,238,245
INM00043314,2025,242,215,246,240,247,234,246,231,224,247,237,248
INM00043314,2026,242,207,0,0,0,0,0,0,0,0,0,0
INMU0020368,1944,108,114,116,116,116,120,124,122,118,120,116,122
INMU0020368,1945,120,110,120,110,120,108,112,110,112,120,116,110
INMU0020368,1946,122,102,118,104,108,104,94,100,100,76,82,118
INMU0020368,1947,120,112,120,112,120,114,114,110,96,108,110,120
INMU0020368,1948,124,112,124,120,112,114,118,120,118,120,116,124
INMU0020368,1954,62,54,61,59,62,59,61,59,59,62,59,61
INMU0020368,1955,61,54,60,59,62,58,60,56,58,57,60,62
INMU0020368,1956,62,56,61,60,59,59,61,60,59,60,59,60
INMU0020368,1957,86,77,85,85,88,71,145,147,153,159,155,145
INMU0020368,1958,156,143,160,154,152,145,149,152,147,150,141,144
INMU0020368,1959,79,79,83,80,73,65,73,66,65,66,64,69
INMU0020368,1960,67,71,77,72,73,64,71,73,66,73,59,60
INMU0020368,1961,104,98,143,138,140,140,140,146,132,146,141,141
INMU0020368,1962,154,136,147,143,148,141,148,154,144,146,146,146
INMU0020368,1963,62,55,59,56,55,54,60,57,57,60,53,56
INMU0020368,1973,183,175,188,191,186,194,127,183,177,138,145,166
INMU0020368,1974,171,169,186,180,176,185,190,175,163,182,128,151
INMU0020368,1975,178,157,176,168,152,168,158,177,99,104,112,100
INMU0020368,1976,93,93,110,106,107,88,88,93,65,80,64,90
INMU0020368,1977,93,91,113,103,102,103,107,107,106,107,105,99
INMU0020368,1978,90,88,119,100,108,109,113,106,103,2,0,0
INMU0020368,1979,0,1,2,2,0,5,8,0,1,0,1,0
INMU0020368,1983,0,22,25,50,45,40,12,9,10,49,37,42
INMU0020368,1984,48,53,72,82,72,66,103,85,84,71,64,46
INMU0020368,1985,84,72,78,71,67,76,58,62,64,70,42,50
INMU0020368,1986,60,48,49,64,47,33,42,39,21,39,47,59
INMU0020368,1987,37,46,60,40,50,23,30,10,27,6,14,26
INMU0020368,1988,45,28,20,9,9,10,38,26,17,14,21,17
INMU0020368,1989,18,33,19,26,28,9,15,12,16,19,28,25
INMU0020368,1990,23,15,15,4,8,8,15,13,2,4,2,14
INMU0020368,1991,17,17,9,4,12,9,4,6,4,5,2,5
INMU0020368,1992,6,3,6,5,21,4,7,6,2,4,10,2
INMU0020368,1993,3,3,10,6,9,10,10,8,21,16,12,23
INMU0020368,1994,19,22,16,24,20,9,9,12,5,6,4,15
INMU0020368,1995,4,6,41,79,87,48,68,73,39,8,11,12
INMU0020368,1996,10,7,23,20,10,6,12,14,23,27,39,36
INMU0020368,1997,37,34,26,10,12,3,6,9,4,1,5,6
INMU0020368,1998,3,2,25,29,6,4,5,2,4,1,1,0
INMU0020368,1999,3,2,1,0,0,0,0,2,0,0,1,0
INMU0020368,2000,1,0,0,0,0,0,0,0,0,0,0,0
INMU0020368,2001,0,0,0,0,1,3,0,0,0,1,2,1
INMU0020368,2002,0,0,0,1,1,0,0,1,0,0,0,0
INMU0020368,2003,0,0,1,0,0,1,1,1,0,0,0,0
INMU0020368,2005,0,0,0,0,0,0,1,0,0,0,0,0
INMU0020368,2007,0,0,0,0,1,0,0,0,0,1,0,0
INMU0020368,2009,0,4,0,0,0,0,0,0,0,0,0,0
INMU0020368,2013,0,0,0,0,1,0,0,0,0,0,0,0
INMU0020368,2015,0,0,0,0,0,0,0,0,0,1,4,189
INMU0020368,2016,246,216,239,233,243,235,245,238,230,247,234,243
INMU0020368,2017,237,217,241,218,240,228,240,236,233,235,230,226
INMU0020368,2018,221,206,229,226,238,229,232,235,225,237,226,247
INMU0020368,2019,239,218,235,232,236,237,238,239,235,241,230,232
INMU0020368,2020,239,215,243,238,245,236,246,244,237,240,238,248
INMU0020368,2021,229,212,245,238,247,234,248,244,239,248,238,248
INMU0020368,2022,246,224,248,237,237,238,239,245,238,241,240,246
INMU0020368,2023,247,223,243,239,246,230,246,241,232,244,236,232
INMU0020368,2024,246,226,243,215,235,234,236,242,234,244,231,241
INMU0020368,2025,244,214,241,237,245,236,247,231,221,244,238,244
INMU0020368,2026,241,205,0,0,0,0,0,0,0,0,0,0
INU00042348,1954,61,54,62,59,62,59,61,57,57,60,59,60
INU00042348,1955,60,54,58,58,59,59,59,58,60,62,60,62
INU00042348,1956,62,58,62,55,56,59,59,59,55,62,59,59
INU00042348,1957,66,57,65,59,52,46,120,125,124,127,128,127
INU00042348,1958,133,119,133,128,122,124,121,122,121,127,124,128
INU00042348,1959,60,53,63,54,45,42,42,39,44,43,45,54
INU00042348,1960,47,50,57,55,49,64,62,62,66,68,63,60
INU00042348,1961,105,95,153,136,144,134,138,145,136,144,132,142
INU00042348,1962,152,137,147,143,145,134,149,150,138,147,142,151
INU00042348,1963,59,56,59,53,58,53,56,56,54,59,54,58
INMU0020447,1944,54,54,60,52,44,54,50,50,60,58,56,62
INMU0020447,1945,54,56,62,58,58,48,76,70,64,72,86,60
INMU0020447,1946,50,42,60,92,86,86,74,36,52,36,68,84
INMU0020447,1947,102,100,106,92,96,100,90,90,108,112,110,112
INMU0020447,1948,122,106,120,114,108,104,112,116,114,94,102,116
INMU0020447,1973,14,10,9,1,6,6,3,6,0,2,4,2
INMU0020447,1974,4,1,0,3,1,1,0,1,2,0,0,0
INMU0020447,1977,0,10,27,18,18,21,14,18,27,28,26,16
INMU0020447,1978,21,30,28,20,21,12,13,14,14,1,1,0
INMU0020447,1979,1,2,1,0,0,0,0,0,0,0,0,0
INMU0020447,1983,0,0,0,0,0,0,0,0,0,0,5,6
INMU0020447,1984,5,5,5,7,5,2,6,6,4,9,7,3
INMU0020447,1985,9,13,11,6,2,3,6,5,2,1,2,3
INMU0020447,1986,9,6,6,8,3,1,2,5,5,1,6,8
INMU0020447,1987,6,3,9,7,6,2,4,3,2,1,1,3
INMU0020447,1988,7,7,1,1,3,4,5,3,7,1,1,1
INMU0020447,1989,2,1,1,2,7,1,6,1,4,2,0,2
INMU0020447,1990,4,2,4,0,4,0,0,0,0,0,0,0
INMU0020447,2001,0,0,0,0,0,0,0,1,0,0,1,0
INMU0020447,2002,0,0,2,0,2,0,0,1,3,1,0,0
INMU0020447,2003,0,0,0,0,0,1,0,0,0,1,0,0
INMU0020447,2004,0,0,0,0,0,1,0,0,0,0,0,0
INMU0020447,2011,0,0,0,0,0,0,1,0,0,0,0,0
INMU0020447,2013,0,0,0,0,0,0,0,0,0,1,0,0
INMU0020447,2014,0,1,0,0,0,0,1,0,0,0,0,0
INMU0020447,2016,0,0,0,1,0,0,0,0,0,0,0,0
INMU0020447,2018,0,0,0,1,0,0,0,0,0,0,1,0
INMU0020447,2020,0,0,0,0,0,0,0,0,0,1,0,0
INMU0020447,2022,0,0,0,0,0,0,0,0,0,0,0,1
INMU0020447,2024,0,0,0,0,0,0,0,0,0,0,0,1
INU00042398,1957,0,0,0,0,0,10,124,124,120,124,120,123
INU00042398,1958,124,112,124,120,124,120,124,124,120,124,120,124
INU00042398,1959,20,17,17,19,13,13,12,14,10,9,6,24
INU00042398,1960,17,23,19,18,12,16,17,17,11,21,20,23
INU00042398,1961,71,52,95,87,71,84,84,86,92,104,96,109
INU00042398,1962,107,102,112,98,104,92,107,108,99,96,88,97
INMU0020436,1944,114,114,116,118,116,118,122,124,116,116,118,124
INMU0020436,1945,122,104,122,118,118,102,110,114,118,122,116,124
INMU0020436,1946,122,102,122,118,120,116,86,98,118,94,90,122
INMU0020436,1947,124,108,118,114,122,120,118,124,120,124,118,122
INMU0020436,1948,118,114,124,118,110,114,122,124,120,122,116,122
INMU0020436,1954,62,54,58,56,61,60,58,59,58,60,60,59
INMU0020436,1955,61,55,60,59,58,56,59,55,59,59,59,61
INMU0020436,1956,62,57,61,58,58,57,59,57,59,62,58,59
INMU0020436,1957,77,67,68,58,54,62,135,131,133,130,129,133
INMU0020436,1958,137,119,135,124,134,123,129,124,127,126,121,131
INMU0020436,1959,53,58,68,55,47,43,49,51,40,41,51,61
INMU0020436,1960,49,54,51,56,46,45,33,31,44,50,50,48
INMU0020436,1961,82,59,92,91,103,85,112,109,106,124,114,109
INMU0020436,1962,128,120,128,104,97,109,111,117,107,112,117,126
INMU0020436,1963,59,55,50,57,54,56,54,57,55,55,57,58
INMU0020436,1973,94,82,96,68,46,69,88,80,69,62,71,70
INMU0020436,1974,76,70,62,37,41,59,61,66,84,69,56,68
INMU0020436,1975,56,71,51,43,81,97,104,46,41,45,56,51
INMU0020436,1976,56,49,81,75,52,69,81,68,81,74,75,86
INMU0020436,1977,94,82,97,80,78,67,66,95,90,85,98,99
INMU0020436,1978,108,103,123,111,108,85,103,75,78,5,2,0
INMU0020436,1979,3,3,5,8,3,1,6,3,4,3,0,0
INMU0020436,1980,1,1,0,0,0,0,0,0,0,0,0,0
INMU0020436,1983,0,0,0,0,0,0,0,0,0,9,7,8
INMU0020436,1984,10,13,8,13,5,3,11,9,17,22,14,5
INMU0020436,1985,14,14,18,11,10,10,17,18,8,13,9,7
INMU0020436,1986,10,9,14,15,4,4,8,2,7,9,6,16
INMU0020436,1987,16,18,18,11,14,7,8,5,8,1,5,5
INMU0020436,1988,15,10,6,2,3,1,9,7,2,1,4,3
INMU0020436,1989,1,9,1,3,4,0,3,0,1,4,3,4
INMU0020436,1990,1,1,0,0,0,0,0,0,0,0,0,0
INMU0020436,2000,1,0,0,0,0,0,0,0,1,0,0,0
INMU0020436,2003,0,0,0,0,0,0,1,0,0,0,0,0
INMU0020436,2004,0,0,0,0,1,0,0,0,0,0,0,0
INMU0020436,2007,0,0,0,0,1,0,0,0,0,0,0,0
INMU0020436,2009,0,4,0,0,0,0,0,0,0,0,0,0
INMU0020436,2011,0,0,0,0,0,0,1,0,0,0,0,0
INMU0020436,2013,0,0,2,1,0,2,0,0,0,0,0,0
INMU0020436,2015,0,0,0,0,0,0,0,0,0,0,0,195
INMU0020436,2016,247,221,243,238,246,236,248,247,240,248,235,248
INMU0020436,2017,245,223,248,240,247,236,247,247,238,247,238,247
INMU0020436,2018,247,224,248,235,248,240,243,247,224,245,239,247
INMU0020436,2019,246,224,242,240,241,240,248,248,239,247,239,248
INMU0020436,2020,248,231,247,240,247,239,247,248,237,248,240,248
INMU0020436,2021,248,213,248,240,247,240,248,248,240,248,240,248
INMU0020436,2022,248,224,248,239,246,239,243,244,239,242,240,247
INMU0020436,2023,248,224,244,239,248,234,246,244,233,243,238,234
INMU0020436,2024,247,230,247,215,246,239,245,245,236,247,239,244
INMU0020436,2025,245,214,246,240,247,236,246,232,222,245,238,248
INMU0020436,2026,242,207,0,0,0,0,0,0,0,0,0,0
INU00042369,1954,62,55,62,58,60,56,58,59,59,60,59,60
INU00042369,1955,62,53,60,59,61,57,59,56,60,62,58,62
INU00042369,1956,62,58,61,58,55,56,61,58,59,62,59,61
INU00042369,1957,67,69,68,63,60,53,128,128,127,144,147,134
INU00042369,1958,136,124,149,129,140,134,130,136,138,137,133,136
INU00042369,1959,68,71,75,79,54,54,51,52,52,49,58,63
INU00042369,1960,62,64,75,73,58,69,73,76,70,50,36,59
INU00042369,1961,67,59,85,79,90,91,90,87,89,89,93,91
INU00042369,1962,125,112,129,124,120,117,126,125,111,116,101,111
INU00042369,1963,61,54,60,58,58,55,59,57,59,59,58,59
INMU0020449,1944,27,28,29,28,29,30,31,31,30,30,30,29
INMU0020449,1945,31,28,31,29,31,28,29,29,30,31,28,31
INMU0020449,1946,31,25,31,46,48,58,42,28,42,33,42,50
INMU0020449,1947,59,53,58,55,60,57,57,60,58,55,41,57
INMU0020449,1948,57,58,61,58,56,56,60,62,58,60,53,57
INU00042361,1954,61,56,62,59,62,60,61,59,60,60,59,60
INU00042361,1955,61,53,61,60,62,60,58,57,60,62,60,62
INU00042361,1956,61,57,61,59,59,58,61,59,60,61,59,61
INU00042361,1957,79,74,76,63,61,56,132,135,136,142,143,136
INU00042361,1958,146,134,142,138,136,139,146,142,139,150,130,139
INU00042361,1959,58,59,73,74,56,59,59,53,64,59,57,56
INU00042361,1960,58,60,72,65,63,57,62,59,63,72,58,54
INU00042361,1961,91,85,122,115,118,117,130,126,120,142,127,131
INU00042361,1962,147,131,137,130,129,128,133,144,133,130,131,138
INU00042361,1963,60,53,61,54,56,59,55,61,57,60,58,60
INMU0020452,1944,58,56,50,54,58,58,54,60,60,60,56,62
INMU0020452,1945,62,52,62,58,62,48,56,58,56,62,58,58
INMU0020452,1946,82,58,82,86,96,84,82,58,74,50,72,90
INMU0020452,1947,92,102,118,104,110,114,108,116,114,120,104,102
INMU0020452,1948,116,116,118,116,118,110,116,120,116,120,112,124
INMU0020452,1949,55,55,57,59,62,59,62,60,60,59,58,61
INMU0020452,1950,62,56,61,59,62,51,60,62,59,60,58,62
INMU0020452,1951,61,56,60,60,59,57,59,59,57,58,58,57
INMU0020452,1952,59,58,61,60,60,55,56,59,56,59,59,61
INMU0020452,1953,62,56,62,59,62,55,59,61,59,59,57,57
INMU0020452,1954,61,56,61,57,61,56,1,60,58,62,58,58
INMU0020452,1955,61,55,59,58,60,59,61,61,60,61,58,62
INMU0020452,1956,61,56,59,59,62,55,57,57,58,58,57,60
INMU0020452,1957,58,54,56,51,55,53,54,50,52,57,58,55
INMU0020452,1958,58,45,54,56,55,55,56,57,58,1,46,58
INMU0020452,1959,57,46,53,56,53,52,55,59,49,39,49,56
INMU0020452,1960,56,54,1,47,55,52,46,56,53,59,56,57
INMU0020452,1961,61,52,55,48,54,2,56,58,52,0,0,0
INMU0020452,1962,1,50,0,1,57,56,1,56,0,0,0,1
INMU0020452,1963,60,52,55,52,57,54,0,0,0,0,0,0
INMU0020452,1973,19,10,16,13,9,7,9,11,13,3,16,9
INMU0020452,1974,7,14,7,2,5,9,10,6,8,1,1,1
INMU0020452,1975,3,4,0,0,0,0,0,0,13,12,12,10
INMU0020452,1976,13,10,17,13,11,12,21,19,14,6,5,13
INMU0020452,1977,22,15,23,25,31,29,24,25,22,28,27,40
INMU0020452,1978,28,36,32,33,32,29,41,34,39,1,1,0
INMU0020452,1979,1,0,0,0,1,1,0,1,0,0,0,0
INMU0020452,1983,0,0,0,0,0,0,0,0,0,2,6,7
INMU0020452,1984,6,7,13,8,6,5,11,4,1,4,12,5
INMU0020452,1985,12,6,9,3,4,9,6,0,8,3,4,3
INMU0020452,1986,3,5,5,13,4,3,15,8,4,1,1,0
INMU0020452,1987,8,2,9,4,8,1,1,0,2,0,3,1
INMU0020452,1988,6,1,0,2,0,1,1,0,2,0,1,0
INMU0020452,1989,1,0,1,1,0,0,1,0,0,0,1,1
INMU0020452,1990,0,1,1,1,1,0,0,0,0,0,0,0
INMU0020452,2001,0,0,0,0,0,0,0,0,0,0,1,0
INMU0020452,2002,0,0,0,1,0,1,0,0,0,0,0,0
INMU0020452,2003,0,0,0,1,0,0,0,0,0,0,0,0
INMU0020452,2015,0,0,0,0,0,0,0,0,0,0,0,12
INMU0020452,2016,27,26,28,27,28,27,28,25,30,27,23,24
INMU0020452,2017,22,23,23,20,20,8,0,0,0,0,0,0
INMU0020452,2018,0,0,16,22,34,41,27,35,29,23,45,47
INMU0020452,2019,42,30,42,120,124,120,124,123,120,124,120,124
INMU0020452,2020,124,115,124,120,121,120,123,124,118,121,119,124
INMU0020452,2021,119,103,124,119,124,118,124,123,120,124,120,124
INMU0020452,2022,125,112,33,0,0,0,0,0,0,0,0,0
INMU0020452,2023,0,1,1,0,0,0,0,0,1,0,0,0
INMU0020452,2024,0,0,0,0,0,0,0,4,1,0,1,0
INMU0020452,2025,1,0,0,0,0,0,0,0,0,1,0,0
INMU0020452,2026,1,0,0,0,0,0,0,0,0,0,0,0
INU00042886,1959,0,0,7,26,26,22,24,28,31,18,22,24
INU00042886,1960,27,25,29,27,21,12,17,19,24,27,31,38
INU00042886,1961,64,56,98,100,90,68,17,31,74,83,70,68
INU00042886,1962,93,94,106,68,75,92,102,99,95,102,104,112
INMU0020455,1945,0,0,0,0,0,0,0,54,59,62,57,61
INMU0020455,1946,61,51,55,60,61,59,33,45,56,42,46,55
INMU0020455,1947,58,50,56,51,53,55,53,58,56,53,58,56
INMU0020455,1948,61,56,61,58,55,58,61,62,60,59,59,62
INMU0020455,1954,62,54,60,60,60,57,59,60,59,61,59,62
INMU0020455,1955,61,55,61,58,61,58,59,55,60,62,59,62
INMU0020455,1956,59,55,59,60,56,58,60,59,58,58,60,61
INMU0020455,1957,82,66,73,70,70,59,141,141,140,151,138,137
INMU0020455,1958,146,127,148,135,148,138,141,146,140,140,126,133
INMU0020455,1959,64,68,77,69,64,53,56,61,54,59,59,56
INMU0020455,1960,62,56,67,63,64,51,49,56,56,66,60,59
INMU0020455,1961,98,88,145,125,127,120,130,132,126,136,142,132
INMU0020455,1962,141,133,143,133,139,134,143,143,142,145,137,144
INMU0020455,1963,59,55,58,57,60,58,58,56,55,54,57,60
INMU0020446,1944,112,110,120,116,106,100,118,112,112,118,114,122
INMU0020446,1945,122,108,118,118,116,114,112,114,118,114,116,118
INMU0020446,1946,120,100,116,104,116,110,86,86,80,74,82,102
INMU0020446,1947,106,98,106,106,118,116,96,110,112,100,112,118
INMU0020446,1948,104,116,112,110,112,104,118,120,102,108,112,118
INMU0020446,1973,26,15,23,5,5,8,15,18,10,8,7,4
INMU0020446,1974,12,5,15,3,5,6,3,4,2,0,0,0
INMU0020446,1977,0,16,27,24,20,19,20,18,20,18,25,16
INMU0020446,1978,21,11,18,14,5,11,17,9,5,0,0,0
INMU0020446,1985,5,3,2,1,0,0,0,0,0,1,1,1
INMU0020446,1986,0,0,2,0,0,0,0,0,1,1,0,0
INMU0020446,2005,0,10,49,51,56,53,55,52,54,55,38,58
INMU0020446,2006,57,40,36,58,58,60,55,61,53,62,44,49
INMU0020446,2007,55,47,56,58,58,57,45,40,40,58,114,229
INMU0020446,2008,164,222,239,237,227,228,241,235,228,243,235,234
INMU0020446,2009,241,219,236,230,234,214,235,237,236,239,237,243
INMU0020446,2010,241,221,239,232,243,227,232,245,237,244,237,247
INMU0020446,2011,237,220,243,237,234,196,242,233,238,244,240,237
INMU0020446,2012,246,230,244,235,245,235,248,243,237,247,237,243
INMU0020446,2013,247,220,247,236,220,230,248,248,239,241,234,243
INMU0020446,2014,247,222,248,239,247,235,240,246,238,246,238,246
INMU0020446,2015,246,219,242,235,240,237,241,241,229,243,237,233
INMU0020446,2016,241,227,237,233,237,238,246,246,235,248,234,239
INMU0020446,2017,245,221,246,237,246,240,241,243,237,245,238,247
INMU0020446,2018,244,222,248,237,246,238,246,247,238,246,235,248
INMU0020446,2019,247,221,246,240,244,238,248,245,233,242,237,248
INMU0020446,2020,247,232,242,238,221,237,234,243,231,247,239,245
INMU0020446,2021,244,205,246,233,234,236,245,246,237,246,239,245
INMU0020446,2022,243,219,244,236,247,238,243,246,239,241,239,246
INMU0020446,2023,247,221,236,238,246,237,244,242,230,244,237,233
INMU0020446,2024,248,230,245,216,244,237,240,245,236,247,238,244
INMU0020446,2025,246,215,244,240,246,234,244,231,224,246,238,248
INMU0020446,2026,242,207,0,0,0,0,0,0,0,0,0,0
INU00042410,1954,62,55,62,59,62,59,60,60,59,62,60,61
INU00042410,1955,62,54,59,58,61,60,60,58,60,61,59,60
INU00042410,1956,61,56,61,58,59,59,59,55,60,60,58,60
INU00042410,1957,51,39,51,41,42,34,123,123,122,125,119,126
INU00042410,1958,132,112,130,123,129,127,127,126,121,126,121,123
INU00042410,1959,49,44,58,48,41,36,38,41,33,33,38,48
INU00042410,1960,38,38,40,43,36,42,35,38,44,56,53,62
INU00042410,1961,84,63,107,90,98,101,113,110,116,114,102,111
INU00042410,1962,133,122,129,128,109,125,136,124,119,125,126,129
INU00042410,1963,54,52,53,47,52,53,49,51,51,55,58,48
INMU0020359,1944,108,110,114,114,114,116,122,122,120,120,116,122
INMU0020359,1945,114,108,118,114,116,108,114,112,114,118,114,114
INMU0020359,1946,122,94,118,104,102,110,94,108,112,82,68,106
INMU0020359,1947,102,112,114,114,118,116,108,74,38,78,76,86
INMU0020359,1948,86,78,66,96,100,98,110,106,108,112,102,94
INMU0020359,1955,52,51,57,60,60,58,59,58,60,61,59,61
INMU0020359,1956,60,55,59,58,53,57,58,61,57,62,57,56
INMU0020359,1957,55,46,53,54,56,46,89,87,86,89,89,93
INMU0020359,1958,81,82,89,88,87,85,89,89,87,89,86,90
INMU0020359,1959,39,45,49,50,49,51,52,54,49,48,44,40
INMU0020359,1960,45,44,49,50,48,46,30,27,28,26,30,28
INMU0020359,1961,30,26,28,25,30,30,31,30,27,30,29,24
INMU0020359,1962,43,42,41,38,45,42,47,40,42,43,48,42
INMU0020359,1963,58,55,59,51,56,55,59,55,55,57,49,61
INMU0020359,1973,160,136,146,161,180,158,166,145,143,129,140,130
INMU0020359,1974,149,136,164,117,128,124,141,149,163,145,117,105
INMU0020359,1975,118,115,139,121,125,135,153,156,169,155,166,159
INMU0020359,1976,123,106,153,166,153,154,135,157,149,120,113,143
INMU0020359,1977,154,146,179,159,172,174,176,180,195,205,183,188
INMU0020359,1978,184,174,206,207,188,185,170,181,163,178,175,177
INMU0020359,1979,159,145,160,205,206,183,186,205,199,198,180,198
INMU0020359,1980,185,157,171,203,194,171,177,187,152,158,140,144
INMU0020359,1981,173,139,167,106,140,128,171,125,129,159,126,105
INMU0020359,1982,106,100,119,155,166,148,198,216,129,157,103,120
INMU0020359,1983,150,131,171,166,161,152,175,184,166,184,160,157
INMU0020359,1984,157,146,182,170,163,186,193,185,195,118,107,155
INMU0020359,1985,156,147,168,158,144,171,191,202,182,185,151,166
INMU0020359,1986,168,162,187,180,195,201,201,196,192,165,154,183
INMU0020359,1987,154,175,162,174,181,197,171,180,180,179,166,183
INMU0020359,1988,166,163,175,175,176,179,189,190,174,151,152,149
INMU0020359,1989,151,133,174,154,169,174,161,176,151,149,161,180
INMU0020359,1990,157,157,124,50,43,34,84,115,105,60,49,37
INMU0020359,1991,51,47,44,54,46,47,51,41,39,51,39,39
INMU0020359,1992,37,36,38,38,30,36,29,42,27,31,0,0
INMU0020359,1993,0,0,1,19,57,48,121,124,93,90,105,121
INMU0020359,1994,122,87,118,126,126,131,164,161,166,189,154,150
INMU0020359,1995,177,162,186,179,188,170,187,183,171,201,199,199
INMU0020359,1996,192,171,160,177,186,187,162,181,194,196,191,186
INMU0020359,1997,166,177,107,136,137,125,183,161,173,189,144,179
INMU0020359,1998,163,152,141,154,163,172,153,153,182,193,166,185
INMU0020359,1999,131,135,158,155,174,145,172,178,173,169,167,154
INMU0020359,2000,130,172,144,150,187,177,170,200,201,215,191,205
INMU0020359,2001,193,171,191,212,192,184,199,180,173,226,195,185
INMU0020359,2002,193,157,169,158,207,142,152,200,209,210,210,188
INMU0020359,2003,194,172,210,190,201,162,217,224,200,221,202,218
INMU0020359,2004,209,197,220,198,175,182,204,221,221,223,211,210
INMU0020359,2005,187,149,217,212,195,204,181,217,221,229,201,220
INMU0020359,2006,198,203,227,216,184,181,171,193,182,193,155,166
INMU0020359,2007,169,188,185,204,188,199,213,195,194,205,179,180
INMU0020359,2008,217,214,214,221,236,219,238,235,232,239,231,233
INMU0020359,2009,237,218,243,229,244,214,242,245,234,235,237,242
INMU0020359,2010,236,222,245,233,246,236,228,230,229,245,235,247
INMU0020359,2011,242,218,242,237,242,194,233,245,236,249,238,247
INMU0020359,2012,236,229,239,239,235,235,246,245,236,242,233,242
INMU0020359,2013,243,221,247,238,238,237,248,245,236,246,229,246
INMU0020359,2014,246,221,236,237,246,239,241,247,172,239,236,247
INMU0020359,2015,243,219,242,237,244,235,239,237,230,237,223,242
INMU0020359,2016,244,220,238,229,239,236,229,229,225,244,229,232
INMU0020359,2017,237,213,223,222,226,219,233,233,230,220,227,242
INMU0020359,2018,234,210,237,224,228,232,220,227,226,233,225,237
INMU0020359,2019,237,213,238,236,199,197,214,204,233,240,217,213
INMU0020359,2020,231,220,237,233,245,239,231,241,233,243,240,247
INMU0020359,2021,242,211,246,238,245,238,248,245,236,243,238,242
INMU0020359,2022,246,222,242,233,237,237,236,236,231,235,232,239
INMU0020359,2023,245,224,241,228,240,233,243,239,230,237,230,233
INMU0020359,2024,244,229,244,207,245,236,243,243,233,245,236,244
INMU0020359,2025,243,213,245,238,246,234,244,226,216,234,235,247
INMU0020359,2026,242,207,0,0,0,0,0,0,0,0,0,0
INMU0020412,1944,112,114,116,118,116,120,122,122,120,120,118,122
INMU0020412,1945,124,112,122,120,116,110,114,112,112,122,116,118
INMU0020412,1946,122,100,122,116,122,114,114,124,118,96,92,124
INMU0020412,1947,122,110,124,116,124,120,120,122,120,124,120,124
INMU0020412,1948,120,116,122,116,114,116,122,124,118,108,112,124
INMU0020412,1954,62,56,62,60,62,60,61,59,57,62,59,60
INMU0020412,1955,60,55,61,58,62,60,59,57,60,61,55,62
INMU0020412,1956,61,58,60,58,59,58,62,59,60,62,58,61
INMU0020412,1957,76,62,71,70,74,56,141,141,139,141,139,141
INMU0020412,1958,147,129,146,142,145,138,150,145,141,148,130,129
INMU0020412,1959,59,63,76,74,61,62,59,60,58,61,60,64
INMU0020412,1960,55,68,72,61,60,47,30,29,29,31,29,31
INMU0020412,1961,92,87,124,116,126,132,125,137,126,137,134,127
INMU0020412,1962,140,134,145,137,142,136,138,140,140,145,143,137
INMU0020412,1963,61,56,61,58,55,58,54,57,60,60,60,58
INMU0020412,1973,124,124,123,107,119,116,124,109,110,114,107,120
INMU0020412,1974,135,123,144,137,146,150,158,138,129,136,118,127
INMU0020412,1975,139,127,139,127,130,118,137,131,128,129,141,126
INMU0020412,1976,125,93,137,142,131,135,163,149,150,130,130,146
INMU0020412,1977,85,125,145,136,147,114,145,154,143,158,140,142
INMU0020412,1978,171,165,187,189,181,159,178,190,173,140,151,154
INMU0020412,1979,149,149,157,188,195,159,171,161,190,192,182,187
INMU0020412,1980,201,180,180,176,164,130,161,148,144,168,168,168
INMU0020412,1981,163,154,162,158,146,142,147,163,132,129,151,156
INMU0020412,1982,132,135,181,134,132,144,176,140,151,149,169,173
INMU0020412,1983,152,139,176,130,151,134,138,126,140,140,149,153
INMU0020412,1984,158,130,134,112,104,118,81,95,102,91,91,98
INMU0020412,1985,112,95,87,89,42,51,25,58,51,49,33,39
INMU0020412,1986,67,38,36,46,32,28,16,34,67,46,43,62
INMU0020412,1987,65,48,56,56,37,38,48,66,66,41,42,37
INMU0020412,1988,51,37,24,38,47,48,36,52,40,21,36,42
INMU0020412,1989,41,49,28,15,26,31,31,26,44,43,47,67
INMU0020412,1990,66,55,48,39,20,23,42,48,26,65,14,54
INMU0020412,1991,73,51,62,64,65,47,63,51,73,54,109,147
INMU0020412,1992,130,169,180,139,149,125,118,136,112,141,157,151
INMU0020412,1993,136,99,172,127,137,154,161,195,155,156,173,188
INMU0020412,1994,166,144,127,153,137,115,144,155,132,153,168,171
INMU0020412,1995,133,126,70,114,65,124,155,168,173,153,140,174
INMU0020412,1996,164,186,191,175,159,182,166,180,182,196,172,137
INMU0020412,1997,178,177,181,149,171,174,175,183,188,174,177,182
INMU0020412,1998,127,156,161,128,142,160,156,158,159,193,175,160
INMU0020412,1999,151,145,148,115,135,109,106,144,155,140,119,145
INMU0020412,2000,176,126,127,90,167,85,153,115,112,146,165,138
INMU0020412,2001,186,103,148,156,146,167,168,212,162,147,132,100
INMU0020412,2002,162,60,188,199,167,171,215,217,151,195,186,221
INMU0020412,2003,222,202,218,228,233,203,215,212,208,216,168,126
INMU0020412,2004,123,122,212,209,223,215,213,213,207,214,196,214
INMU0020412,2005,210,203,220,234,234,206,201,213,208,220,214,218
INMU0020412,2006,209,169,220,227,230,225,231,237,215,222,228,219
INMU0020412,2007,230,202,231,214,214,212,232,232,229,233,228,238
INMU0020412,2008,232,216,239,223,243,235,236,231,233,243,231,231
INMU0020412,2009,242,220,240,234,238,210,224,241,197,229,233,240
INMU0020412,2010,240,220,244,238,243,239,235,246,237,247,240,247
INMU0020412,2011,248,224,244,237,245,201,247,245,239,247,240,247
INMU0020412,2012,247,232,248,240,247,237,245,245,239,245,240,246
INMU0020412,2013,246,222,248,239,244,234,247,247,240,245,236,247
INMU0020412,2014,248,224,248,239,248,240,243,248,239,248,240,248
INMU0020412,2015,248,224,247,237,247,239,247,247,236,247,239,248
INMU0020412,2016,248,230,245,239,248,240,248,248,240,248,239,248
INMU0020412,2017,248,224,248,240,248,239,248,247,241,248,240,247
INMU0020412,2018,248,224,248,239,248,241,248,248,237,247,240,248
INMU0020412,2019,248,224,246,241,248,240,248,248,240,247,238,248
INMU0020412,2020,248,232,248,240,248,238,248,248,238,248,239,248
INMU0020412,2021,248,214,247,239,246,240,248,247,240,248,239,248
INMU0020412,2022,248,223,246,240,247,235,246,244,237,241,238,243
INMU0020412,2023,246,220,242,235,244,238,247,248,236,246,238,232
INMU0020412,2024,247,231,246,215,247,239,243,245,236,247,238,242
INMU0020412,2025,247,219,248,240,249,237,242,230,224,247,240,248
INMU0020412,2026,244,205,0,0,0,0,0,0,0,0,0,0
INMU0020414,1944,114,116,120,118,114,116,124,122,118,124,120,118
INMU0020414,1945,114,112,120,120,118,114,112,112,120,122,114,120
INMU0020414,1946,124,100,122,116,124,110,114,122,112,94,74,112
INMU0020414,1947,106,96,116,120,120,110,120,114,114,122,112,118
INMU0020414,1948,120,114,122,120,108,116,122,118,120,112,116,118
INMU0020414,1973,128,123,141,112,118,123,114,105,97,119,130,125
INMU0020414,1974,132,131,152,118,127,120,136,118,131,142,109,111
INMU0020414,1975,138,109,125,117,102,109,116,118,126,132,138,131
INMU0020414,1976,154,111,153,140,136,132,160,148,147,142,139,142
INMU0020414,1977,108,128,166,137,143,119,150,150,138,169,152,151
INMU0020414,1978,167,157,196,191,184,159,156,168,173,155,154,144
INMU0020414,1979,160,119,129,130,127,70,84,115,108,98,96,134
INMU0020414,1980,147,116,186,130,154,60,84,139,138,206,182,193
INMU0020414,1981,174,174,202,170,168,128,121,136,162,132,169,192
INMU0020414,1982,169,146,171,132,188,139,190,147,122,73,117,76
INMU0020414,1983,104,163,186,128,160,145,142,117,147,180,188,208
INMU0020414,1984,177,186,191,182,175,190,142,174,159,158,187,146
INMU0020414,1985,184,132,205,178,154,183,127,185,180,147,154,127
INMU0020414,1986,151,125,152,161,126,151,120,164,150,127,116,154
INMU0020414,1987,89,114,170,113,111,58,132,97,127,157,159,142
INMU0020414,1988,137,91,131,128,162,129,104,80,133,72,160,154
INMU0020414,1989,170,172,160,145,183,108,108,136,170,186,161,171
INMU0020414,1990,150,163,160,163,118,71,164,106,138,172,82,181
INMU0020414,1991,174,98,147,129,192,49,169,119,187,170,135,168
INMU0020414,1992,171,152,137,101,86,109,138,131,133,113,84,113
INMU0020414,1993,86,109,167,157,173,100,91,120,70,111,172,101
INMU0020414,1994,140,114,85,120,107,119,113,194,153,181,179,110
INMU0020414,1995,162,147,161,121,172,179,161,204,140,140,107,151
INMU0020414,1996,205,193,201,192,199,177,97,43,183,205,151,127
INMU0020414,1997,121,109,182,190,185,195,151,193,200,199,196,188
INMU0020414,1998,117,146,161,142,47,99,71,134,171,162,150,90
INMU0020414,1999,66,80,128,66,152,166,125,95,153,159,71,27
INMU0020414,2000,1,4,3,46,77,146,188,160,141,151,164,163
INMU0020414,2001,198,166,216,190,204,188,198,194,195,215,201,212
INMU0020414,2002,217,198,204,216,215,185,220,223,213,227,211,231
INMU0020414,2003,237,209,230,221,226,220,234,221,207,217,224,235
INMU0020414,2004,226,215,240,219,229,212,213,216,222,228,221,230
INMU0020414,2005,229,219,238,235,233,212,216,225,228,232,221,222
INMU0020414,2006,209,179,220,232,225,225,237,237,227,225,231,220
INMU0020414,2007,226,207,229,218,215,217,228,233,227,227,225,235
INMU0020414,2008,231,219,232,225,246,235,236,230,231,243,233,227
INMU0020414,2009,238,220,237,229,230,203,228,235,109,113,118,120
INMU0020414,2010,120,107,120,115,117,118,229,244,234,246,236,244
INMU0020414,2011,246,218,238,233,244,198,241,237,236,243,235,231
INMU0020414,2012,240,222,243,238,231,223,227,233,230,241,236,244
INMU0020414,2013,236,219,246,234,242,238,242,243,235,244,237,246
INMU0020414,2014,247,224,246,239,248,237,240,244,239,247,240,247
INMU0020414,2015,248,224,248,240,247,239,248,248,238,247,239,248
INMU0020414,2016,246,231,246,238,248,239,248,248,240,248,239,248
INMU0020414,2017,248,224,248,240,247,238,247,247,240,248,240,247
INMU0020414,2018,248,224,248,237,248,240,248,247,238,246,239,248
INMU0020414,2019,247,224,246,240,248,240,248,248,239,247,237,247
INMU0020414,2020,248,232,248,240,248,238,248,246,238,248,239,246
INMU0020414,2021,248,213,247,236,247,239,247,247,239,247,239,247
INMU0020414,2022,248,224,246,240,247,237,247,243,237,243,239,246
INMU0020414,2023,247,223,244,236,245,236,246,245,235,247,237,234
INMU0020414,2024,247,231,247,215,246,239,242,245,236,246,237,243
INMU0020414,2025,246,221,248,240,249,237,242,230,225,248,240,247
INMU0020414,2026,244,205,0,0,0,0,0,0,0,0,0,0
INU00020393,1945,0,0,0,0,0,0,0,55,57,61,55,56
INU00020393,1946,61,50,61,58,58,48,36,0,0,0,0,0
INU00020505,1944,58,57,60,57,58,60,61,62,58,60,57,62
INU00020505,1945,62,56,62,60,61,58,58,58,60,60,57,60
INU00020505,1946,62,51,57,60,61,58,55,62,59,48,46,62
INU00020505,1947,61,39,61,56,62,59,59,59,60,61,59,46
INU00020505,1948,62,58,61,59,57,60,62,61,60,60,59,62
INU00020505,1954,62,56,60,59,61,59,61,60,60,62,59,62
INU00020505,1955,61,55,60,60,61,60,60,58,60,62,60,62
INU00020505,1956,60,57,62,60,57,57,61,61,60,61,58,61
INU00020505,1957,54,48,54,54,54,50,42,51,54,44,45,46
INU00020505,1958,57,48,50,49,55,55,51,49,53,56,34,45
INU00020505,1959,49,42,55,57,53,52,56,56,47,44,47,36
INU00020505,1960,42,46,48,49,50,42,22,29,30,26,29,30
INU00020505,1961,30,23,31,24,29,28,30,31,29,30,28,24
INU00020505,1962,39,43,36,47,31,44,47,39,43,45,39,48
INU00020505,1963,61,56,61,58,59,58,58,61,59,60,57,60
INMU0020470,1944,27,29,30,28,28,29,31,37,60,60,59,60
INMU0020470,1945,61,56,61,58,61,58,58,58,60,61,57,58
INMU0020470,1946,62,51,60,51,51,56,38,30,45,40,41,55
INMU0020470,1947,60,55,59,58,59,60,58,62,59,61,58,57
INMU0020470,1948,60,57,56,59,56,59,60,60,59,59,60,61
INMU0020546,1944,116,114,114,118,102,118,122,122,118,122,118,120
INMU0020546,1945,122,110,120,118,114,114,114,116,120,120,112,122
INMU0020546,1946,124,102,122,94,112,102,94,120,102,88,84,120
INMU0020546,1947,102,66,120,118,122,118,118,118,116,124,116,90
INMU0020546,1948,120,114,124,118,120,114,120,124,118,118,108,122
INMU0020546,1973,40,31,34,18,15,21,24,16,18,15,20,20
INMU0020546,1974,19,28,19,21,17,28,18,36,26,22,26,22
INMU0020546,1975,18,26,19,10,11,10,28,26,31,29,44,28
INMU0020546,1976,34,39,60,83,95,90,96,92,97,86,73,88
INMU0020546,1977,104,101,114,101,115,111,139,147,176,149,159,179
INMU0020546,1978,183,188,220,200,188,175,198,184,178,159,161,169
INMU0020546,1979,156,143,179,209,205,191,204,200,191,214,194,187
INMU0020546,1980,207,195,220,201,191,186,209,204,184,196,210,201
INMU0020546,1981,226,197,212,204,211,186,193,204,171,195,197,219
INMU0020546,1982,195,179,210,191,181,176,173,168,187,187,195,201
INMU0020546,1983,205,181,205,186,183,203,197,194,202,217,206,198
INMU0020546,1984,187,182,215,206,206,171,195,200,204,205,182,186
INMU0020546,1985,203,163,183,187,173,160,189,189,172,186,152,190
INMU0020546,1986,182,173,190,188,195,179,196,131,169,151,160,158
INMU0020546,1987,177,186,195,191,169,169,158,187,176,186,157,187
INMU0020546,1988,182,164,164,163,179,168,140,155,134,136,132,162
INMU0020546,1989,137,166,177,170,169,164,177,167,121,170,176,167
INMU0020546,1990,176,162,178,174,112,155,194,184,151,165,38,146
INMU0020546,1991,150,153,164,131,113,119,159,179,155,169,164,189
INMU0020546,1992,177,159,129,186,163,164,182,170,182,188,188,180
INMU0020546,1993,200,178,205,200,193,215,225,219,214,214,205,201
INMU0020546,1994,214,191,236,213,203,189,226,223,216,224,224,229
INMU0020546,1995,239,205,221,218,221,162,222,220,183,189,197,216
INMU0020546,1996,218,213,218,222,229,198,217,210,220,196,212,225
INMU0020546,1997,211,195,205,190,218,194,218,215,206,223,215,212
INMU0020546,1998,193,204,193,214,220,217,217,213,225,215,222,231
INMU0020546,1999,233,210,225,219,230,229,226,223,226,224,213,212
INMU0020546,2000,224,210,238,218,209,226,232,222,221,234,222,238
INMU0020546,2001,238,219,225,236,242,235,241,240,230,243,233,238
INMU0020546,2002,237,218,233,228,235,220,240,242,229,235,242,239
INMU0020546,2003,238,213,242,236,234,222,243,238,214,241,230,236
INMU0020546,2004,240,224,245,235,244,238,238,242,232,246,238,245
INMU0020546,2005,245,221,241,239,248,239,243,245,238,247,222,242
INMU0020546,2006,237,219,245,237,244,239,246,248,236,246,237,245
INMU0020546,2007,246,221,238,237,235,238,243,239,233,237,237,246
INMU0020546,2008,246,231,242,236,247,240,244,244,239,245,235,243
INMU0020546,2009,246,223,244,237,246,222,247,247,237,247,240,248
INMU0020546,2010,246,224,248,237,247,236,237,246,238,245,240,248
INMU0020546,2011,248,223,242,240,248,201,248,245,240,248,240,247
INMU0020546,2012,248,231,248,240,248,238,248,245,239,247,236,247
INMU0020546,2013,248,223,248,237,246,238,252,248,240,248,238,248
INMU0020546,2014,247,224,248,240,248,239,245,248,239,247,240,248
INMU0020546,2015,248,224,247,240,245,239,248,248,239,248,240,248
INMU0020546,2016,248,225,245,239,248,240,248,248,240,248,237,248
INMU0020546,2017,248,224,248,240,248,239,248,246,240,248,240,248
INMU0020546,2018,248,222,248,229,248,240,241,247,238,247,240,247
INMU0020546,2019,248,224,247,239,247,240,248,248,239,247,237,248
INMU0020546,2020,248,232,248,239,239,240,248,248,237,248,240,248
INMU0020546,2021,248,213,248,240,247,237,247,248,240,248,240,248
INMU0020546,2022,248,223,247,240,246,236,245,237,238,236,240,247
INMU0020546,2023,248,222,245,233,240,237,246,243,232,243,238,234
INMU0020546,2024,246,231,245,216,247,233,237,241,226,245,233,241
INMU0020546,2025,243,211,246,238,242,231,241,230,221,242,237,246
INMU0020546,2026,240,206,0,0,0,0,0,0,0,0,0,0
INMU0020467,1944,54,54,58,58,40,58,62,62,56,58,60,62
INMU0020467,1945,62,56,62,56,58,56,58,54,60,62,58,58
INMU0020467,1946,62,52,54,94,88,104,68,46,88,74,80,106
INMU0020467,1947,120,108,116,112,118,116,96,112,114,114,120,120
INMU0020467,1948,122,116,116,110,110,116,120,124,116,116,120,122
INMU0020467,1973,22,20,17,3,8,5,12,7,7,6,5,3
INMU0020467,1974,5,9,13,6,1,0,2,4,0,0,0,0
INMU0020467,1975,0,0,0,0,0,0,0,0,14,11,11,12
INMU0020467,1976,18,21,20,25,18,16,13,10,7,4,2,9
INMU0020467,1977,26,19,34,18,20,28,20,20,21,24,26,37
INMU0020467,1978,28,33,39,22,29,25,34,31,21,1,0,0
INMU0020467,1979,0,1,0,0,0,1,0,0,0,0,0,0
INMU0020467,1983,0,0,0,0,0,0,0,0,4,2,0,0
INMU0020467,1984,2,3,0,1,1,0,3,1,3,1,0,2
INMU0020467,1985,3,0,0,0,0,0,0,0,0,4,4,2
INMU0020467,1986,1,3,2,2,1,2,0,0,0,0,0,0
INMU0020467,2002,0,0,0,0,0,0,0,0,0,0,0,1
INMU0020467,2003,0,0,0,0,0,0,0,0,0,0,0,1
INMU0020467,2009,0,1,0,0,0,0,0,0,0,0,0,0
INMU0020467,2015,0,0,0,0,0,0,0,0,0,16,39,82
INMU0020467,2016,92,81,87,90,89,87,88,85,90,90,85,91
INMU0020467,2017,90,83,89,89,93,87,93,92,90,93,89,93
INMU0020467,2018,92,84,91,85,92,90,90,93,85,88,90,93
INMU0020467,2019,92,84,92,90,92,89,92,92,90,92,94,93
INMU0020467,2020,93,87,91,89,100,90,92,93,89,87,80,82
INMU0020467,2021,79,75,88,90,89,87,91,85,87,93,89,93
INMU0020467,2022,93,84,94,88,91,90,86,92,90,93,90,91
INMU0020467,2023,91,82,79,86,93,79,88,86,84,87,85,82
INMU0020467,2024,85,82,85,76,101,89,89,90,88,92,89,92
INMU0020467,2025,143,134,182,179,184,176,177,172,162,184,178,183
INMU0020467,2026,179,151,0,0,0,0,0,0,0,0,0,0
INMU0020408,1944,112,116,118,118,114,120,124,118,116,120,116,124
INMU0020408,1945,122,112,124,116,122,106,114,116,120,124,114,118
INMU0020408,1946,118,98,120,114,110,102,100,110,112,96,88,122
INMU0020408,1947,118,110,110,118,120,116,112,118,98,114,112,118
INMU0020408,1948,114,112,120,116,106,118,120,120,118,116,118,116
INMU0020408,1954,62,56,61,60,61,57,60,57,59,61,59,61
INMU0020408,1955,62,53,61,58,62,59,56,57,60,59,60,62
INMU0020408,1956,60,57,62,58,55,60,61,61,59,62,60,60
INMU0020408,1957,89,79,81,83,78,68,143,144,145,153,145,145
INMU0020408,1958,157,136,153,147,151,144,147,148,149,148,138,141
INMU0020408,1959,76,72,81,86,62,70,62,60,63,53,54,69
INMU0020408,1960,60,71,83,71,63,52,58,64,53,61,55,65
INMU0020408,1961,97,91,155,133,135,137,141,136,138,154,138,142
INMU0020408,1962,147,136,145,141,144,147,148,152,140,142,140,151
INMU0020408,1963,55,54,58,59,56,56,59,54,60,59,56,58
INMU0020408,1973,173,158,182,170,169,166,167,170,140,153,135,137
INMU0020408,1974,164,134,147,147,86,56,62,58,63,68,77,75
INMU0020408,1975,74,87,95,75,82,83,81,115,116,130,142,104
INMU0020408,1976,110,104,137,135,150,125,104,173,138,156,131,163
INMU0020408,1977,158,147,175,158,182,151,123,119,122,110,129,114
INMU0020408,1978,152,177,207,183,155,165,148,144,159,159,156,157
INMU0020408,1979,145,142,163,195,217,165,192,194,180,190,161,177
INMU0020408,1980,182,168,172,132,139,164,162,149,127,111,145,156
INMU0020408,1981,163,136,148,161,161,146,109,156,121,116,150,162
INMU0020408,1982,146,128,157,147,122,88,136,135,114,148,143,139
INMU0020408,1983,42,117,146,135,115,77,111,89,128,124,145,159
INMU0020408,1984,117,116,135,108,79,65,101,103,111,101,52,116
INMU0020408,1985,93,78,128,78,63,69,57,42,64,124,130,95
INMU0020408,1986,84,78,103,109,99,58,89,75,99,68,76,82
INMU0020408,1987,70,93,121,102,100,77,83,80,98,94,84,58
INMU0020408,1988,48,16,31,56,55,55,18,14,23,20,52,40
INMU0020408,1989,14,10,22,10,1,13,13,9,13,19,43,39
INMU0020408,1990,54,29,34,2,9,6,4,20,38,44,12,26
INMU0020408,1991,50,39,45,134,160,61,133,172,158,157,164,160
INMU0020408,1992,150,148,161,173,145,154,187,192,184,197,180,162
INMU0020408,1993,202,145,124,152,124,143,129,130,168,159,165,169
INMU0020408,1994,165,93,99,108,147,197,185,172,152,182,109,149
INMU0020408,1995,158,174,207,190,219,207,185,194,165,215,179,205
INMU0020408,1996,205,183,191,165,179,160,181,186,179,212,183,162
INMU0020408,1997,201,194,186,185,184,164,205,177,184,224,195,198
INMU0020408,1998,181,140,167,175,173,182,152,168,161,194,167,154
INMU0020408,1999,128,113,141,153,148,122,169,154,158,186,82,105
INMU0020408,2000,100,128,180,140,194,159,139,170,204,211,152,191
INMU0020408,2001,172,139,192,151,173,178,202,144,167,198,153,122
INMU0020408,2002,171,180,166,164,163,132,164,126,144,201,208,162
INMU0020408,2003,173,174,119,108,101,115,126,123,118,156,117,164
INMU0020408,2004,191,166,136,173,184,185,170,176,171,214,191,182
INMU0020408,2005,170,173,196,202,211,217,203,208,174,218,169,201
INMU0020408,2006,198,185,194,207,214,201,203,208,205,226,204,196
INMU0020408,2007,199,192,206,195,200,188,208,208,196,214,193,201
INMU0020408,2008,217,211,234,226,241,233,237,245,234,243,235,239
INMU0020408,2009,238,220,233,232,245,214,243,229,220,246,236,245
INMU0020408,2010,241,223,246,232,243,237,235,243,238,246,238,247
INMU0020408,2011,244,221,245,239,246,201,247,246,237,251,239,245
INMU0020408,2012,244,231,246,237,240,233,247,246,240,243,236,245
INMU0020408,2013,243,220,245,240,241,235,248,244,236,245,232,247
INMU0020408,2014,245,222,246,232,248,236,242,246,239,247,236,244
INMU0020408,2015,245,222,247,236,247,234,243,241,236,247,239,245
INMU0020408,2016,247,225,245,238,250,241,307,430,330,546,320,244
INMU0020408,2017,180,110,123,121,245,239,245,238,238,244,235,245
INMU0020408,2018,243,224,248,239,245,237,242,243,238,327,656,462
INMU0020408,2019,328,425,680,473,786,740,736,731,639,864,308,246
INMU0020408,2020,239,231,247,239,252,251,581,729,755,668,268,247
INMU0020408,2021,248,387,422,329,253,239,247,239,239,223,240,247
INMU0020408,2022,248,222,247,237,239,246,244,247,246,276,280,273
INMU0020408,2023,278,229,255,248,296,284,263,288,280,288,249,314
INMU0020408,2024,683,684,606,281,304,346,274,295,261,267,271,264
INMU0020408,2025,254,221,248,240,247,235,247,231,217,245,243,245
INMU0020408,2026,243,207,0,0,0,0,0,0,0,0,0,0
INU00042492,1954,61,56,58,60,61,58,60,58,59,61,58,60
INU00042492,1955,61,54,61,60,60,55,54,57,55,61,60,61
INU00042492,1956,61,56,62,56,59,57,62,58,59,61,57,60
INU00042492,1957,47,50,51,43,49,38,46,48,43,46,48,48
INU00042492,1958,46,43,52,43,44,38,41,49,50,46,44,48
INU00042492,1959,47,47,51,44,45,40,40,42,31,36,43,48
INU00042492,1960,49,47,46,44,38,31,25,27,27,31,30,31
INU00042492,1961,80,71,115,88,104,94,109,104,111,102,112,109
INU00042492,1962,119,115,121,125,119,112,124,129,121,121,134,125
INU00042492,1963,60,53,58,55,52,55,53,56,55,59,56,59
INMU0020512,1944,58,58,60,59,58,59,61,62,60,62,60,61
INMU0020512,1945,62,56,62,59,62,56,58,56,59,62,58,58
INMU0020512,1946,61,51,61,58,61,58,58,61,59,48,46,59
INMU0020512,1947,58,44,61,57,61,50,58,61,59,62,58,60
INMU0020512,1948,62,58,61,60,59,56,60,61,60,57,59,62
INU00042667,1954,62,56,62,59,61,58,60,58,57,62,58,60
INU00042667,1955,61,55,61,59,60,58,59,57,59,61,60,62
INU00042667,1956,62,58,59,58,60,60,60,59,60,60,59,60
INU00042667,1957,83,72,81,66,71,57,145,142,144,152,148,144
INU00042667,1958,144,134,152,145,153,150,151,150,147,148,137,134
INU00042667,1959,65,70,77,79,67,66,70,70,65,60,61,67
INU00042667,1960,60,65,79,74,71,66,64,70,62,64,61,62
INU00042667,1961,96,94,132,131,137,125,125,136,128,142,136,135
INU00042667,1962,147,136,140,140,144,138,141,147,140,136,147,148
INU00042667,1963,62,55,62,58,60,57,61,61,58,60,60,59
INMU0020468,1944,56,56,58,58,52,60,62,62,58,60,60,60
INMU0020468,1945,60,56,62,60,58,56,58,56,56,62,58,60
INMU0020468,1946,62,52,58,94,106,110,82,58,70,58,72,78
INMU0020468,1947,104,110,122,116,118,112,110,118,118,120,118,114
INMU0020468,1948,122,116,118,118,120,116,118,120,120,120,116,124
INMU0020468,1954,62,54,62,60,61,57,61,60,60,58,58,61
INMU0020468,1955,61,54,60,59,56,54,59,58,55,61,60,61
INMU0020468,1956,54,55,59,57,57,54,61,58,60,59,54,53
INMU0020468,1957,56,43,48,50,48,41,45,46,54,53,44,43
INMU0020468,1958,49,44,52,53,53,45,45,49,44,49,36,36
INMU0020468,1959,45,43,56,44,43,44,54,47,52,38,43,40
INMU0020468,1960,44,36,46,39,42,31,24,25,27,29,29,30
INMU0020468,1961,30,24,30,24,26,26,29,30,29,25,28,22
INMU0020468,1962,35,44,42,38,47,40,28,38,40,39,42,38
INMU0020468,1963,59,54,58,59,58,57,57,54,54,55,56,59
INMU0020468,1973,32,29,26,31,23,14,26,28,29,25,34,24
INMU0020468,1974,30,31,38,23,22,25,20,21,25,20,14,27
INMU0020468,1975,28,24,21,18,15,25,26,14,19,19,14,25
INMU0020468,1976,21,24,21,17,20,11,11,20,7,8,4,18
INMU0020468,1977,20,25,23,23,24,27,32,33,32,29,22,40
INMU0020468,1978,28,37,39,36,37,29,35,34,27,1,0,1
INMU0020468,1979,0,0,0,0,1,0,0,0,0,0,0,0
INMU0020468,1983,0,0,0,0,0,0,0,0,0,10,11,12
INMU0020468,1984,11,12,13,7,11,6,18,17,15,12,11,4
INMU0020468,1985,15,17,12,6,9,6,6,12,7,12,8,10
INMU0020468,1986,14,13,10,6,10,0,4,1,1,2,1,4
INMU0020468,1987,5,4,4,3,3,2,0,1,6,1,7,8
INMU0020468,1988,6,2,0,0,0,0,1,3,0,1,2,1
INMU0020468,1989,0,2,0,1,1,0,3,4,1,3,2,1
INMU0020468,1990,0,0,1,0,0,0,0,0,0,0,0,0
INMU0020468,1992,0,0,0,0,0,0,0,0,0,0,2,2
INMU0020468,1993,0,0,4,0,0,1,1,5,3,9,6,5
INMU0020468,1994,9,5,5,6,5,2,1,2,2,4,1,3
INMU0020468,1995,2,1,10,17,17,12,16,20,14,3,2,1
INMU0020468,1996,0,4,6,4,2,2,0,1,7,9,19,18
INMU0020468,1997,19,12,13,4,1,1,0,4,0,0,0,0
INMU0020468,1998,0,0,4,8,1,0,1,0,0,0,0,0
INMU0020468,1999,0,0,0,0,0,0,0,0,0,0,1,0
INMU0020468,2003,0,0,1,0,0,0,0,0,0,0,0,0
INMU0020468,2007,0,0,0,0,1,0,0,0,0,0,0,0
INMU0020468,2009,0,1,0,0,0,0,0,0,0,0,0,0
INMU0020468,2012,0,0,0,0,1,0,0,0,0,0,0,0
INMU0020468,2015,0,0,0,0,0,0,0,0,0,0,0,145
INMU0020468,2016,183,168,182,179,186,175,185,185,178,182,178,184
INMU0020468,2017,183,165,184,179,185,174,183,185,179,185,176,185
INMU0020468,2018,186,167,185,172,184,179,180,184,172,184,179,186
INMU0020468,2019,186,168,181,180,186,180,185,185,178,186,181,186
INMU0020468,2020,185,174,182,178,188,178,185,185,176,168,162,141
INMU0020468,2021,126,147,182,174,178,157,181,169,173,182,170,182
INMU0020468,2022,183,165,181,171,177,168,172,178,172,177,175,176
INMU0020468,2023,181,161,172,173,165,168,177,144,142,149,144,132
INMU0020468,2024,145,136,144,134,223,239,242,242,235,247,235,245
INMU0020468,2025,248,215,247,239,246,237,239,230,220,247,240,246
INMU0020468,2026,247,206,0,0,0,0,0,0,0,0,0,0
INU00020388,1944,56,53,59,57,58,59,58,61,60,53,50,60
INU00020388,1945,59,54,62,56,61,55,57,57,60,60,58,61
INU00020388,1946,61,49,60,60,62,46,45,41,50,44,41,55
INU00020388,1947,57,50,59,51,56,51,47,32,33,49,41,51
INU00020388,1948,52,51,61,60,56,59,59,59,59,56,58,59
INMU0020536,1944,114,116,118,120,110,120,122,122,118,124,116,120
INMU0020536,1945,124,108,124,118,116,106,114,116,120,124,114,118
INMU0020536,1946,122,100,120,120,122,120,108,122,116,96,92,120
INMU0020536,1947,124,112,122,120,124,120,120,122,120,124,120,124
INMU0020536,1948,120,116,124,118,120,112,124,124,118,118,102,122
INMU0020536,1954,62,54,62,58,62,60,61,60,60,62,59,60
INMU0020536,1955,62,54,61,60,62,60,59,58,60,62,60,62
INMU0020536,1956,62,58,62,59,60,59,58,60,60,61,59,59
INMU0020536,1957,84,75,83,74,74,70,92,93,90,93,89,92
INMU0020536,1958,93,82,93,88,93,90,89,91,89,93,88,93
INMU0020536,1959,67,65,79,74,64,60,66,66,63,64,65,63
INMU0020536,1960,69,64,77,73,61,51,33,28,30,31,29,30
INMU0020536,1961,102,83,138,123,132,122,137,130,132,140,135,140
INMU0020536,1962,145,138,147,141,151,145,145,151,138,141,140,150
INMU0020536,1963,62,56,58,57,60,58,60,58,59,58,58,60
INMU0020536,1973,132,118,138,97,94,130,146,123,119,108,117,123
INMU0020536,1974,121,131,129,132,135,125,118,128,129,112,91,111
INMU0020536,1975,111,111,112,90,122,118,146,139,133,138,146,129
INMU0020536,1976,132,118,154,138,126,138,142,150,128,149,121,124
INMU0020536,1977,144,145,165,165,161,140,159,171,175,150,161,169
INMU0020536,1978,183,190,216,208,211,183,200,194,180,190,189,185
INMU0020536,1979,185,174,189,196,199,201,201,195,196,193,188,203
INMU0020536,1980,187,181,204,186,195,185,193,213,206,200,211,214
INMU0020536,1981,211,170,211,190,199,210,232,224,201,206,218,235
INMU0020536,1982,208,198,200,198,185,189,201,195,195,198,207,229
INMU0020536,1983,223,197,221,195,205,214,222,221,219,222,216,205
INMU0020536,1984,214,201,233,221,234,206,210,232,220,225,210,222
INMU0020536,1985,237,211,218,223,210,209,229,237,223,232,198,222
INMU0020536,1986,216,197,224,226,235,214,213,180,194,196,201,206
INMU0020536,1987,206,201,218,216,212,197,201,209,206,216,201,223
INMU0020536,1988,221,214,229,219,221,204,194,215,188,153,160,202
INMU0020536,1989,156,180,209,201,224,210,215,210,160,215,221,219
INMU0020536,1990,226,194,221,203,177,212,227,235,205,227,202,213
INMU0020536,1991,219,206,211,214,202,201,217,218,214,209,216,215
INMU0020536,1992,210,212,172,209,191,188,192,204,204,209,217,189
INMU0020536,1993,213,196,220,213,194,197,203,191,206,210,209,205
INMU0020536,1994,193,194,226,210,188,182,209,209,202,208,212,231
INMU0020536,1995,220,191,212,219,221,174,200,208,195,220,206,193
INMU0020536,1996,188,196,207,204,208,177,208,194,193,194,179,178
INMU0020536,1997,184,169,190,191,200,194,189,215,204,209,208,218
INMU0020536,1998,204,201,202,214,213,208,217,218,220,233,215,228
INMU0020536,1999,216,212,228,219,216,194,187,219,222,212,211,193
INMU0020536,2000,221,214,237,216,225,224,229,220,214,228,226,233
INMU0020536,2001,238,213,243,230,238,223,235,237,234,238,226,232
INMU0020536,2002,236,212,230,229,229,223,240,249,228,239,240,239
INMU0020536,2003,239,220,241,241,236,225,244,238,222,238,234,239
INMU0020536,2004,235,228,245,240,243,239,242,243,228,246,238,239
INMU0020536,2005,246,222,241,240,245,236,239,244,237,246,225,239
INMU0020536,2006,241,220,245,236,247,237,247,245,234,247,239,243
INMU0020536,2007,245,221,237,237,238,236,246,239,235,236,236,246
INMU0020536,2008,247,231,244,237,245,240,244,244,238,246,236,244
INMU0020536,2009,247,224,245,238,246,224,247,246,237,247,240,247
INMU0020536,2010,245,224,247,239,248,235,237,247,237,245,240,245
INMU0020536,2011,248,223,243,239,246,201,247,244,240,248,240,239
INMU0020536,2012,248,231,248,240,248,238,248,246,240,247,234,247
INMU0020536,2013,248,223,248,233,246,238,253,247,240,248,238,248
INMU0020536,2014,247,224,248,240,248,239,246,248,238,247,240,248
INMU0020536,2015,248,224,247,240,246,239,248,248,240,248,240,243
INMU0020536,2016,248,223,246,238,248,240,248,248,240,248,235,248
INMU0020536,2017,248,223,248,239,248,239,248,246,240,247,239,248
INMU0020536,2018,247,222,248,228,248,240,242,247,237,245,237,246
INMU0020536,2019,247,223,247,239,247,236,246,248,240,246,237,246
INMU0020536,2020,248,231,247,240,236,239,248,248,238,247,239,248
INMU0020536,2021,248,213,248,240,248,236,246,248,240,247,240,248
INMU0020536,2022,247,222,248,239,244,237,244,241,236,239,239,247
INMU0020536,2023,247,222,244,221,239,237,247,243,233,242,234,232
INMU0020536,2024,246,230,241,212,240,232,239,239,220,243,229,244
INMU0020536,2025,241,211,239,239,243,231,239,229,218,238,232,244
INMU0020536,2026,238,202,0,0,0,0,0,0,0,0,0,0
INMU0020429,1944,110,112,116,116,112,112,118,112,116,120,116,118
INMU0020429,1945,116,106,106,118,108,102,114,112,120,124,112,114
INMU0020429,1946,122,102,118,120,124,104,108,120,118,96,92,118
INMU0020429,1947,116,108,122,116,120,118,120,116,120,124,116,122
INMU0020429,1948,124,116,122,118,120,110,120,124,120,120,116,124
INMU0020429,1954,62,56,62,60,62,59,62,60,60,62,60,62
INMU0020429,1955,61,55,61,59,61,60,60,58,60,62,60,61
INMU0020429,1956,62,58,62,60,59,57,62,61,60,62,58,60
INMU0020429,1957,79,76,74,69,71,72,140,147,147,140,146,139
INMU0020429,1958,143,133,149,137,148,143,148,146,144,145,130,136
INMU0020429,1959,60,65,80,79,64,62,69,69,64,57,58,70
INMU0020429,1960,59,69,66,71,72,37,26,30,30,30,29,30
INMU0020429,1961,95,77,129,118,125,125,131,132,134,139,138,130
INMU0020429,1962,138,136,146,136,140,139,133,146,141,144,147,142
INMU0020429,1963,62,56,59,60,60,57,58,57,58,61,59,57
INMU0020429,1973,125,103,141,125,101,118,115,103,102,106,100,92
INMU0020429,1974,118,104,156,153,144,150,94,69,154,154,133,112
INMU0020429,1975,126,125,135,115,56,50,62,90,140,137,167,139
INMU0020429,1976,146,134,137,100,78,107,161,158,118,152,134,142
INMU0020429,1977,163,144,178,127,154,21,108,156,166,175,174,153
INMU0020429,1978,194,178,168,171,52,165,148,191,187,159,178,191
INMU0020429,1979,203,165,198,209,217,172,96,161,184,208,191,197
INMU0020429,1980,204,190,131,67,73,178,188,192,205,207,196,207
INMU0020429,1981,213,183,200,122,212,189,203,167,181,201,213,210
INMU0020429,1982,190,153,201,180,198,174,179,176,172,131,193,204
INMU0020429,1983,188,180,215,202,198,184,117,104,124,145,96,20
INMU0020429,1984,48,131,221,193,201,203,188,219,221,216,109,50
INMU0020429,1985,68,20,33,118,156,138,126,186,180,177,120,114
INMU0020429,1986,184,162,155,167,182,176,118,177,133,152,149,157
INMU0020429,1987,106,96,121,165,205,182,45,96,98,191,179,187
INMU0020429,1988,173,155,180,119,191,170,156,167,162,154,184,177
INMU0020429,1989,183,187,42,19,13,11,176,206,201,201,200,218
INMU0020429,1990,207,197,128,211,200,188,193,174,114,168,202,152
INMU0020429,1991,193,184,203,206,147,192,215,197,205,194,187,203
INMU0020429,1992,166,179,196,164,164,129,2,122,84,2,3,38
INMU0020429,1993,130,38,1,1,0,64,204,218,158,157,134,149
INMU0020429,1994,90,96,182,174,153,125,154,187,172,181,174,178
INMU0020429,1995,134,151,39,1,0,0,133,185,157,170,136,131
INMU0020429,1996,120,119,154,146,165,168,176,177,177,189,171,158
INMU0020429,1997,175,168,183,153,164,114,166,118,176,180,169,177
INMU0020429,1998,121,164,189,170,172,179,176,197,188,200,204,181
INMU0020429,1999,178,159,194,185,185,183,215,204,205,190,163,0
INMU0020429,2000,155,189,180,186,201,193,207,188,167,187,194,210
INMU0020429,2001,213,197,201,202,236,196,221,217,214,207,190,184
INMU0020429,2002,205,167,190,200,194,157,150,201,180,201,188,218
INMU0020429,2003,231,200,227,234,240,206,220,216,213,215,172,134
INMU0020429,2004,135,134,200,198,228,220,224,223,206,219,206,222
INMU0020429,2005,214,207,224,231,236,208,208,220,216,228,218,199
INMU0020429,2006,214,180,219,218,231,209,222,229,219,224,225,220
INMU0020429,2007,218,188,226,215,208,214,229,226,230,233,225,228
INMU0020429,2008,232,217,239,225,242,238,230,240,229,245,231,234
INMU0020429,2009,241,223,243,238,240,213,245,236,231,237,223,242
INMU0020429,2010,232,219,245,237,244,233,233,245,237,245,239,241
INMU0020429,2011,242,224,245,236,243,198,247,243,235,237,228,238
INMU0020429,2012,236,219,238,233,233,230,240,238,235,243,240,245
INMU0020429,2013,247,218,246,237,242,237,249,247,239,248,236,246
INMU0020429,2014,248,223,248,238,248,239,244,248,239,248,240,248
INMU0020429,2015,248,224,247,240,247,238,248,247,237,247,240,246
INMU0020429,2016,249,231,246,239,248,240,248,248,240,248,239,248
INMU0020429,2017,248,223,248,240,248,238,248,246,237,247,240,246
INMU0020429,2018,246,223,246,238,248,240,248,248,236,241,240,248
INMU0020429,2019,249,224,244,240,246,240,248,248,239,247,238,247
INMU0020429,2020,248,232,246,239,247,236,246,245,238,246,239,247
INMU0020429,2021,247,214,244,240,248,240,248,245,239,247,240,248
INMU0020429,2022,248,221,247,240,243,237,246,240,239,236,236,240
INMU0020429,2023,242,216,232,232,237,230,241,240,232,245,238,236
INMU0020429,2024,248,228,245,213,244,237,238,244,233,246,237,244
INMU0020429,2025,245,220,248,239,249,237,244,230,225,246,239,247
INMU0020429,2026,244,206,0,0,0,0,0,0,0,0,0,0
INU00042451,1954,62,54,62,59,62,60,61,58,60,62,59,48
INU00042451,1955,60,53,59,60,61,60,59,58,57,61,60,62
INU00042451,1956,60,57,62,60,59,60,62,59,59,62,59,61
INU00042451,1957,83,70,81,77,83,71,142,145,148,150,146,143
INU00042451,1958,148,134,150,148,148,145,146,146,140,146,129,132
INU00042451,1959,70,64,77,78,62,67,69,63,67,54,53,67
INU00042451,1960,60,66,72,73,74,53,28,29,30,27,27,30
INU00042451,1961,95,86,136,134,129,123,139,133,126,143,128,132
INU00042451,1962,145,137,142,127,142,134,135,141,137,142,140,142
INU00042451,1963,60,56,58,56,55,56,55,58,55,57,54,59
INMU0020517,1944,116,112,116,114,114,120,118,122,110,122,118,116
INMU0020517,1945,122,108,118,116,120,112,116,110,120,124,116,110
INMU0020517,1946,120,100,118,120,120,110,110,118,118,96,92,122
INMU0020517,1947,116,96,122,116,124,118,118,118,116,124,120,122
INMU0020517,1948,118,110,120,118,122,114,122,124,120,118,116,116
INMU0020517,1983,0,0,0,0,0,0,0,1,0,0,1,0
INMU0020517,1984,1,0,3,1,1,0,1,1,4,2,3,4
INMU0020517,1985,0,2,2,2,3,0,2,1,2,3,0,2
INMU0020517,1986,1,3,5,1,1,0,3,0,2,2,0,2
INMU0020517,1987,0,1,0,2,3,1,1,2,0,1,0,1
INMU0020517,1988,1,2,3,3,0,1,2,5,0,0,1,0
INMU0020517,1989,0,0,1,0,5,1,1,1,1,0,1,1
INMU0020517,1990,4,1,3,1,3,1,2,2,0,0,0,0
INMU0020517,2001,0,0,0,0,0,0,0,0,1,0,0,0
INMU0020517,2002,0,0,0,0,1,1,0,0,1,0,0,0
INMU0020517,2015,0,0,0,0,0,0,0,0,0,0,0,44
INMU0020517,2016,55,40,45,50,57,50,51,55,49,50,46,46
INMU0020517,2017,54,49,55,37,46,35,0,0,0,0,0,0
INMU0020517,2018,0,0,1,0,0,0,0,0,0,0,0,32
INMU0020517,2019,59,57,58,53,58,51,59,60,59,62,59,46
INMU0020517,2020,61,50,39,51,56,58,61,62,57,61,56,64
INMU0020517,2021,60,52,59,53,59,56,60,45,46,51,30,26
INMU0020517,2022,38,35,27,22,25,34,40,38,42,42,33,28
INMU0020517,2023,30,29,30,20,25,37,38,30,26,35,44,30
INMU0020517,2024,23,30,33,29,27,18,29,20,8,20,17,18
INMU0020517,2025,21,46,54,56,48,33,0,0,0,0,0,0
INU00042498,1957,24,22,24,22,19,15,16,16,22,22,17,20
INU00042498,1958,21,19,23,26,16,14,16,21,20,20,14,14
INU00042498,1959,21,21,23,18,8,7,7,5,4,7,13,18
INU00042498,1960,16,12,16,18,6,8,5,5,5,8,10,10
INU00042498,1961,41,33,68,58,52,46,54,49,58,59,64,68
INU00042498,1962,71,69,76,68,75,64,74,76,64,62,74,70
INMU0020515,1944,58,58,59,58,56,59,62,62,59,62,59,60
INMU0020515,1945,61,55,61,60,62,57,57,58,60,62,56,59
INMU0020515,1946,61,51,59,60,60,57,54,60,59,48,45,62
INMU0020515,1947,51,37,62,60,61,60,50,60,59,60,60,59
INMU0020515,1948,62,54,62,58,62,58,61,61,58,60,56,60
INMU0020515,1975,0,0,0,0,0,0,0,0,19,11,25,17
INMU0020515,1976,27,18,32,31,39,32,32,15,14,6,9,17
INMU0020515,1977,21,28,36,33,26,26,33,30,39,32,36,48
INMU0020515,1978,40,41,37,42,43,36,42,34,38,2,2,1
INMU0020515,1979,0,1,1,1,2,1,1,1,0,0,1,0
INMU0020515,1980,2,1,1,0,2,0,0,0,0,0,0,0
INMU0020515,1983,0,0,0,0,0,0,0,0,15,19,29,24
INMU0020515,1984,24,24,23,28,20,27,5,27,23,36,36,4
INMU0020515,1985,2,2,2,11,6,9,17,24,26,26,16,22
INMU0020515,1986,26,27,22,32,20,20,18,17,18,23,18,30
INMU0020515,1987,40,25,37,16,18,11,14,10,15,4,7,9
INMU0020515,1988,23,21,11,4,5,7,15,12,8,7,4,13
INMU0020515,1989,7,14,8,11,4,1,9,4,8,8,20,16
INMU0020515,1990,14,8,9,6,3,5,8,6,3,6,1,3
INMU0020515,1991,6,6,3,3,4,0,4,5,2,4,0,3
INMU0020515,1992,1,1,4,6,9,2,2,1,1,5,5,5
INMU0020515,1993,1,1,4,4,8,1,4,1,4,6,2,7
INMU0020515,1994,5,2,7,5,1,5,2,2,4,1,3,2
INMU0020515,1995,2,0,5,0,1,1,3,2,0,2,1,2
INMU0020515,1996,2,2,1,3,3,1,3,2,0,2,3,2
INMU0020515,1997,1,3,1,2,0,1,1,0,0,1,0,0
INMU0020515,1998,2,1,2,0,0,1,2,0,0,1,0,2
INMU0020515,1999,0,1,1,1,1,0,0,0,0,0,1,1
INMU0020515,2000,0,0,1,0,0,0,0,0,0,0,0,0
INMU0020515,2001,0,0,0,1,1,0,0,1,0,0,1,1
INMU0020515,2002,0,0,1,0,5,1,1,1,0,0,1,1
INMU0020515,2003,0,0,1,1,3,0,1,0,0,0,0,0
INMU0020515,2009,0,1,0,0,0,0,0,0,0,0,0,0
INMU0020515,2015,0,0,0,0,0,0,0,0,0,0,0,42
INMU0020515,2016,59,50,60,59,62,59,61,60,57,60,58,61
INMU0020515,2017,60,56,62,60,61,59,62,61,60,57,57,61
INMU0020515,2018,62,56,59,57,62,57,57,62,56,59,58,59
INMU0020515,2019,60,55,58,59,61,60,60,46,39,31,27,24
INMU0020515,2020,26,17,32,34,27,23,29,26,28,34,31,26
INMU0020515,2021,27,24,30,39,28,32,18,15,18,24,25,84
INMU0020515,2022,121,110,120,114,120,118,119,120,116,118,120,118
INMU0020515,2023,123,106,115,115,116,114,115,117,80,62,60,57
INMU0020515,2024,61,58,61,53,62,60,59,61,58,61,59,60
INMU0020515,2025,62,56,60,59,112,113,116,110,110,122,115,121
INMU0020515,2026,74,50,0,0,0,0,0,0,0,0,0,0
INU00042475,1954,62,56,61,60,62,60,62,60,59,62,59,61
INU00042475,1955,62,55,61,59,62,59,60,58,60,61,60,61
INU00042475,1956,61,57,60,59,56,59,61,61,59,62,59,57
INU00042475,1957,93,82,84,87,80,69,147,153,151,161,154,148
INU00042475,1958,161,143,162,152,159,149,152,149,150,162,141,143
INU00042475,1959,82,89,98,93,72,70,70,61,72,65,73,71
INU00042475,1960,72,76,84,78,72,59,68,64,77,71,59,57
INU00042475,1961,97,95,144,134,140,134,135,143,134,144,138,143
INU00042475,1962,150,137,145,141,149,139,147,151,143,152,142,151
INU00042475,1963,59,54,58,58,61,54,57,56,57,57,57,61
INMU0020521,1944,57,57,58,60,56,60,58,61,59,59,60,60
INMU0020521,1945,61,55,60,58,61,58,57,58,60,61,57,57
INMU0020521,1946,61,51,46,51,52,58,38,0,0,0,0,0
INMU0020521,2004,0,0,0,0,0,0,0,0,0,0,1,0
INMU0020550,1944,116,116,120,118,116,120,124,124,120,120,118,120
INMU0020550,1945,124,110,120,118,120,114,114,114,120,120,114,122
INMU0020550,1946,124,102,122,118,124,118,120,120,120,94,92,124
INMU0020550,1947,122,110,124,118,124,120,120,122,120,120,120,124
INMU0020550,1948,120,112,124,120,124,114,120,122,116,120,110,120
INMU0020550,1973,3,3,8,17,9,21,30,41,43,47,60,63
INMU0020550,1974,72,72,95,89,88,87,91,114,110,82,84,93
INMU0020550,1975,98,89,85,74,94,78,126,128,128,124,137,131
INMU0020550,1976,138,114,152,138,140,116,137,150,133,145,133,129
INMU0020550,1977,151,148,170,162,168,157,184,169,182,139,161,190
INMU0020550,1978,190,201,228,217,213,201,212,208,205,195,201,200
INMU0020550,1979,185,182,200,220,225,205,216,211,205,211,210,198
INMU0020550,1980,220,206,224,196,212,213,214,233,210,217,211,214
INMU0020550,1981,230,206,229,199,223,213,229,217,181,209,212,228
INMU0020550,1982,209,183,211,202,183,190,184,197,201,211,206,223
INMU0020550,1983,226,190,222,201,189,210,224,226,209,230,221,201
INMU0020550,1984,209,200,238,226,240,203,204,199,214,223,211,220
INMU0020550,1985,226,200,211,199,194,187,202,212,199,211,186,212
INMU0020550,1986,211,196,217,209,204,194,195,172,188,173,199,205
INMU0020550,1987,198,200,219,214,214,206,200,206,204,210,194,220
INMU0020550,1988,219,207,220,211,193,194,173,201,165,145,160,205
INMU0020550,1989,160,184,219,206,224,211,213,208,171,224,211,221
INMU0020550,1990,224,188,213,200,171,220,227,232,203,234,211,220
INMU0020550,1991,227,206,206,198,197,184,208,206,207,209,208,220
INMU0020550,1992,216,204,176,205,208,198,208,203,207,220,222,207
INMU0020550,1993,228,200,229,220,213,219,230,226,217,213,217,210
INMU0020550,1994,209,194,228,209,191,185,198,151,172,224,214,219
INMU0020550,1995,210,176,207,207,208,181,195,191,178,205,181,184
INMU0020550,1996,175,178,201,190,205,186,192,198,181,124,147,171
INMU0020550,1997,171,152,169,179,135,143,182,197,184,200,196,204
INMU0020550,1998,199,202,220,216,211,205,207,201,215,219,206,214
INMU0020550,1999,203,203,220,209,207,203,217,207,207,206,206,182
INMU0020550,2000,210,213,225,203,221,217,227,182,172,221,222,228
INMU0020550,2001,230,212,242,225,234,218,223,231,138,118,124,134
INMU0020550,2002,179,185,216,209,223,221,240,231,230,234,238,239
INMU0020550,2003,243,218,245,237,237,222,243,240,222,235,234,234
INMU0020550,2004,233,227,244,236,244,231,244,242,234,244,236,239
INMU0020550,2005,244,222,238,240,245,235,242,242,240,245,221,240
INMU0020550,2006,236,218,241,233,241,235,242,246,230,247,235,239
INMU0020550,2007,241,220,240,237,238,235,246,239,235,237,232,246
INMU0020550,2008,247,232,243,235,246,240,242,243,238,245,236,242
INMU0020550,2009,246,224,246,238,246,222,247,247,235,248,238,248
INMU0020550,2010,246,224,248,240,248,236,235,247,238,245,239,248
INMU0020550,2011,247,223,242,239,248,201,248,246,240,248,240,247
INMU0020550,2012,248,231,248,240,248,237,248,244,240,247,234,247
INMU0020550,2013,248,222,248,238,246,238,250,248,239,248,238,248
INMU0020550,2014,248,224,248,240,248,237,246,248,239,248,240,248
INMU0020550,2015,248,224,246,240,246,237,246,248,239,248,240,246
INMU0020550,2016,248,225,246,239,247,240,248,248,239,248,237,248
INMU0020550,2017,248,224,247,240,248,239,247,245,240,248,238,247
INMU0020550,2018,248,222,248,228,248,239,244,247,237,245,239,248
INMU0020550,2019,247,224,246,239,247,240,247,247,240,246,237,248
INMU0020550,2020,248,232,248,238,239,237,247,248,239,248,240,248
INMU0020550,2021,248,212,248,240,246,237,248,248,240,248,240,248
INMU0020550,2022,248,222,248,239,246,236,244,238,238,237,239,245
INMU0020550,2023,247,223,243,232,245,237,248,245,234,247,238,230
INMU0020550,2024,245,230,243,213,243,237,236,240,230,246,235,245
INMU0020550,2025,243,213,246,238,243,231,244,230,224,246,238,245
INMU0020550,2026,243,208,0,0,0,0,0,0,0,0,0,0
INMU0020438,1944,54,58,60,60,56,58,62,84,116,118,118,120
INMU0020438,1945,122,112,122,118,118,110,116,114,120,122,114,120
INMU0020438,1946,122,102,120,114,120,118,88,90,120,94,92,122
INMU0020438,1947,124,108,118,120,124,118,120,124,118,124,120,124
INMU0020438,1948,120,116,120,112,108,114,124,124,120,120,116,124
INMU0020438,1973,28,26,36,7,10,19,20,21,17,11,25,16
INMU0020438,1974,11,25,22,13,10,17,6,9,9,3,3,5
INMU0020438,1975,1,1,7,5,1,0,0,0,24,32,57,46
INMU0020438,1976,48,62,80,74,78,108,98,116,96,107,110,127
INMU0020438,1977,131,134,161,153,168,140,164,163,170,172,176,177
INMU0020438,1978,187,173,181,171,180,145,169,179,152,166,178,210
INMU0020438,1979,198,190,194,215,217,217,202,203,219,218,206,175
INMU0020438,1980,222,171,200,202,206,165,199,199,186,229,200,189
INMU0020438,1981,223,190,226,194,187,179,201,223,185,219,207,199
INMU0020438,1982,172,155,182,131,159,105,159,195,180,169,190,218
INMU0020438,1983,201,183,188,123,145,74,161,135,156,190,214,214
INMU0020438,1984,188,186,217,196,157,138,157,195,183,206,189,215
INMU0020438,1985,203,187,201,164,159,177,177,183,164,130,178,176
INMU0020438,1986,155,149,178,180,139,154,168,183,142,110,112,167
INMU0020438,1987,194,155,205,194,213,193,178,193,187,192,196,181
INMU0020438,1988,199,172,138,174,174,141,170,118,88,176,170,170
INMU0020438,1989,189,144,178,187,172,180,194,203,188,212,162,193
INMU0020438,1990,176,154,182,148,133,159,175,198,196,203,106,147
INMU0020438,1991,192,177,191,184,168,188,200,212,193,202,193,201
INMU0020438,1992,207,201,172,189,198,171,189,199,203,206,194,200
INMU0020438,1993,215,192,215,212,198,197,218,220,211,230,210,194
INMU0020438,1994,193,154,195,113,174,176,203,204,209,217,207,206
INMU0020438,1995,194,185,199,189,202,166,177,193,200,207,194,190
INMU0020438,1996,217,194,193,191,201,202,208,202,196,227,208,215
INMU0020438,1997,198,192,201,185,199,186,186,198,203,221,189,193
INMU0020438,1998,177,187,199,200,193,191,193,201,196,213,200,215
INMU0020438,1999,201,187,220,203,199,189,203,208,194,211,192,192
INMU0020438,2000,197,207,196,223,228,213,223,219,196,232,221,230
INMU0020438,2001,228,200,226,224,230,224,202,214,222,231,227,226
INMU0020438,2002,230,206,222,212,206,203,223,230,222,230,228,228
INMU0020438,2003,225,191,216,205,206,179,222,215,213,217,223,225
INMU0020438,2004,235,221,222,222,229,228,243,232,229,243,229,239
INMU0020438,2005,235,216,231,221,234,225,239,232,226,242,228,232
INMU0020438,2006,234,205,231,212,237,210,230,229,230,241,229,237
INMU0020438,2007,239,210,221,202,221,230,238,220,232,238,232,241
INMU0020438,2008,234,226,238,233,241,239,238,248,233,244,228,234
INMU0020438,2009,241,220,238,218,239,210,243,226,233,236,238,246
INMU0020438,2010,244,221,246,239,245,233,236,243,238,245,240,248
INMU0020438,2011,239,222,245,238,245,201,246,241,238,247,239,245
INMU0020438,2012,248,232,248,240,248,237,248,247,240,247,237,248
INMU0020438,2013,248,223,248,239,244,239,254,248,242,247,238,248
INMU0020438,2014,247,224,248,239,248,239,247,248,240,247,240,246
INMU0020438,2015,248,223,246,239,245,238,247,248,236,248,240,247
INMU0020438,2016,248,224,246,239,243,236,248,248,240,248,238,248
INMU0020438,2017,246,224,248,240,248,239,247,247,240,248,240,248
INMU0020438,2018,247,224,248,238,248,240,247,248,237,247,240,245
INMU0020438,2019,248,224,246,240,240,240,248,247,239,247,237,248
INMU0020438,2020,248,230,247,240,247,239,248,248,237,248,240,248
INMU0020438,2021,248,213,248,240,248,240,248,248,240,248,239,248
INMU0020438,2022,247,224,247,240,247,239,241,244,240,242,240,245
INMU0020438,2023,246,224,243,239,247,234,246,244,234,243,238,234
INMU0020438,2024,247,230,246,215,246,239,245,245,236,247,239,244
INMU0020438,2025,245,213,246,240,247,236,246,232,222,246,238,248
INMU0020438,2026,242,206,0,0,0,0,0,0,0,0,0,0
INMU0020433,1944,112,112,112,116,112,118,104,106,116,116,120,120
INMU0020433,1945,124,110,116,114,118,110,110,114,118,122,92,118
INMU0020433,1946,116,102,112,98,118,116,100,108,104,90,88,112
INMU0020433,1947,110,86,108,110,120,106,118,100,114,112,116,118
INMU0020433,1948,122,114,120,114,116,114,118,120,116,112,116,122
INMU0020433,1956,0,0,0,0,0,0,0,0,0,1,60,59
INMU0020433,1957,80,70,73,67,65,55,138,141,142,140,139,142
INMU0020433,1958,142,129,142,137,145,134,139,143,134,145,132,138
INMU0020433,1959,64,63,69,62,43,49,59,56,50,51,50,57
INMU0020433,1960,56,60,60,59,52,43,46,41,49,57,47,55
INMU0020433,1961,80,74,130,101,120,81,117,131,123,135,126,132
INMU0020433,1962,138,131,142,130,133,129,137,144,134,145,138,146
INMU0020433,1963,61,56,59,58,57,56,58,57,58,58,59,57
INMU0020433,1973,155,127,148,129,116,118,125,122,134,120,124,119
INMU0020433,1974,139,128,159,128,104,108,122,103,132,139,111,121
INMU0020433,1975,120,126,136,107,83,81,97,127,117,106,118,117
INMU0020433,1976,118,92,123,95,102,79,121,96,116,132,118,135
INMU0020433,1977,137,144,172,123,147,103,109,114,168,133,151,134
INMU0020433,1978,192,183,211,206,205,215,212,193,147,176,181,192
INMU0020433,1979,196,169,204,220,229,187,207,184,153,204,197,196
INMU0020433,1980,176,211,215,197,197,198,200,189,203,214,189,201
INMU0020433,1981,206,197,219,192,199,182,202,211,197,193,162,206
INMU0020433,1982,159,162,211,185,195,194,212,188,187,200,204,208
INMU0020433,1983,194,182,218,202,210,188,204,193,208,135,116,134
INMU0020433,1984,125,140,160,102,146,217,114,224,217,133,180,220
INMU0020433,1985,203,185,168,155,169,187,138,187,175,179,156,149
INMU0020433,1986,181,171,178,178,194,168,152,181,170,155,156,167
INMU0020433,1987,156,149,191,187,199,163,162,182,183,201,179,179
INMU0020433,1988,171,163,178,171,185,202,175,199,195,166,203,187
INMU0020433,1989,185,194,197,165,211,198,199,204,200,210,211,215
INMU0020433,1990,214,196,205,205,181,178,210,188,164,200,216,212
INMU0020433,1991,214,193,220,206,153,197,222,194,211,186,199,207
INMU0020433,1992,196,192,126,166,156,168,148,180,178,168,154,189
INMU0020433,1993,145,134,191,194,195,204,222,228,183,167,153,160
INMU0020433,1994,186,161,138,48,44,107,180,185,162,167,178,179
INMU0020433,1995,169,174,141,172,193,200,199,206,183,191,157,164
INMU0020433,1996,180,150,169,164,177,174,200,192,189,192,189,181
INMU0020433,1997,197,174,189,175,161,143,181,198,204,193,169,188
INMU0020433,1998,130,165,166,192,188,199,201,200,192,188,199,185
INMU0020433,1999,187,184,212,200,199,183,222,217,216,205,209,209
INMU0020433,2000,199,196,186,193,204,202,207,188,163,195,201,216
INMU0020433,2001,211,192,205,201,219,201,225,203,203,189,181,173
INMU0020433,2002,183,162,191,191,180,137,151,200,189,204,196,212
INMU0020433,2003,215,204,226,223,236,208,218,210,201,206,215,230
INMU0020433,2004,226,217,238,220,222,222,213,222,216,219,211,222
INMU0020433,2005,216,206,224,232,234,205,212,218,220,233,224,209
INMU0020433,2006,190,162,213,222,220,200,233,223,217,222,224,214
INMU0020433,2007,220,199,215,205,204,204,223,231,229,217,215,224
INMU0020433,2008,227,213,239,223,242,238,233,238,229,243,229,232
INMU0020433,2009,238,221,242,238,239,212,246,229,222,240,227,242
INMU0020433,2010,231,219,246,240,244,234,234,244,237,246,235,242
INMU0020433,2011,243,223,239,235,247,198,246,243,232,243,236,236
INMU0020433,2012,230,181,223,233,240,229,244,238,234,235,236,243
INMU0020433,2013,246,211,243,233,230,232,249,242,236,247,236,247
INMU0020433,2014,246,224,247,239,246,238,244,247,239,247,240,247
INMU0020433,2015,248,224,247,240,246,238,247,248,237,247,239,247
INMU0020433,2016,248,231,245,238,245,240,248,247,239,247,237,248
INMU0020433,2017,248,223,248,240,248,238,248,247,240,246,239,247
INMU0020433,2018,248,221,248,236,247,240,248,248,237,245,240,248
INMU0020433,2019,249,224,245,240,248,240,248,245,239,247,238,248
INMU0020433,2020,248,232,248,240,248,238,248,247,238,248,238,248
INMU0020433,2021,248,214,248,240,247,240,248,571,603,623,585,627
INMU0020433,2022,607,557,624,620,654,637,597,665,636,639,631,666
INMU0020433,2023,665,603,658,626,690,633,668,670,660,673,656,625
INMU0020433,2024,671,626,685,596,648,620,606,665,633,647,604,610
INMU0020433,2025,621,569,606,540,617,550,572,530,518,580,522,529
INMU0020433,2026,532,457,0,0,0,0,0,0,0,0,0,0
INM00042767,1944,54,58,56,60,58,60,60,62,58,62,60,62
INM00042767,1945,62,54,60,58,62,58,56,58,60,62,58,60
INM00042767,1946,62,52,56,92,112,100,88,104,114,86,74,108
INM00042767,1947,114,102,92,118,122,118,114,118,112,116,116,124
INM00042767,1948,120,112,124,120,122,116,124,124,118,120,120,122
INM00042767,1973,38,31,38,32,37,38,25,30,26,21,34,26
INM00042767,1974,26,39,33,34,32,26,32,23,25,18,24,25
INM00042767,1975,26,25,28,22,18,18,31,34,20,29,29,31
INM00042767,1976,27,22,32,19,19,20,20,9,4,4,2,9
INM00042767,1977,12,22,25,20,27,14,14,22,23,22,27,24
INM00042767,1978,33,37,37,31,40,35,43,32,37,0,1,3
INM00042767,1979,1,0,0,1,0,1,3,2,0,1,2,2
INM00042767,1980,1,0,0,0,2,1,1,0,0,0,0,0
INM00042767,1985,9,0,1,1,0,1,5,9,14,12,8,8
INM00042767,1986,10,4,2,1,0,1,1,2,1,2,1,0
INM00042767,1987,1,2,0,0,0,0,0,0,0,0,0,0
INM00042767,1999,1,1,2,0,1,1,0,0,0,1,1,0
INM00042767,2000,0,2,0,0,0,0,0,0,0,0,0,0
INM00042767,2002,1,0,1,0,1,0,0,0,1,0,0,0
INM00042767,2003,0,0,0,1,0,0,0,0,0,0,0,0
INM00042767,2009,0,2,0,0,0,0,0,0,0,0,0,0
INM00042767,2015,0,0,0,0,0,0,0,0,0,0,0,46
INM00042767,2016,60,53,58,58,58,58,62,53,46,55,36,47
INM00042767,2017,45,53,58,57,58,54,55,58,56,61,55,61
INM00042767,2018,58,53,58,56,61,54,61,61,52,61,59,62
INM00042767,2019,61,56,61,60,62,59,61,62,60,62,60,61
INM00042767,2020,62,58,62,60,62,59,59,63,59,62,61,62
INM00042767,2021,62,53,62,60,62,59,61,62,60,62,60,62
INM00042767,2022,62,56,62,60,62,60,62,62,62,61,61,62
INM00042767,2023,62,53,61,60,62,58,63,60,58,62,60,58
INM00042767,2024,61,58,62,54,62,60,59,62,59,62,60,61
INM00042767,2025,62,55,62,60,61,59,61,59,54,61,60,61
INM00042767,2026,61,51,0,0,0,0,0,0,0,0,0,0
INM00042793,2017,0,0,0,0,0,0,0,1,0,0,0,0
INM00042793,2019,0,0,0,0,0,1,0,0,0,0,0,0
INM00042793,2020,1,0,0,0,0,0,0,0,0,0,0,0
INM00042793,2023,0,0,0,0,0,0,0,0,8,59,114,116
INM00042793,2024,123,115,124,108,123,119,107,123,119,124,120,122
INM00042793,2025,122,111,123,120,121,118,122,115,108,124,119,124
INM00042793,2026,124,104,0,0,0,0,0,0,0,0,0,0
INM00042792,2002,0,0,0,0,0,1,0,0,0,0,0,0
INM00042792,2003,0,0,0,0,1,0,0,0,0,0,0,0
INM00042792,2009,0,1,0,0,0,0,0,0,0,0,0,0
INM00042792,2015,0,0,0,0,0,0,0,0,0,0,0,47
INM00042792,2016,62,53,59,58,61,59,61,57,54,60,58,59
INM00042792,2017,56,52,62,59,61,53,62,57,53,60,57,59
INM00042792,2018,61,53,58,56,58,57,24,14,30,55,50,52
INM00042792,2019,49,36,58,52,44,54,52,58,55,60,57,54
INM00042792,2020,59,56,60,50,53,54,50,59,45,57,52,53
INM00042792,2021,57,48,58,49,47,45,37,32,50,45,46,54
INM00042792,2022,49,45,58,27,0,0,10,0,19,46,47,54
INM00042792,2023,54,49,41,51,50,44,45,54,43,52,51,53
INM00042792,2024,55,53,50,40,47,51,55,59,57,58,55,57
INM00042792,2025,55,48,50,41,42,43,54,52,51,58,58,60
INM00042792,2026,54,46,0,0,0,0,0,0,0,0,0,0
INM00043042,1981,3,0,2,0,3,3,2,4,6,0,0,1
INM00043042,1982,1,0,0,0,0,0,0,0,0,0,0,0
INM00043042,2002,0,0,1,0,0,0,0,0,0,0,0,0
INM00043042,2009,0,1,0,0,0,0,0,0,0,0,0,0
INM00043042,2015,0,0,0,0,0,0,0,0,0,0,0,47
INM00043042,2016,60,52,60,59,62,59,61,57,51,62,54,57
INM00043042,2017,42,37,62,57,62,57,62,51,60,62,56,60
INM00043042,2018,62,54,59,55,61,57,61,53,43,56,58,56
INM00043042,2019,58,53,56,55,46,49,50,59,56,56,60,56
INM00043042,2020,59,54,61,56,57,58,57,60,57,57,58,59
INM00043042,2021,60,52,62,58,61,57,57,58,60,60,59,62
INM00043042,2022,55,50,60,55,58,48,51,52,49,48,56,57
INM00043042,2023,54,52,55,56,59,48,49,57,45,54,57,54
INM00043042,2024,58,53,58,51,50,56,57,59,58,61,58,60
INM00043042,2025,58,49,51,48,45,48,58,56,56,61,60,61
INM00043042,2026,59,50,0,0,0,0,0,0,0,0,0,0
INM00043061,1944,0,0,0,0,28,54,60,56,58,52,0,0
INM00043061,1945,0,0,0,0,0,0,56,50,56,52,0,0
INM00043061,1947,0,0,42,60,62,58,60,58,0,0,0,0
INM00043061,2001,0,0,0,0,0,0,0,0,1,0,0,0
INM00043061,2007,0,0,0,0,1,0,0,0,0,0,0,0
INM00042763,1944,56,58,60,60,57,60,62,62,58,62,60,61
INM00042763,1945,62,55,62,60,60,58,57,58,60,60,58,60
INM00042763,1946,62,49,60,60,62,57,55,61,56,46,43,60
INM00042763,1947,52,49,58,59,61,58,58,60,59,60,60,61
INM00042763,1948,59,58,61,60,59,58,62,62,60,59,59,62
INM00042763,2007,0,0,0,0,1,0,0,0,0,0,0,0
INM00042763,2009,0,3,0,0,0,0,0,0,0,0,0,0
INM00042763,2011,0,0,0,0,0,0,1,0,0,0,0,0
INM00042763,2015,0,0,0,0,0,0,0,0,0,0,0,97
INM00042763,2016,124,114,121,120,124,119,122,124,121,123,120,124
INM00042763,2017,121,112,124,120,124,117,124,122,120,124,119,124
INM00042763,2018,124,112,124,118,124,119,122,124,111,123,119,124
INM00042763,2019,124,112,123,120,124,119,123,124,119,124,120,124
INM00042763,2020,124,116,124,120,123,119,123,124,118,124,118,124
INM00042763,2021,124,104,124,120,123,120,124,124,119,124,120,125
INM00042763,2022,124,112,124,120,124,119,120,122,120,123,119,122
INM00042763,2023,124,112,119,120,124,118,123,122,118,123,119,113
INM00042763,2024,124,114,123,108,123,119,121,124,119,124,119,122
INM00042763,2025,122,111,124,120,125,119,119,116,110,123,119,121
INM00042763,2026,124,103,0,0,0,0,0,0,0,0,0,0
INM00043017,1944,116,110,120,116,110,118,124,112,120,124,120,122
INM00043017,1945,124,112,122,120,122,116,114,116,118,124,116,114
INM00043017,1946,120,100,120,120,122,120,122,124,118,94,92,124
INM00043017,1947,118,68,124,118,122,120,120,118,118,122,120,124
INM00043017,1948,120,116,122,120,124,116,122,122,88,116,118,124
INM00043017,1973,39,37,39,34,24,25,35,39,29,34,37,26
INM00043017,1974,37,39,41,30,40,30,41,34,26,33,31,33
INM00043017,1975,40,31,40,23,23,34,35,36,35,29,39,19
INM00043017,1976,26,35,36,23,32,36,28,20,14,3,12,22
INM00043017,1977,27,28,30,25,34,29,29,32,29,43,43,48
INM00043017,1978,39,48,49,44,42,40,45,40,44,0,1,1
INM00043017,1979,0,0,2,0,1,1,3,0,0,1,1,1
INM00043017,1980,0,0,0,1,0,0,0,0,0,0,0,0
INM00043017,1983,0,0,0,0,0,0,0,0,0,16,15,23
INM00043017,1984,17,13,25,28,17,12,35,29,26,28,26,21
INM00043017,1985,30,27,27,19,18,19,18,24,17,27,23,18
INM00043017,1986,22,16,18,25,14,6,14,19,14,18,14,21
INM00043017,1987,19,16,16,17,16,5,6,1,6,3,5,5
INM00043017,1988,12,12,5,0,3,5,8,6,3,1,2,3
INM00043017,1989,1,7,6,5,3,0,1,2,5,3,6,4
INM00043017,1990,5,1,3,3,5,0,0,0,0,0,0,0
INM00043017,2001,0,0,0,0,0,0,0,0,0,1,0,0
INM00043017,2002,0,0,0,1,0,1,0,0,0,0,0,0
INM00043017,2007,0,0,0,0,1,0,0,0,0,0,0,0
INM00043017,2009,0,1,0,0,0,0,0,0,0,0,0,0
INM00043017,2015,0,0,0,0,0,0,0,0,0,0,0,70
INM00043017,2016,91,81,89,88,92,88,90,91,85,90,89,91
INM00043017,2017,91,81,91,91,93,88,89,93,89,91,85,90
INM00043017,2018,93,81,92,86,91,90,89,89,82,88,89,89
INM00043017,2019,88,81,92,90,93,90,92,93,84,92,86,91
INM00043017,2020,93,85,92,88,92,85,89,91,87,90,86,92
INM00043017,2021,93,74,91,87,89,90,92,89,91,92,86,91
INM00043017,2022,92,83,93,85,93,85,92,92,87,92,88,89
INM00043017,2023,93,78,88,88,90,86,91,87,83,86,88,84
INM00043017,2024,88,85,91,79,88,86,90,85,86,90,84,87
INM00043017,2025,82,91,111,108,113,115,117,110,107,121,115,123
INM00043017,2026,121,100,0,0,0,0,0,0,0,0,0,0
INM00042771,1944,112,116,120,120,116,118,124,124,120,124,120,122
INM00042771,1945,120,110,124,120,120,110,114,116,118,124,116,118
INM00042771,1946,124,102,122,116,124,118,116,120,114,94,86,118
INM00042771,1947,116,100,118,118,122,116,118,120,118,122,120,124
INM00042771,1948,124,116,124,120,122,114,122,124,116,120,118,116
INM00042771,1973,42,34,41,34,33,27,42,37,37,33,33,30
INM00042771,1974,30,34,33,30,36,36,38,36,32,29,29,31
INM00042771,1975,27,26,34,22,24,25,35,33,27,33,26,30
INM00042771,1976,21,30,37,28,17,24,25,12,10,4,6,10
INM00042771,1977,11,18,21,22,17,11,19,18,22,27,24,32
INM00042771,1978,28,41,47,38,44,45,43,42,39,0,1,0
INM00042771,1979,0,1,1,1,0,0,1,0,0,0,0,0
INM00042771,1983,0,0,0,0,0,0,0,2,7,16,10,16
INM00042771,1984,17,11,17,12,6,8,7,11,10,14,15,7
INM00042771,1985,13,16,13,23,9,8,5,12,12,16,7,9
INM00042771,1986,14,10,7,12,5,0,4,5,4,4,7,10
INM00042771,1987,9,8,8,5,4,4,3,1,4,0,2,5
INM00042771,1988,8,6,2,1,0,3,0,7,1,0,0,0
INM00042771,1989,0,1,0,0,0,0,0,0,0,0,2,0
INM00042771,1999,0,0,0,0,0,0,0,1,0,0,0,1
INM00042771,2000,1,0,0,0,0,0,0,0,0,0,0,0
INM00042771,2001,0,0,0,0,0,0,1,0,0,0,0,0
INM00042771,2002,0,0,0,1,0,0,0,0,0,0,0,0
INM00042771,2009,0,1,0,0,0,0,0,0,0,0,0,0
INM00042771,2015,0,0,0,0,0,0,0,0,0,0,0,46
INM00042771,2016,57,50,59,42,54,55,58,59,55,55,53,59
INM00042771,2017,48,49,52,49,54,50,56,51,56,55,55,52
INM00042771,2018,53,45,56,49,41,48,50,35,44,54,45,58
INM00042771,2019,51,43,49,48,60,58,47,38,45,54,49,53
INM00042771,2020,51,52,37,0,33,35,47,39,29,24,38,47
INM00042771,2021,42,34,23,35,42,29,50,41,41,46,46,41
INM00042771,2022,43,38,39,46,51,53,58,57,46,51,42,46
INM00042771,2023,52,48,50,54,51,56,53,49,53,51,58,57
INM00042771,2024,61,56,62,52,62,60,59,61,59,60,60,62
INM00042771,2025,63,53,60,60,58,60,59,57,57,62,61,61
INM00042771,2026,62,51,0,0,0,0,0,0,0,0,0,0
INM00042810,2015,0,0,0,0,0,0,0,0,0,0,0,48
INM00042810,2016,58,54,57,59,57,58,59,53,54,61,58,60
INM00042810,2017,58,55,61,60,61,53,58,61,58,61,58,17
INM00042810,2019,0,0,0,1,0,0,0,0,0,0,0,0
INM00042810,2025,0,0,0,0,0,0,0,0,0,0,6,0
INM00042810,2026,0,2,0,0,0,0,0,0,0,0,0,0
INM00042731,1944,114,116,120,116,116,120,122,124,120,118,116,124
INM00042731,1945,122,112,122,118,122,108,116,116,118,120,106,120
INM00042731,1946,122,102,122,118,124,118,100,124,116,96,92,122
INM00042731,1947,122,108,122,116,122,114,112,110,116,120,118,120
INM00042731,1948,122,114,124,120,116,120,124,124,110,120,118,122
INM00042731,1973,39,36,46,42,34,17,37,31,30,36,36,28
INM00042731,1974,36,41,43,35,25,35,33,25,30,31,26,34
INM00042731,1975,34,26,39,39,19,26,23,27,24,17,4,12
INM00042731,1976,17,20,27,23,36,28,30,11,16,6,8,4
INM00042731,1977,9,6,3,1,14,27,24,25,22,7,24,44
INM00042731,1978,43,43,47,44,47,36,43,33,37,1,1,0
INM00042731,1979,1,0,3,0,1,0,0,1,0,0,0,0
INM00042731,1983,0,0,0,0,0,0,0,0,0,20,24,15
INM00042731,1984,24,24,17,26,11,12,13,19,22,26,23,10
INM00042731,1985,27,24,27,14,19,20,22,25,29,35,23,21
INM00042731,1986,20,21,19,18,10,10,6,10,11,8,12,12
INM00042731,1987,11,14,17,18,13,10,8,3,15,5,6,9
INM00042731,1988,24,13,4,1,2,7,17,10,6,2,2,6
INM00042731,1989,8,9,9,19,9,3,7,7,10,12,9,10
INM00042731,1990,8,11,3,10,4,3,6,4,2,6,3,1
INM00042731,1991,3,8,5,2,4,1,2,5,7,1,0,1
INM00042731,1992,1,1,2,0,5,4,4,2,2,3,3,1
INM00042731,1993,3,2,2,2,2,4,4,0,7,4,2,3
INM00042731,1994,4,4,2,4,2,3,5,3,1,1,1,3
INM00042731,1995,2,3,1,1,3,0,2,1,4,2,1,1
INM00042731,1996,2,1,2,2,1,2,2,2,1,5,4,1
INM00042731,1997,2,0,2,1,1,1,0,2,1,0,1,1
INM00042731,1998,1,1,1,0,1,0,1,3,1,1,1,2
INM00042731,1999,0,0,0,0,1,1,0,1,2,0,0,0
INM00042731,2000,0,1,0,0,0,0,0,0,0,0,0,0
INM00042731,2001,0,0,0,2,0,1,0,0,0,1,0,0
INM00042731,2002,0,0,0,0,1,1,0,2,1,1,0,2
INM00042731,2003,0,0,1,1,0,0,1,0,0,0,0,0
INM00042731,2007,0,0,0,0,1,0,0,0,0,1,0,0
INM00042731,2008,0,2,0,0,0,0,0,0,0,0,0,0
INM00042731,2009,0,4,0,0,0,0,0,0,0,0,0,0
INM00042731,2011,0,0,0,0,0,0,1,0,0,0,0,0
INM00042731,2013,0,0,2,1,0,2,0,0,0,0,0,0
INM00042731,2015,0,0,0,0,0,0,0,0,0,0,0,194
INM00042731,2016,246,225,245,238,248,239,246,247,240,248,238,248
INM00042731,2017,242,224,247,239,247,235,245,246,240,248,237,244
INM00042731,2018,248,224,248,236,248,240,242,247,222,244,239,247
INM00042731,2019,247,222,243,240,245,240,248,247,239,247,238,247
INM00042731,2020,247,231,248,240,248,238,246,248,236,246,239,247
INM00042731,2021,248,212,248,239,242,238,244,246,238,246,238,248
INM00042731,2022,248,224,248,238,246,237,248,243,239,242,239,245
INM00042731,2023,247,218,242,237,247,235,247,241,232,244,238,230
INM00042731,2024,247,230,246,214,245,239,239,245,235,247,238,244
INM00042731,2025,244,220,246,240,246,235,244,228,223,245,236,248
INM00042731,2026,243,205,0,0,0,0,0,0,0,0,0,0
INM00042805,1981,0,0,0,0,3,2,2,4,2,2,1,4
INM00042805,1982,0,2,1,2,1,4,1,1,3,1,1,0
INM00042805,1983,1,3,1,0,4,1,2,3,2,1,0,0
INM00042805,1984,3,8,4,3,1,2,1,0,4,2,1,3
INM00042805,1985,1,0,1,2,0,0,0,0,0,0,0,0
INM00042805,1999,0,0,1,0,0,1,1,0,0,1,0,1
INM00042805,2000,1,2,0,0,0,0,0,0,0,0,0,0
INM00042805,2001,0,1,2,1,0,0,0,0,0,2,1,0
INM00042805,2002,0,0,2,2,1,1,2,1,0,2,0,2
INM00042805,2003,1,0,0,1,2,1,1,0,0,0,0,0
INM00042805,2009,0,1,0,0,0,0,0,0,0,0,0,0
INM00042805,2015,0,0,0,0,0,0,0,0,0,0,0,47
INM00042805,2016,57,53,56,55,56,51,48,50,55,47,47,48
INM00042805,2017,40,32,44,47,56,48,53,61,53,54,53,47
INM00042805,2018,48,43,54,47,53,49,52,53,46,40,38,40
INM00042805,2019,39,39,37,40,50,45,39,21,34,16,24,32
INM00042805,2020,0,0,4,0,0,3,3,0,0,0,0,0
INM00042805,2021,0,0,0,0,0,0,0,0,0,0,0,12
INM00042805,2022,60,55,61,58,59,56,61,62,57,57,60,60
INM00042805,2023,61,56,59,54,60,57,60,59,57,61,59,58
INM00042805,2024,58,58,62,54,62,60,60,62,58,54,55,60
INM00042805,2025,63,54,61,57,61,59,60,57,55,62,60,50
INM00042805,2026,48,47,0,0,0,0,0,0,0,0,0,0
INM00043021,2015,0,0,0,0,0,0,0,0,0,0,0,44
INM00043021,2016,51,44,47,57,61,54,51,40,45,47,49,53
INM00043021,2017,39,43,41,47,49,44,41,40,34,29,64,223
INM00043021,2018,219,367,388,357,385,335,328,368,322,339,364,370
INM00043021,2019,358,300,362,521,506,459,512,483,411,479,379,431
INM00043021,2020,418,444,281,62,84,130,133,148,141,152,184,218
INM00043021,2021,161,178,186,148,210,146,94,231,191,225,164,233
INM00043021,2022,158,174,152,88,112,61,98,244,241,215,266,206
INM00043021,2023,222,244,221,153,199,231,219,264,234,355,274,230
INM00043021,2024,171,226,230,461,358,306,345,368,263,312,381,239
INM00043021,2025,281,273,259,327,280,294,286,289,263,339,307,389
INM00043021,2026,440,348,0,0,0,0,0,0,0,0,0,0
INM00042963,2002,0,0,0,1,0,0,0,0,0,0,0,0
INM00042963,2007,0,0,0,0,0,0,0,0,0,0,3,0
INM00042963,2016,0,0,0,0,0,0,0,1,0,0,0,0
INM00042963,2017,0,0,1,0,0,0,0,0,0,0,0,0
INM00042963,2018,0,0,0,0,0,0,0,0,0,0,1,0
INM00042963,2019,2,0,0,0,0,0,0,0,0,0,0,0
INM00042963,2020,0,0,0,0,0,0,1,0,0,1,0,0
INM00042963,2021,1,0,0,1,0,0,0,9,12,10,4,0
INM00042963,2022,1,0,0,1,0,1,0,0,0,0,0,0
INM00042948,2015,0,0,0,0,0,0,0,0,0,0,0,36
INM00042948,2016,52,48,47,52,51,52,51,51,49,43,34,42
INM00042948,2017,52,46,51,52,53,47,41,51,49,35,48,55
INM00042948,2018,47,47,48,46,52,51,41,43,41,46,46,49
INM00042948,2019,48,45,59,55,48,51,51,47,53,50,47,51
INM00042948,2020,56,51,46,51,52,55,56,54,49,49,51,51
INM00042948,2021,51,40,46,53,47,51,59,60,58,57,53,44
INM00042948,2022,47,43,42,31,26,47,45,37,50,56,51,49
INM00042948,2023,53,47,49,48,50,48,60,60,51,60,56,53
INM00042948,2024,60,52,55,50,55,56,54,54,51,58,52,55
INM00042948,2025,57,38,48,36,13,42,54,52,43,50,46,54
INM00042948,2026,54,38,0,0,0,0,0,0,0,0,0,0
INM00042969,1973,22,17,21,9,11,14,12,26,20,11,16,11
INM00042969,1974,6,14,11,15,8,5,9,6,12,7,4,5
INM00042969,1975,4,9,7,6,2,7,5,4,9,8,15,15
INM00042969,1976,20,13,26,18,15,17,17,13,7,6,7,22
INM00042969,1977,21,19,29,24,32,26,33,33,35,35,34,41
INM00042969,1978,45,29,37,26,41,33,33,32,28,0,0,1
INM00042969,1979,0,0,0,0,0,1,1,0,0,0,0,0
INM00042969,1983,0,0,0,0,0,0,0,0,0,2,8,10
INM00042969,1984,5,8,5,4,4,2,4,3,1,1,3,3
INM00042969,1985,3,5,3,3,4,3,2,3,0,4,2,2
INM00042969,1986,3,2,2,2,0,1,1,1,0,2,0,3
INM00042969,1987,3,2,1,1,1,2,0,0,2,0,2,2
INM00042969,1988,2,3,0,0,0,0,2,0,0,0,2,1
INM00042969,1989,0,0,0,0,0,0,0,1,1,0,0,0
INM00042969,2002,0,0,0,0,0,0,1,0,0,0,0,0
INM00042969,2007,0,0,0,0,0,0,0,0,3,11,13,0
INM00042969,2009,0,1,0,0,0,0,0,0,0,0,0,0
INM00042969,2015,0,0,0,0,0,0,0,0,0,0,1,48
INM00042969,2016,62,56,60,59,61,60,59,60,54,60,60,61
INM00042969,2017,60,56,62,58,63,54,61,59,59,62,59,61
INM00042969,2018,62,56,60,57,61,60,59,62,55,61,58,61
INM00042969,2019,62,55,59,58,54,59,60,61,59,62,58,62
INM00042969,2020,61,57,58,57,59,57,57,60,58,60,60,61
INM00042969,2021,60,52,62,59,61,57,60,59,60,59,58,62
INM00042969,2022,55,55,61,55,58,50,49,54,42,50,52,56
INM00042969,2023,57,51,55,56,60,49,49,56,46,54,55,55
INM00042969,2024,56,53,56,51,49,57,57,59,58,60,59,61
INM00042969,2025,59,49,51,48,45,47,57,56,54,60,60,62
INM00042969,2026,56,47,0,0,0,0,0,0,0,0,0,0
INM00042803,1973,26,26,28,6,12,16,20,16,14,15,17,15
INM00042803,1974,16,8,13,4,8,5,10,9,5,1,4,3
INM00042803,1975,4,6,6,3,3,6,3,7,7,8,17,11
INM00042803,1976,7,7,8,12,9,13,15,15,6,7,6,21
INM00042803,1977,11,24,28,19,28,28,33,23,24,29,27,31
INM00042803,1978,39,34,39,27,30,36,37,40,39,1,0,0
INM00042803,1984,6,7,5,14,4,3,14,10,7,9,11,5
INM00042803,1985,15,11,12,13,6,11,11,9,9,10,7,9
INM00042803,1986,18,8,11,15,7,3,8,9,2,2,6,14
INM00042803,1987,17,7,10,8,9,7,2,1,5,0,2,5
INM00042803,1988,15,10,2,1,2,2,4,4,2,1,0,1
INM00042803,1989,0,2,0,2,1,0,1,2,2,1,2,1
INM00042803,1990,2,0,0,1,0,0,0,0,0,0,0,0
INM00042803,2002,0,0,1,1,0,0,0,0,0,0,0,0
INM00042803,2004,0,0,1,0,0,0,0,0,0,0,0,0
INM00042803,2006,1,0,0,0,0,0,0,0,0,0,0,0
INM00042803,2009,0,1,0,0,0,0,0,0,0,0,0,0
INM00042803,2015,0,0,0,0,0,0,0,0,0,0,0,44
INM00042803,2016,54,40,60,52,62,60,62,61,59,27,25,59
INM00042803,2017,61,34,29,36,60,58,62,62,60,60,57,58
INM00042803,2018,61,56,49,58,52,59,61,62,57,59,58,61
INM00042803,2019,62,56,51,45,60,58,63,61,59,57,60,62
INM00042803,2020,61,56,56,57,58,56,60,60,56,59,59,61
INM00042803,2021,54,51,62,60,60,55,54,59,59,62,33,61
INM00042803,2022,59,55,62,60,61,60,60,62,60,58,60,52
INM00042803,2023,62,56,58,55,58,58,61,60,57,61,60,57
INM00042803,2024,61,56,60,44,39,58,61,62,59,57,14,26
INM00042803,2025,62,55,61,33,49,58,61,56,55,51,58,55
INM00042803,2026,35,6,0,0,0,0,0,0,0,0,0,0
INM00042799,1945,0,0,0,0,0,0,0,116,118,124,116,122
INM00042799,1946,122,98,120,66,106,120,90,84,88,58,76,96
INM00042799,1947,112,104,116,112,116,118,114,122,118,118,120,120
INM00042799,1948,122,114,122,116,110,120,112,124,118,120,114,122
INM00042799,1954,61,56,59,59,60,59,60,58,60,62,59,61
INM00042799,1955,62,54,60,58,59,59,56,57,60,61,60,58
INM00042799,1956,62,57,62,57,59,56,60,58,58,60,60,61
INM00042799,1957,62,52,55,51,52,58,45,54,53,49,52,52
INM00042799,1958,53,44,56,51,54,49,52,53,47,50,37,40
INM00042799,1959,49,48,50,54,48,48,53,55,51,43,38,45
INM00042799,1960,49,45,49,49,50,42,31,31,27,28,29,31
INM00042799,1961,29,25,30,25,30,28,29,30,29,30,30,24
INM00042799,1962,35,37,39,29,36,37,30,29,40,29,38,39
INM00042799,1963,60,53,55,58,57,56,58,58,51,57,54,58
INM00042799,1981,0,0,0,0,0,0,0,0,0,3,2,1
INM00042799,1982,1,0,0,0,0,0,0,0,0,0,0,0
INM00042799,2002,0,0,0,0,0,0,0,0,0,0,1,0
INM00042799,2003,0,0,0,0,0,0,1,1,0,0,0,0
INM00042799,2004,0,0,0,0,0,0,0,1,0,0,0,0
INM00042799,2008,0,0,0,0,1,0,0,0,0,0,0,0
INM00042799,2009,0,1,0,0,0,0,0,0,0,0,0,0
INM00042799,2015,0,0,0,0,0,0,0,0,0,0,0,10
INM00042799,2016,21,16,18,20,21,10,17,21,13,11,0,0
INM00042799,2017,0,0,1,0,0,0,0,0,0,0,0,0
INM00042799,2018,0,0,0,1,0,0,0,0,0,0,0,0
INM00042799,2024,0,0,0,0,0,0,44,60,59,48,48,38
INM00042799,2025,57,42,46,0,26,57,60,54,49,58,55,58
INM00042799,2026,57,48,0,0,0,0,0,0,0,0,0,0
INM00042841,2001,0,0,0,0,0,0,0,0,0,1,0,0
INM00042841,2002,0,0,0,1,1,0,0,0,0,0,1,1
INM00042841,2003,0,0,0,0,0,1,0,0,0,0,0,0
INM00042841,2019,0,0,1,0,0,0,0,0,0,0,0,0
INM00042841,2024,1,0,0,0,0,0,0,0,0,0,0,0
INM00042921,2006,0,142,127,234,244,236,246,240,238,244,186,240
INM00042921,2007,243,221,237,237,238,237,245,233,230,237,234,246
INM00042921,2008,246,230,241,239,243,228,239,238,231,245,230,238
INM00042921,2009,241,220,242,235,245,217,244,232,214,245,235,245
INM00042921,2010,246,222,248,236,244,233,236,246,230,243,238,247
INM00042921,2011,248,222,238,239,248,192,244,239,240,248,239,246
INM00042921,2012,248,232,246,238,245,233,247,246,238,246,231,245
INM00042921,2013,247,223,248,238,246,239,249,248,239,248,235,246
INM00042921,2014,241,224,247,239,245,239,244,246,234,247,239,245
INM00042921,2015,247,221,248,231,247,239,248,244,235,243,238,243
INM00042921,2016,248,225,245,236,244,237,246,246,235,247,238,244
INM00042921,2017,247,222,246,237,248,237,246,232,237,242,240,245
INM00042921,2018,248,222,248,237,247,240,248,245,237,244,233,235
INM00042921,2019,248,221,243,237,246,239,244,247,239,247,233,247
INM00042921,2020,248,229,241,225,244,233,245,247,234,244,237,247
INM00042921,2021,247,211,247,238,246,237,245,247,240,246,239,246
INM00042921,2022,245,219,246,232,244,239,241,244,237,238,237,240
INM00042921,2023,247,208,241,232,245,230,245,242,228,241,224,232
INM00042921,2024,237,227,245,209,241,237,238,241,236,246,237,241
INM00042921,2025,237,205,237,231,245,237,244,227,222,246,237,248
INM00042921,2026,242,196,0,0,0,0,0,0,0,0,0,0
INM00042832,2001,0,0,0,0,0,0,0,0,1,0,0,0
INM00042832,2019,0,0,0,0,0,0,0,0,41,62,60,60
INM00042832,2020,62,58,59,60,62,60,62,61,58,57,59,63
INM00042832,2021,59,51,62,60,62,58,63,60,60,62,60,62
INM00042832,2022,62,56,61,59,61,60,58,62,60,60,60,62
INM00042832,2023,62,55,60,60,62,55,62,60,57,61,59,57
INM00042832,2024,62,58,62,54,62,60,52,61,59,62,60,61
INM00042832,2025,62,55,59,60,61,59,58,57,54,62,60,61
INM00042832,2026,62,51,0,0,0,0,0,0,0,0,0,0
INM00043058,2002,0,0,0,0,1,0,0,0,0,0,1,0
INM00043058,2007,0,0,0,0,1,0,0,0,0,0,0,0
INM00043058,2015,0,0,0,0,0,0,0,0,0,0,0,47
INM00043058,2016,60,54,59,59,61,58,62,61,58,60,59,61
INM00043058,2017,61,56,59,60,62,58,61,62,59,57,59,62
INM00043058,2018,61,52,59,57,61,59,61,62,57,60,59,60
INM00043058,2019,61,56,59,60,61,58,62,62,57,60,60,62
INM00043058,2020,56,35,37,18,55,48,50,51,48,50,44,29
INM00043058,2021,50,44,56,52,57,52,51,42,41,28,34,43
INM00043058,2022,34,35,40,36,39,42,39,33,42,35,39,41
INM00043058,2023,38,36,37,30,40,38,41,40,37,39,44,35
INM00043058,2024,40,42,36,34,40,40,43,43,39,43,38,40
INM00043058,2025,45,36,30,34,39,33,43,33,36,40,34,41
INM00043058,2026,39,36,0,0,0,0,0,0,0,0,0,0
INM00042846,2016,0,0,1,0,0,0,0,0,0,0,0,0
INM00042846,2017,0,0,0,0,16,30,26,4,0,0,0,0
INM00042846,2018,0,0,37,24,40,38,38,16,0,0,0,0
INM00042846,2019,0,4,1,0,0,0,0,0,0,0,0,0
INM00042846,2023,0,0,0,0,0,27,33,0,0,0,0,0
INM00042846,2025,0,0,44,57,54,53,31,53,53,58,58,61
INM00042846,2026,54,49,0,0,0,0,0,0,0,0,0,0
INM00042937,1944,104,116,120,120,114,118,124,122,120,124,116,118
INM00042937,1945,124,112,124,118,116,112,114,116,118,124,116,120
INM00042937,1946,120,100,122,120,122,118,110,124,110,92,88,118
INM00042937,1947,116,88,110,118,122,118,110,118,120,122,118,122
INM00042937,1948,124,116,122,120,120,114,120,124,120,118,120,120
INM00042937,1973,42,35,38,31,28,34,33,30,37,34,30,36
INM00042937,1974,30,45,44,43,36,49,38,40,29,38,25,29
INM00042937,1975,17,22,29,26,30,34,38,32,25,29,22,20
INM00042937,1976,23,15,34,26,22,23,22,18,7,1,8,14
INM00042937,1977,17,18,22,21,21,22,22,23,22,20,29,24
INM00042937,1978,31,36,29,29,43,44,46,43,43,1,2,0
INM00042937,1979,1,0,0,0,0,0,0,0,0,0,0,0
INM00042937,1983,0,0,0,0,0,0,0,0,8,12,15,13
INM00042937,1984,13,10,17,17,13,10,16,12,10,24,24,8
INM00042937,1985,22,23,24,28,12,20,16,18,15,14,10,16
INM00042937,1986,19,10,16,18,11,3,8,3,8,5,9,14
INM00042937,1987,14,13,14,11,12,4,5,4,8,1,2,12
INM00042937,1988,14,10,3,2,2,2,7,9,5,1,2,6
INM00042937,1989,2,2,0,2,3,0,2,1,2,2,3,5
INM00042937,1990,0,4,2,0,1,0,0,0,0,0,0,0
INM00042937,2007,0,0,0,0,1,0,0,0,0,0,0,0
INM00042937,2009,0,2,0,0,0,0,0,0,0,0,0,0
INM00042937,2015,0,0,0,0,0,0,0,0,0,0,0,49
INM00042937,2016,61,55,59,57,61,60,60,62,58,61,59,59
INM00042937,2017,59,54,62,58,61,58,62,60,60,120,117,118
INM00042937,2018,118,105,122,112,114,114,107,113,101,115,111,110
INM00042937,2019,110,99,103,107,113,112,113,110,107,112,111,113
INM00042937,2020,113,102,119,115,117,102,104,110,106,116,108,118
INM00042937,2021,118,98,113,107,114,109,112,116,108,106,103,115
INM00042937,2022,111,97,109,108,112,101,97,92,76,103,94,98
INM00042937,2023,108,101,114,104,115,114,115,113,116,118,116,116
INM00042937,2024,122,114,119,105,123,117,120,118,118,122,115,118
INM00042937,2025,120,109,113,111,100,108,111,110,103,115,113,109
INM00042937,2026,116,103,0,0,0,0,0,0,0,0,0,0
INM00043011,2002,0,0,1,0,1,0,0,0,0,0,0,0
INM00043011,2003,0,0,0,0,1,0,0,0,0,0,0,0
INM00043011,2016,0,0,0,18,18,33,31,44,36,34,32,46
INM00043011,2017,43,30,28,38,40,19,22,24,20,34,22,29
INM00043011,2018,37,6,20,13,24,19,18,14,23,19,0,1
INM00043011,2019,56,50,47,47,47,40,51,43,38,28,36,50
INM00043011,2020,38,28,39,41,14,33,25,45,39,30,24,23
INM00043011,2021,25,21,21,20,32,40,30,28,16,24,20,16
INM00043011,2022,17,14,12,13,13,0,0,0,0,0,0,0
INM00043011,2023,0,0,29,58,59,54,54,53,54,53,54,54
INM00043011,2024,28,30,29,42,53,48,36,32,53,44,14,37
INM00043011,2025,27,24,45,37,51,42,39,35,39,41,46,31
INM00043011,2026,38,32,0,0,0,0,0,0,0,0,0,0
INI0000VOMM,1776,0,0,0,0,0,0,0,0,0,92,87,77
INI0000VOMM,1777,65,28,62,62,83,71,65,12,13,66,70,60
INI0000VOMM,1778,42,47,48,36,53,0,0,0,0,0,0,0
INI0000VOMM,1875,186,168,186,180,186,180,186,186,180,186,180,186
INI0000VOMM,1876,186,174,186,180,186,180,186,186,180,186,180,186
INI0000VOMM,1877,186,168,186,180,186,180,186,186,180,186,180,186
INI0000VOMM,1878,186,168,186,180,186,180,186,186,180,186,180,186
INI0000VOMM,1884,186,174,186,180,186,180,186,186,180,186,180,186
INI0000VOMM,1889,186,168,186,180,186,180,186,186,180,186,180,186
INI0000VOMM,1890,186,168,186,180,186,180,186,186,180,186,180,186
INI0000VOMM,1944,57,58,60,58,57,56,62,61,60,60,58,61
INI0000VOMM,1945,61,54,61,58,60,56,58,56,60,60,58,60
INI0000VOMM,1946,60,51,61,60,62,59,56,62,60,48,46,61
INI0000VOMM,1947,62,55,62,60,62,60,59,61,60,62,60,62
INI0000VOMM,1948,59,58,62,60,62,58,62,56,60,60,60,62
INI0000VOMM,1954,62,56,62,60,62,60,62,60,60,62,59,60
INI0000VOMM,1955,61,55,61,60,62,60,60,56,60,62,60,62
INI0000VOMM,1956,62,58,62,60,60,60,61,62,60,62,58,61
INI0000VOMM,1957,86,78,83,74,74,68,92,92,92,94,91,95
INI0000VOMM,1958,95,86,93,92,93,90,93,93,93,95,91,95
INI0000VOMM,1959,64,77,78,81,72,67,65,67,65,65,70,66
INI0000VOMM,1960,69,66,77,77,72,67,74,71,72,67,61,69
INI0000VOMM,1961,104,100,145,133,144,133,142,141,134,142,144,143
INI0000VOMM,1962,146,137,149,141,149,146,150,151,145,148,148,147
INI0000VOMM,1963,62,55,62,60,62,59,61,59,58,59,59,61
INI0000VOMM,1973,188,164,189,150,194,174,187,166,158,169,165,181
INI0000VOMM,1974,181,174,180,184,182,172,167,189,177,172,170,169
INI0000VOMM,1975,172,167,183,129,166,164,175,166,156,139,183,153
INI0000VOMM,1976,166,152,190,151,156,152,163,175,159,166,166,162
INI0000VOMM,1977,169,160,193,200,199,184,196,204,198,170,178,190
INI0000VOMM,1978,203,203,238,224,229,212,220,223,201,212,204,198
INI0000VOMM,1979,208,195,209,229,235,219,228,227,221,231,214,221
INI0000VOMM,1980,241,225,239,221,237,225,226,240,221,230,225,241
INI0000VOMM,1981,235,211,234,225,234,227,233,235,222,224,218,231
INI0000VOMM,1982,225,207,232,218,210,207,213,208,212,216,217,228
INI0000VOMM,1983,232,203,233,212,217,231,238,232,235,242,236,212
INI0000VOMM,1984,230,217,239,229,237,222,228,237,232,238,220,237
INI0000VOMM,1985,240,216,239,229,227,222,235,241,232,240,222,235
INI0000VOMM,1986,236,213,235,232,243,221,238,206,223,224,224,226
INI0000VOMM,1987,224,212,233,226,233,227,221,232,220,235,222,236
INI0000VOMM,1988,230,222,232,227,240,225,216,225,205,184,186,224
INI0000VOMM,1989,181,208,230,216,227,223,225,226,202,236,230,233
INI0000VOMM,1990,239,203,235,216,194,220,239,244,221,242,212,230
INI0000VOMM,1991,237,219,224,227,188,211,229,233,220,213,225,236
INI0000VOMM,1992,233,220,180,213,219,211,232,209,218,223,230,209
INI0000VOMM,1993,230,210,239,224,207,225,235,230,220,225,222,221
INI0000VOMM,1994,223,201,241,227,212,207,232,225,225,229,232,242
INI0000VOMM,1995,241,217,231,229,237,213,238,236,218,228,217,237
INI0000VOMM,1996,227,589,643,638,641,583,585,645,573,553,565,595
INI0000VOMM,1997,595,498,612,589,564,508,591,522,519,562,524,497
INI0000VOMM,1998,505,537,576,571,555,541,531,513,511,567,472,554
INI0000VOMM,1999,497,462,521,481,469,430,509,514,497,499,563,582
INI0000VOMM,2000,625,615,651,668,616,580,564,506,541,490,502,525
INI0000VOMM,2001,505,471,513,481,510,616,637,707,628,461,356,395
INI0000VOMM,2002,367,406,394,443,424,346,365,377,377,409,416,428
INI0000VOMM,2003,406,339,415,411,508,717,652,729,793,1020,839,825
INI0000VOMM,2004,794,810,931,944,944,919,962,968,904,907,882,915
INI0000VOMM,2005,918,832,911,904,976,944,953,965,933,918,844,874
INI0000VOMM,2006,905,824,952,914,967,916,966,972,930,926,883,917
INI0000VOMM,2007,906,825,916,922,957,936,956,934,923,908,884,908
INI0000VOMM,2008,927,848,903,906,945,920,955,945,925,928,875,917
INI0000VOMM,2009,931,840,991,1624,1674,1636,1652,1688,1584,1638,1532,1582
INI0000VOMM,2010,1595,1351,1589,1234,1667,1601,1608,1652,1554,1628,1533,1604
INI0000VOMM,2011,1575,1439,1598,1603,1703,1614,1678,1659,1620,1589,1537,1594
INI0000VOMM,2012,1614,1524,1634,1636,1688,1635,1699,1686,1617,1633,1564,1620
INI0000VOMM,2013,1594,1457,1618,1612,1694,1630,1667,1661,1621,1639,1536,1607
INI0000VOMM,2014,1606,1446,1614,1588,1663,1622,1632,1685,1388,1604,1523,1602
INI0000VOMM,2015,1568,1446,1621,1618,1687,1621,1650,1687,1626,1616,1450,1389
INI0000VOMM,2016,1485,1342,1439,1437,1478,1438,1488,1487,1434,1484,1413,1479
INI0000VOMM,2017,1475,1343,1484,1439,1485,1425,1484,1476,1439,1486,1422,1483
INI0000VOMM,2018,1488,1342,1484,1416,1486,1435,1448,1481,1343,1476,1438,1482
INI0000VOMM,2019,1488,1342,1456,1440,1485,1405,1480,1487,1412,1480,1420,1477
INI0000VOMM,2020,1479,1388,1308,738,920,1434,1475,1487,1437,1488,1429,1487
INI0000VOMM,2021,1488,1238,1481,1428,1484,1435,1464,1485,1437,1482,1437,1485
INI0000VOMM,2022,1488,1342,1484,1430,1482,1433,1475,1427,1429,1452,1435,1437
INI0000VOMM,2023,1484,1319,1459,1426,1475,1418,1475,1472,1400,1477,1428,1478
INI0000VOMM,2024,1488,1386,1478,1420,1481,1437,1444,1468,1410,1485,1431,1469
INI0000VOMM,2025,1475,1310,1462,1437,1480,1409,1464,1381,1311,1479,1433,1486
INI0000VOMM,2026,1470,1233,0,0,0,0,0,0,0,0,0,0
INM00042812,2009,0,1,0,0,0,0,0,0,0,0,0,0
INM00042812,2015,0,0,0,0,0,0,0,0,0,0,0,71
INM00042812,2016,93,83,93,94,119,97,92,92,90,95,90,91
INM00042812,2017,91,84,101,109,123,110,93,93,89,95,88,93
INM00042812,2018,92,84,93,86,108,120,121,124,108,120,120,124
INM00042812,2019,124,112,121,120,124,120,123,124,120,124,120,124
INM00042812,2020,123,116,124,120,120,120,123,124,118,124,120,123
INM00042812,2021,124,104,124,119,123,120,124,123,120,124,120,124
INM00042812,2022,125,112,124,120,123,120,124,124,120,122,120,124
INM00042812,2023,124,112,120,119,124,118,123,122,116,125,120,115
INM00042812,2024,122,115,124,108,123,120,124,123,117,124,120,122
INM00042812,2025,124,111,124,119,124,119,123,115,111,124,120,124
INM00042812,2026,123,104,0,0,0,0,0,0,0,0,0,0
INM00043076,2015,0,0,0,0,0,0,0,0,0,0,0,48
INM00043076,2016,59,50,59,56,61,54,61,59,54,61,57,59
INM00043076,2017,61,55,61,55,61,58,53,53,54,54,51,48
INM00043076,2018,54,46,50,51,60,55,49,48,46,49,48,42
INM00043076,2019,51,37,6,39,42,48,47,53,43,2,41,50
INM00043076,2020,55,16,0,0,0,0,0,0,0,0,0,0
INM00043076,2021,0,0,0,0,0,0,0,0,0,1,0,0
INM00043076,2022,0,0,0,0,28,57,60,61,59,58,60,59
INM00043076,2023,62,52,62,58,57,54,60,60,56,59,60,57
INM00043076,2024,57,58,60,52,59,57,59,60,59,60,51,57
INM00043076,2025,61,53,59,57,61,59,58,51,52,58,60,58
INM00043076,2026,60,51,0,0,0,0,0,0,0,0,0,0
INM00042849,2009,0,1,0,0,0,0,0,0,0,0,0,0
INM00042849,2015,0,0,0,0,0,0,0,0,0,0,0,47
INM00042849,2016,61,57,57,57,59,57,61,60,60,61,60,62
INM00042849,2017,61,56,61,59,61,58,62,60,58,61,60,61
INM00042849,2018,59,56,61,59,61,59,60,59,55,59,57,60
INM00042849,2019,59,54,60,60,60,59,60,56,57,54,60,61
INM00042849,2020,61,56,62,58,61,55,60,62,59,62,60,61
INM00042849,2021,59,51,60,56,59,58,59,58,60,62,58,61
INM00042849,2022,62,55,62,59,62,60,61,61,62,60,59,61
INM00042849,2023,62,56,61,60,62,58,63,60,57,61,58,59
INM00042849,2024,62,58,61,53,63,61,60,62,58,62,60,61
INM00042849,2025,62,55,62,60,61,59,61,57,57,62,60,62
INM00042849,2026,62,51,0,0,0,0,0,0,0,0,0,0
INM00042706,2005,0,2,16,45,16,33,26,36,29,23,2,9
INM00042706,2006,6,6,139,191,199,189,193,194,176,206,150,168
INM00042706,2007,190,180,185,190,188,193,193,194,208,225,206,214
INM00042706,2008,216,213,223,226,216,228,226,234,230,244,228,225
INM00042706,2009,233,211,230,229,235,209,235,228,228,235,227,236
INM00042706,2010,237,215,225,220,234,215,216,233,230,243,230,239
INM00042706,2011,238,215,236,223,237,188,242,226,228,241,234,234
INM00042706,2012,246,227,246,239,244,235,246,243,236,244,237,245
INM00042706,2013,243,222,246,237,244,238,250,247,240,247,237,247
INM00042706,2014,246,223,247,238,247,236,245,247,239,248,240,245
INM00042706,2015,246,223,242,237,244,238,247,246,236,247,238,247
INM00042706,2016,248,223,241,239,247,238,247,246,240,247,236,247
INM00042706,2017,246,224,247,237,247,237,247,246,239,248,240,248
INM00042706,2018,248,223,247,237,248,239,248,247,235,244,240,246
INM00042706,2019,248,223,244,240,248,239,246,247,235,245,238,246
INM00042706,2020,247,232,243,239,247,239,246,248,238,248,240,247
INM00042706,2021,248,207,247,240,247,240,248,248,240,248,240,248
INM00042706,2022,248,224,248,240,246,238,248,247,240,243,240,247
INM00042706,2023,247,224,243,240,246,237,247,245,233,246,239,233
INM00042706,2024,247,232,247,214,246,240,245,244,236,247,239,244
INM00042706,2025,246,215,247,238,244,235,245,232,223,246,236,248
INM00042706,2026,242,207,0,0,0,0,0,0,0,0,0,0
INM00043137,1944,112,116,118,118,96,114,122,106,112,124,120,120
INM00043137,1945,124,112,124,120,120,110,116,114,120,114,104,110
INM00043137,1946,122,98,114,114,120,112,106,112,112,94,90,116
INM00043137,1947,112,68,118,118,120,118,114,96,108,106,116,122
INM00043137,1948,122,106,120,116,120,102,122,114,48,0,0,0
INM00043137,2001,0,0,0,0,0,0,0,0,1,0,0,0
INM00043137,2002,0,0,0,0,0,0,0,1,0,0,0,0
INM00043137,2003,1,0,0,0,0,0,0,0,0,0,0,0
INM00043137,2009,0,1,0,0,0,0,0,0,0,0,0,0
INM00043137,2015,0,0,0,0,0,0,0,0,0,0,0,18
INM00043137,2016,26,24,21,55,62,60,58,55,57,60,55,53
INM00043137,2017,54,51,58,59,62,56,60,61,59,60,56,60
INM00043137,2018,63,49,52,53,60,55,54,54,55,60,58,58
INM00043137,2019,57,51,55,55,50,53,59,60,38,14,17,7
INM00043137,2020,10,9,6,5,8,3,4,5,9,6,4,3
INM00043137,2021,4,2,3,2,2,4,0,5,4,2,2,42
INM00043137,2022,61,53,61,59,60,62,61,60,59,57,59,59
INM00043137,2023,62,56,61,46,48,57,61,59,57,61,59,57
INM00043137,2024,61,57,61,54,59,57,59,56,49,62,55,58
INM00043137,2025,58,50,60,56,47,48,57,52,52,60,59,58
INM00043137,2026,56,51,0,0,0,0,0,0,0,0,0,0
INM00042884,1999,0,0,0,0,0,1,0,0,0,0,0,0
INM00042884,2001,0,1,0,0,0,0,0,0,0,0,2,0
INM00042884,2002,0,0,1,0,0,0,0,0,0,1,2,0
INM00042884,2003,0,0,1,0,1,0,1,0,0,0,0,0
INM00042884,2007,0,0,0,0,1,0,0,0,0,0,0,0
INM00043064,1988,0,0,0,0,13,0,1,0,2,2,6,2
INM00043064,1989,1,6,22,15,13,4,7,14,6,12,18,8
INM00043064,1990,12,12,21,14,10,10,7,9,15,9,6,1
INM00043064,1991,3,1,2,2,1,0,0,0,0,0,0,0
INM00043064,2009,0,1,0,0,0,0,0,0,0,0,0,0
INM00043064,2015,0,0,0,0,0,0,0,0,0,0,0,3
INM00043064,2016,0,0,0,0,0,1,0,0,0,0,0,0
INM00042860,1973,39,36,34,28,22,30,33,31,29,28,37,33
INM00042860,1974,37,39,34,37,29,34,33,28,34,31,32,32
INM00042860,1975,32,23,22,25,27,28,32,30,27,31,29,31
INM00042860,1976,28,25,42,25,15,17,19,12,9,7,8,7
INM00042860,1977,17,22,24,23,27,15,11,13,17,24,29,35
INM00042860,1978,35,33,50,41,34,28,40,40,32,0,1,0
INM00042860,1979,1,2,0,1,0,0,0,0,0,0,0,0
INM00042860,1983,0,0,0,0,0,0,0,0,3,5,6,15
INM00042860,1984,4,11,11,14,12,13,16,2,14,11,14,7
INM00042860,1985,18,17,12,12,10,5,8,8,7,7,3,4
INM00042860,1986,5,2,0,5,1,0,2,3,4,2,7,9
INM00042860,1987,10,5,8,3,4,1,3,2,2,0,1,3
INM00042860,1988,8,3,1,1,1,1,0,2,0,0,2,1
INM00042860,1989,1,1,1,1,0,0,0,2,2,1,0,2
INM00042860,1990,0,0,1,0,1,0,0,0,0,0,0,0
INM00042860,2002,0,0,0,0,0,1,0,0,0,0,1,0
INM00042860,2003,0,0,0,0,1,0,0,0,0,0,0,0
INM00042860,2009,0,1,0,0,0,0,0,0,0,0,0,0
INM00042860,2015,0,0,0,0,0,0,0,0,0,0,0,48
INM00042860,2016,61,57,60,57,62,59,60,59,57,58,60,60
INM00042860,2017,61,56,61,60,62,56,60,61,59,62,60,61
INM00042860,2018,62,56,60,58,62,59,61,62,56,61,59,61
INM00042860,2019,62,56,61,60,62,59,60,62,60,62,60,62
INM00042860,2020,62,58,61,60,62,59,61,63,59,62,61,62
INM00042860,2021,62,52,62,60,62,60,61,62,60,62,60,62
INM00042860,2022,62,56,62,60,62,60,62,62,62,61,59,61
INM00042860,2023,61,56,61,60,62,59,63,61,57,62,60,58
INM00042860,2024,62,58,62,54,62,60,59,62,59,62,60,61
INM00042860,2025,62,55,62,60,61,59,61,59,55,62,60,62
INM00042860,2026,62,51,0,0,0,0,0,0,0,0,0,0
INM00042811,2001,0,0,0,0,0,0,0,0,0,1,0,0
INM00042811,2009,0,2,0,0,0,0,0,0,0,0,0,0
INM00042811,2015,0,0,0,0,0,0,0,0,0,0,0,96
INM00042811,2016,121,111,119,120,122,120,121,123,119,124,120,123
INM00042811,2017,121,111,124,118,124,117,122,124,119,123,118,124
INM00042811,2018,123,112,124,118,124,120,120,124,109,119,119,123
INM00042811,2019,124,112,121,120,124,120,124,124,227,247,238,248
INM00042811,2020,248,232,243,227,200,238,247,243,237,247,240,245
INM00042811,2021,248,212,247,238,247,238,248,248,240,248,240,248
INM00042811,2022,248,224,248,237,246,239,245,245,238,240,237,242
INM00042811,2023,245,223,242,236,246,234,247,242,232,241,239,230
INM00042811,2024,246,230,246,212,244,240,242,244,236,247,238,244
INM00042811,2025,247,216,246,237,241,234,245,232,225,246,237,247
INM00042811,2026,243,206,0,0,0,0,0,0,0,0,0,0
INM00042866,1875,124,112,124,120,124,120,124,124,120,124,120,124
INM00042866,1876,124,116,124,120,124,120,124,124,120,124,120,124
INM00042866,1877,124,112,124,120,124,120,124,124,120,124,120,124
INM00042866,1878,124,112,124,120,124,120,124,124,120,124,120,124
INM00042866,1884,124,116,124,120,124,120,124,124,120,124,120,124
INM00042866,1885,62,56,62,60,62,60,62,62,60,62,60,62
INM00042866,1886,62,56,62,60,62,60,62,62,60,62,60,62
INM00042866,1887,62,56,62,60,62,60,62,62,60,62,60,62
INM00042866,1888,62,58,62,60,62,60,62,62,60,62,60,62
INM00042866,1889,124,112,124,120,124,120,124,124,120,124,120,124
INM00042866,1890,124,112,124,120,124,120,124,124,120,124,120,124
INM00042866,1944,57,57,59,58,57,60,62,61,59,60,60,61
INM00042866,1945,58,55,62,59,57,57,57,58,60,62,57,59
INM00042866,1946,62,51,58,60,62,59,55,60,60,48,46,62
INM00042866,1947,62,48,62,60,62,58,59,61,60,61,58,62
INM00042866,1948,61,57,61,60,61,57,61,62,60,60,59,62
INM00042866,1986,0,0,0,0,3,2,3,2,1,1,1,3
INM00042866,1987,0,0,0,0,0,2,1,1,0,0,1,1
INM00042866,1988,0,0,0,0,0,0,0,0,2,0,0,1
INM00042866,1989,0,0,0,0,0,1,0,0,0,0,0,0
INM00042866,2002,0,0,0,0,0,1,0,0,0,0,0,0
INM00042866,2004,0,0,0,0,0,0,0,0,1,0,1,0
INM00042866,2005,1,0,0,0,0,0,0,0,0,0,0,0
INM00042866,2008,0,0,0,0,1,0,0,0,0,0,0,0
INM00042866,2018,0,0,1,0,0,0,0,0,0,0,0,0
INM00042866,2020,0,1,1,0,0,0,0,0,0,0,0,0
INM00042866,2025,0,0,0,1,0,0,0,0,0,0,0,0
INM00043205,1944,116,112,118,114,114,120,124,122,120,122,116,122
INM00043205,1945,122,110,124,118,118,112,116,114,120,122,110,122
INM00043205,1946,124,102,120,106,114,110,106,118,118,96,90,120
INM00043205,1947,116,92,118,116,106,118,120,118,118,124,120,124
INM00043205,1948,120,116,124,116,124,116,124,122,120,118,120,124
INM00043205,1973,40,31,30,19,26,25,33,28,26,28,29,29
INM00043205,1974,36,32,38,33,32,29,30,36,21,18,24,32
INM00043205,1975,27,23,29,18,25,24,26,22,26,25,30,16
INM00043205,1976,26,20,36,24,18,14,15,13,12,9,9,19
INM00043205,1977,28,23,32,23,31,20,22,24,24,31,31,38
INM00043205,1978,38,44,47,40,42,41,46,46,35,0,1,0
INM00043205,1979,0,0,0,1,1,3,4,2,2,0,0,1
INM00043205,1983,0,0,0,0,0,0,0,2,13,20,17,19
INM00043205,1984,19,17,21,29,22,19,19,27,21,28,32,11
INM00043205,1985,24,33,29,24,18,26,17,28,22,23,21,18
INM00043205,1986,29,32,24,23,17,12,17,12,8,9,10,21
INM00043205,1987,24,17,18,13,17,5,5,1,8,4,6,9
INM00043205,1988,22,14,5,2,0,4,8,7,3,1,4,6
INM00043205,1989,1,6,5,3,1,0,5,1,4,4,6,8
INM00043205,1990,3,2,2,2,1,0,2,0,1,0,0,0
INM00043205,1991,1,1,2,0,0,0,0,1,1,0,0,0
INM00043205,1992,3,0,0,0,4,0,5,2,0,0,8,2
INM00043205,1993,0,0,0,1,0,0,3,0,0,0,0,2
INM00043205,1994,0,1,1,1,0,1,1,0,0,0,1,0
INM00043205,1995,0,0,0,0,2,0,0,0,0,0,0,0
INM00043205,1996,1,1,1,0,1,0,0,0,0,0,2,4
INM00043205,1997,3,10,6,0,0,0,0,0,0,0,0,0
INM00043205,2002,0,0,0,0,1,0,0,0,0,0,0,0
INM00043205,2009,0,1,0,0,0,0,0,0,16,0,19,22
INM00043205,2010,25,18,21,27,20,22,20,16,19,22,16,14
INM00043205,2011,24,21,23,22,24,17,25,24,20,23,18,24
INM00043205,2012,25,25,29,26,28,29,27,29,24,29,29,25
INM00043205,2013,28,26,30,28,28,23,27,27,29,29,29,29
INM00043205,2014,29,27,30,25,28,23,21,24,14,0,1,0
INM00043205,2015,7,18,18,18,22,23,14,19,13,14,10,27
INM00043205,2016,20,1,3,7,0,0,0,0,0,0,0,0
INM00043205,2017,10,29,30,41,39,38,34,24,37,26,34,30
INM00043205,2018,16,27,31,28,25,34,38,40,41,25,30,21
INM00043205,2019,31,26,29,32,10,0,0,0,0,0,0,0
INM00042876,2002,0,0,1,0,1,0,0,0,0,0,1,0
INM00042876,2003,0,1,0,0,0,0,0,0,0,0,0,0
INM00042876,2015,0,0,0,0,0,0,0,0,0,0,0,43
INM00042876,2016,59,58,60,60,57,59,61,60,56,47,56,40
INM00042876,2017,38,39,61,58,59,56,59,60,58,61,57,60
INM00042876,2018,57,55,62,58,60,59,61,58,56,60,56,62
INM00042876,2019,61,54,60,59,59,58,60,60,59,62,59,59
INM00042876,2020,61,52,52,37,44,53,58,61,57,45,54,59
INM00042876,2021,58,52,57,60,62,59,57,58,60,62,59,60
INM00042876,2022,62,55,61,59,61,60,59,62,60,61,52,62
INM00042876,2023,63,56,61,60,61,58,60,59,58,60,57,57
INM00042876,2024,62,56,49,52,56,58,53,51,48,60,57,57
INM00042876,2025,52,43,41,25,54,58,62,57,53,59,53,51
INM00042876,2026,58,39,0,0,0,0,0,0,0,0,0,0
INM00043136,1973,14,5,9,8,2,7,11,13,11,10,14,7
INM00043136,1974,11,19,11,5,9,11,13,19,13,10,11,6
INM00043136,1975,10,16,9,6,5,13,15,25,19,15,25,16
INM00043136,1976,27,24,26,24,16,10,17,15,13,3,6,14
INM00043136,1977,22,24,25,18,16,14,23,32,26,29,16,37
INM00043136,1978,31,41,48,45,38,36,39,41,34,0,0,0
INM00043136,1979,0,0,0,0,1,0,1,0,0,0,0,0
INM00043136,1983,0,0,0,0,0,0,0,0,9,18,16,8
INM00043136,1984,10,11,16,20,10,10,16,11,5,13,11,6
INM00043136,1985,12,17,13,10,15,8,10,13,9,11,4,7
INM00043136,1986,7,1,7,9,7,4,9,4,5,6,2,1
INM00043136,1987,5,5,7,6,4,1,0,0,0,0,1,1
INM00043136,1988,1,2,2,0,0,2,0,2,0,2,0,0
INM00043136,1989,0,0,0,0,0,0,1,0,0,0,2,2
INM00043136,1990,1,0,0,0,0,0,0,0,0,0,0,0
INM00043136,2004,0,0,0,0,0,0,1,0,0,0,0,0
INM00043136,2009,0,1,0,0,0,0,0,0,17,18,13,24
INM00043136,2010,20,16,20,21,18,20,17,16,23,20,19,18
INM00043136,2011,14,21,23,24,21,12,25,25,23,25,26,30
INM00043136,2012,27,20,26,21,24,7,25,27,25,25,25,28
INM00043136,2013,26,26,26,23,17,2,0,0,14,10,16,13
INM00043136,2014,16,11,9,8,6,6,14,7,3,13,3,6
INM00043136,2015,13,7,0,0,0,0,0,0,0,13,29,24
INM00043136,2016,25,22,20,37,59,60,58,56,55,60,58,54
INM00043136,2017,53,53,60,57,59,55,62,60,59,62,57,59
INM00043136,2018,63,51,52,54,62,58,58,62,56,61,57,59
INM00043136,2019,62,56,61,58,60,56,59,62,59,63,60,62
INM00043136,2020,62,58,60,60,57,58,60,62,56,61,60,59
INM00043136,2021,61,52,53,44,12,13,17,16,15,7,14,17
INM00043136,2022,19,17,21,21,25,27,28,19,20,23,24,23
INM00043136,2023,22,21,24,19,33,38,40,42,34,44,51,39
INM00043136,2024,37,37,55,48,61,53,53,53,43,52,56,55
INM00043136,2025,50,47,54,56,57,50,58,48,54,57,54,54
INM00043136,2026,46,40,0,0,0,0,0,0,0,0,0,0
INM00043083,1987,0,0,0,0,0,0,0,0,2,1,1,1
INM00043083,1988,1,0,0,0,2,0,1,2,1,0,4,3
INM00043083,1989,0,1,3,1,1,0,1,0,3,2,2,3
INM00043083,1990,2,0,3,0,4,0,2,5,1,2,0,2
INM00043083,1991,1,3,1,1,3,1,3,0,1,0,0,0
INM00043083,1992,1,2,1,2,1,0,1,0,1,0,1,1
INM00043083,1993,0,1,0,1,1,1,2,0,1,1,2,2
INM00043083,1994,2,3,2,0,1,2,4,2,2,2,0,2
INM00043083,1995,1,3,0,1,1,1,2,1,0,2,1,2
INM00043083,1996,0,1,0,1,1,0,0,0,0,1,1,0
INM00043083,1997,1,0,0,2,1,0,0,0,1,1,0,0
INM00043083,1998,0,0,0,2,0,0,2,0,1,1,1,0
INM00043083,1999,0,0,0,1,0,0,0,0,0,0,0,0
INM00043083,2000,0,1,0,0,0,0,0,0,0,0,0,0
INM00043083,2001,0,0,1,1,0,0,0,0,1,0,0,0
INM00043083,2002,0,1,1,0,1,2,0,0,0,1,0,0
INM00043083,2007,0,0,0,0,0,0,0,1,0,0,0,0
INM00043083,2009,0,1,0,0,0,0,0,0,0,0,0,0
INM00043083,2015,0,0,0,0,0,0,0,0,0,0,0,20
INM00043083,2016,28,24,21,54,60,60,58,55,57,61,51,51
INM00043083,2017,46,44,57,58,57,52,60,57,56,59,54,60
INM00043083,2018,60,47,50,53,60,51,29,32,26,22,15,29
INM00043083,2019,30,30,59,54,53,53,59,59,60,62,61,57
INM00043083,2020,62,57,49,57,58,58,62,63,59,62,57,62
INM00043083,2021,62,52,62,58,62,59,62,61,60,60,54,61
INM00043083,2022,62,54,61,60,58,59,61,58,57,57,55,61
INM00043083,2023,61,55,60,50,48,58,56,60,58,61,56,58
INM00043083,2024,61,45,51,41,58,57,55,56,50,62,58,61
INM00043083,2025,60,52,59,59,61,56,61,56,54,59,60,62
INM00043083,2026,61,51,0,0,0,0,0,0,0,0,0,0
INM00042851,1944,114,112,118,116,116,120,122,124,120,122,120,122
INM00042851,1945,120,112,124,120,124,116,114,116,118,122,116,116
INM00042851,1946,124,100,122,120,120,114,120,122,114,94,90,124
INM00042851,1947,114,78,120,112,124,120,116,120,116,124,116,122
INM00042851,1948,124,112,124,120,124,112,124,122,118,120,116,122
INM00042851,1973,46,45,38,44,35,33,40,30,33,32,45,40
INM00042851,1974,38,45,43,42,40,42,45,43,33,37,39,39
INM00042851,1975,36,37,39,34,28,41,44,40,40,30,38,28
INM00042851,1976,32,34,35,32,34,34,36,19,19,9,9,22
INM00042851,1977,31,37,30,29,31,42,34,38,37,37,45,44
INM00042851,1978,46,47,44,39,47,46,44,43,49,0,1,0
INM00042851,1979,0,0,0,0,0,0,1,0,0,0,0,0
INM00042851,1983,0,0,0,0,0,0,0,0,0,24,30,27
INM00042851,1984,23,23,23,30,16,13,31,21,27,31,29,18
INM00042851,1985,29,31,35,30,25,26,35,28,26,26,30,23
INM00042851,1986,25,25,17,29,10,11,15,20,14,14,20,16
INM00042851,1987,19,21,25,13,23,7,8,2,14,2,4,9
INM00042851,1988,12,18,5,5,1,2,4,7,4,2,5,5
INM00042851,1989,1,8,6,6,2,0,1,4,3,5,6,6
INM00042851,1990,6,6,4,5,1,0,0,0,0,0,0,0
INM00042851,2007,0,0,0,0,1,0,0,0,0,0,0,0
INM00042851,2009,0,1,0,0,0,0,0,0,0,0,0,0
INM00042851,2015,0,0,0,0,0,0,0,0,0,0,0,48
INM00042851,2016,60,52,58,60,62,58,58,60,58,62,58,61
INM00042851,2017,59,55,58,59,61,59,61,61,59,61,57,57
INM00042851,2018,58,54,60,56,58,60,58,58,55,55,60,58
INM00042851,2019,58,54,59,57,59,56,58,61,56,62,60,60
INM00042851,2020,62,57,61,59,62,58,61,62,57,60,59,62
INM00042851,2021,61,51,61,58,60,57,60,62,57,57,59,59
INM00042851,2022,59,53,59,57,59,59,62,58,57,60,58,60
INM00042851,2023,58,55,59,57,58,57,57,60,58,61,58,56
INM00042851,2024,57,57,60,53,59,58,59,59,59,60,56,60
INM00042851,2025,59,52,54,59,57,55,56,55,56,60,60,58
INM00042851,2026,58,49,0,0,0,0,0,0,0,0,0,0
INM00043184,2001,0,0,0,0,0,0,0,0,0,0,1,0
INM00043184,2002,0,0,0,0,0,0,1,0,0,0,0,1
INM00043184,2003,0,0,0,1,0,0,0,0,0,0,0,0
INM00043184,2016,1,0,0,0,0,0,0,0,0,0,0,0
INM00043184,2025,0,0,0,1,0,0,0,0,0,0,0,0
INM00042894,2009,0,1,0,0,0,0,0,0,0,0,0,0
INM00042894,2015,0,0,0,0,0,0,0,0,0,0,0,46
INM00042894,2016,50,47,52,53,50,51,47,55,47,19,37,46
INM00042894,2017,52,49,60,50,54,48,53,46,52,50,39,48
INM00042894,2018,50,50,48,50,34,52,49,52,47,54,42,50
INM00042894,2019,51,47,52,49,45,54,62,57,53,56,59,58
INM00042894,2020,50,53,55,55,58,56,57,57,56,58,60,58
INM00042894,2021,60,50,59,60,57,56,57,57,60,58,59,60
INM00042894,2022,53,51,61,55,54,44,48,54,49,52,52,53
INM00042894,2023,55,51,55,55,57,49,48,22,38,51,48,49
INM00042894,2024,52,49,55,51,49,55,51,58,52,50,54,57
INM00042894,2025,56,47,45,47,43,13,41,46,52,57,51,58
INM00042894,2026,55,48,0,0,0,0,0,0,0,0,0,0
INM00042838,1944,58,57,60,57,58,60,61,62,58,60,57,62
INM00042838,1945,62,56,62,60,61,58,58,58,60,60,57,60
INM00042838,1946,62,51,57,60,61,58,55,62,59,48,46,62
INM00042838,1947,61,39,61,56,62,59,59,59,60,61,59,46
INM00042838,1948,62,58,61,59,57,60,62,61,60,60,59,62
INM00042838,1954,62,56,60,59,61,59,61,60,60,62,59,62
INM00042838,1955,61,55,60,60,61,60,60,58,60,62,60,62
INM00042838,1956,60,57,62,60,57,57,61,61,60,61,58,61
INM00042838,1957,54,48,54,54,54,50,42,51,54,44,45,46
INM00042838,1958,57,48,50,49,55,55,51,49,53,56,34,45
INM00042838,1959,49,42,55,57,53,52,56,56,47,44,47,36
INM00042838,1960,42,46,48,49,50,42,22,29,30,26,29,30
INM00042838,1961,30,23,31,24,29,28,30,31,29,30,28,24
INM00042838,1962,39,43,36,47,31,44,47,39,43,45,39,48
INM00042838,1963,61,56,61,58,59,58,58,61,59,60,57,60
INM00042838,1973,25,29,24,20,19,17,19,23,29,24,23,18
INM00042838,1974,26,29,23,29,26,29,30,25,24,25,22,28
INM00042838,1975,30,32,23,28,27,28,29,31,35,36,36,36
INM00042838,1976,27,26,33,35,26,34,33,16,16,11,17,22
INM00042838,1977,34,32,33,30,35,26,23,21,27,37,37,37
INM00042838,1978,50,43,44,47,50,49,38,48,41,0,2,0
INM00042838,1979,0,0,1,1,1,3,1,1,0,0,0,2
INM00042838,1980,0,1,0,0,0,0,0,0,0,0,0,0
INM00042838,1983,0,0,0,0,0,0,0,0,0,24,21,25
INM00042838,1984,23,31,26,30,20,17,23,19,31,35,35,24
INM00042838,1985,30,27,37,23,22,28,22,33,25,33,42,30
INM00042838,1986,34,34,34,31,25,23,22,20,21,17,14,30
INM00042838,1987,37,32,29,15,23,13,12,9,17,4,17,18
INM00042838,1988,29,19,10,1,4,6,12,9,11,6,10,11
INM00042838,1989,8,20,12,22,23,9,15,12,8,13,19,22
INM00042838,1990,23,15,12,12,11,8,15,7,0,4,6,5
INM00042838,1991,12,11,5,4,5,2,1,3,2,3,0,2
INM00042838,1992,0,0,1,0,9,3,2,2,3,1,2,1
INM00042838,1993,0,1,0,1,0,0,0,0,1,0,0,0
INM00042838,1994,1,0,0,1,0,0,0,0,0,0,0,0
INM00042838,1995,2,0,1,0,0,1,1,0,0,1,0,1
INM00042838,1996,0,0,1,0,3,0,0,0,0,0,0,1
INM00042838,1997,2,0,0,1,0,0,0,0,0,0,0,0
INM00042838,2003,0,0,0,0,0,0,1,0,0,0,0,0
INM00042838,2007,0,0,0,0,1,0,0,0,0,0,0,0
INM00042838,2009,0,2,0,0,0,0,0,0,0,0,0,0
INM00042838,2011,0,0,0,0,0,0,1,0,0,0,0,0
INM00042838,2015,0,0,0,0,0,0,0,0,0,0,0,97
INM00042838,2016,123,114,121,120,124,120,123,124,120,123,120,124
INM00042838,2017,120,112,124,120,124,117,123,123,120,123,118,122
INM00042838,2018,124,112,124,119,124,120,120,122,111,122,120,124
INM00042838,2019,123,112,123,120,124,120,124,124,119,124,120,123
INM00042838,2020,124,116,124,119,124,120,124,124,119,124,120,124
INM00042838,2021,124,104,124,119,122,118,124,124,120,124,120,124
INM00042838,2022,124,112,124,119,123,117,123,124,119,123,121,124
INM00042838,2023,124,112,122,120,124,119,123,121,117,124,121,114
INM00042838,2024,124,116,123,107,123,120,118,123,118,124,120,122
INM00042838,2025,122,111,123,120,122,119,122,114,111,124,120,124
INM00042838,2026,123,100,0,0,0,0,0,0,0,0,0,0
INM00042874,1944,56,58,60,60,57,59,61,61,59,61,59,60
INM00042874,1945,60,53,61,60,57,58,58,58,60,62,58,60
INM00042874,1946,62,51,61,59,60,59,53,62,60,46,45,58
INM00042874,1947,61,49,62,60,60,55,60,60,60,62,59,59
INM00042874,1948,60,55,61,59,61,56,61,62,59,58,60,59
INM00042874,1954,60,56,62,60,60,60,60,58,60,62,60,62
INM00042874,1955,62,55,61,60,60,58,60,58,60,62,60,62
INM00042874,1956,62,58,62,60,60,60,62,60,60,60,59,60
INM00042874,1957,79,76,76,67,66,65,141,147,145,145,139,141
INM00042874,1958,145,128,146,141,148,144,138,143,142,146,134,137
INM00042874,1959,68,65,75,78,60,62,65,67,65,60,54,68
INM00042874,1960,60,62,63,71,63,63,54,54,52,58,52,58
INM00042874,1961,84,88,134,116,124,119,121,124,131,132,127,129
INM00042874,1962,142,132,140,134,139,135,144,152,140,142,137,141
INM00042874,1963,60,56,59,58,59,58,59,60,59,61,59,59
INM00042874,1996,0,0,0,0,0,0,172,191,201,217,169,179
INM00042874,1997,114,180,189,142,173,70,174,16,21,12,30,196
INM00042874,1998,161,162,162,149,45,93,156,170,190,198,200,192
INM00042874,1999,186,182,195,175,194,197,189,150,206,179,191,106
INM00042874,2000,36,175,167,181,200,185,184,194,177,177,181,194
INM00042874,2001,211,201,232,217,220,201,136,135,201,217,216,180
INM00042874,2002,209,200,214,223,137,194,221,191,188,226,208,206
INM00042874,2003,243,211,225,222,236,215,234,219,208,220,223,239
INM00042874,2004,233,216,241,228,227,228,227,216,225,229,220,232
INM00042874,2005,224,220,237,237,234,210,215,234,225,233,224,226
INM00042874,2006,210,176,221,227,232,219,233,229,218,224,224,222
INM00042874,2007,228,208,231,215,211,221,226,235,229,231,232,234
INM00042874,2008,232,218,237,227,242,239,230,241,229,244,233,230
INM00042874,2009,242,223,244,238,241,210,246,225,229,227,223,242
INM00042874,2010,232,220,243,238,245,235,234,244,237,246,237,240
INM00042874,2011,239,224,244,238,242,198,244,240,233,238,227,230
INM00042874,2012,229,207,223,230,234,229,241,231,227,243,237,244
INM00042874,2013,246,215,243,236,234,236,248,244,238,246,238,245
INM00042874,2014,246,223,248,238,247,237,244,246,240,246,238,247
INM00042874,2015,247,224,247,239,247,238,248,247,238,247,239,247
INM00042874,2016,248,230,245,239,248,240,248,248,239,248,239,248
INM00042874,2017,248,223,248,240,248,238,248,247,165,155,150,155
INM00042874,2018,155,140,155,149,157,152,155,157,149,153,151,155
INM00042874,2019,156,140,151,239,248,240,248,248,240,247,238,248
INM00042874,2020,247,232,248,239,248,238,248,247,238,248,236,248
INM00042874,2021,248,215,248,240,248,240,248,248,239,248,240,248
INM00042874,2022,248,224,247,240,248,239,248,242,239,241,240,246
INM00042874,2023,246,224,245,236,245,237,247,245,233,247,238,235
INM00042874,2024,247,230,247,215,246,237,242,245,234,246,237,244
INM00042874,2025,246,219,248,239,249,237,243,230,225,245,240,248
INM00042874,2026,242,206,0,0,0,0,0,0,0,0,0,0
INM00042900,2002,0,0,1,0,1,0,0,0,0,0,0,0
INM00042900,2015,0,0,0,0,0,0,0,0,0,0,0,48
INM00042900,2016,56,52,60,54,56,56,61,58,54,58,56,57
INM00042900,2017,55,52,57,56,58,54,59,61,56,55,57,59
INM00042900,2018,59,48,55,49,58,52,55,56,53,49,42,52
INM00042900,2019,54,53,52,57,57,49,57,55,51,55,53,50
INM00042900,2020,53,33,45,32,49,48,51,53,52,54,54,60
INM00042900,2021,58,50,60,58,61,56,57,60,60,62,59,61
INM00042900,2022,62,56,62,60,60,60,62,62,60,58,60,61
INM00042900,2023,60,56,61,58,62,59,60,61,56,57,60,56
INM00042900,2024,61,58,62,54,62,60,60,61,56,58,55,59
INM00042900,2025,62,55,61,59,62,58,58,56,54,61,59,60
INM00042900,2026,49,49,0,0,0,0,0,0,0,0,0,0
INM00042903,1944,100,86,98,96,88,116,102,114,112,106,110,114
INM00042903,1945,120,110,110,116,110,102,110,108,108,104,110,98
INM00042903,1946,116,88,90,118,90,116,64,82,92,68,90,114
INM00042903,1947,96,100,108,104,110,110,110,124,108,104,120,116
INM00042903,1948,120,116,124,112,104,120,122,118,114,114,116,124
INM00042903,1973,39,28,22,23,18,24,19,21,23,17,21,15
INM00042903,1974,16,16,17,6,4,10,12,13,15,4,2,2
INM00042903,1975,9,9,5,2,1,3,5,3,7,8,7,5
INM00042903,1976,14,8,14,9,8,2,7,13,8,1,3,13
INM00042903,1977,10,23,26,23,24,26,19,24,23,23,24,19
INM00042903,1978,25,29,30,18,22,17,28,12,10,1,0,0
INM00042903,1979,1,0,0,0,2,2,0,1,2,1,0,0
INM00042903,1980,0,0,1,0,0,0,0,0,0,0,0,0
INM00042903,1986,0,0,11,8,1,2,0,0,0,0,0,0
INM00042903,2002,0,0,1,0,0,0,0,0,0,0,0,0
INM00042903,2020,0,0,6,0,0,0,0,5,15,14,8,10
INM00042903,2021,11,10,12,16,17,0,1,0,2,20,14,18
INM00042903,2022,18,18,20,21,9,18,9,0,0,0,1,0
INM00042903,2023,18,21,16,14,21,16,21,15,16,14,16,16
INM00042903,2024,2,20,57,53,60,58,53,58,56,50,53,57
INM00042903,2025,61,53,59,54,27,46,44,57,52,56,55,53
INM00042903,2026,48,49,0,0,0,0,0,0,0,0,0,0
INM00043133,1977,0,0,0,0,0,0,0,0,0,1,1,0
INM00043133,1978,0,0,1,0,0,0,1,0,0,0,0,0
INM00043133,2002,0,0,1,0,1,1,1,0,2,0,0,0
INM00043133,2003,0,0,1,0,0,0,0,0,0,0,0,0
INM00043133,2009,0,1,0,0,0,0,0,0,0,0,0,0
INM00043133,2013,0,0,0,0,0,0,1,0,0,0,0,0
INM00043133,2015,0,0,0,0,0,0,0,0,0,0,0,16
INM00043133,2016,26,24,30,57,58,55,56,41,43,39,33,43
INM00043133,2017,32,33,57,54,55,49,43,60,57,58,29,31
INM00043133,2018,28,23,31,28,32,36,26,31,26,28,31,29
INM00043133,2019,32,22,34,44,39,26,30,27,32,31,26,25
INM00043133,2020,31,27,21,28,28,30,30,32,30,30,30,30
INM00043133,2021,31,27,42,59,61,59,63,61,60,60,55,61
INM00043133,2022,62,54,61,60,61,59,60,58,56,57,53,59
INM00043133,2023,62,54,60,48,51,56,58,61,55,62,59,58
INM00043133,2024,61,50,49,42,54,57,59,56,51,62,57,59
INM00043133,2025,60,55,58,59,62,58,61,56,55,63,60,61
INM00043133,2026,60,51,0,0,0,0,0,0,0,0,0,0
INM00042915,2003,0,0,0,0,1,0,0,0,0,0,0,0
INM00042915,2009,0,1,0,0,0,0,0,0,0,0,0,0
INM00042915,2015,0,0,0,0,0,0,0,0,0,0,0,47
INM00042915,2016,60,53,58,59,53,60,62,61,60,62,57,62
INM00042915,2017,59,56,61,60,61,57,62,60,60,54,57,61
INM00042915,2018,62,56,62,59,62,60,61,61,54,60,58,62
INM00042915,2019,62,56,61,54,61,60,62,62,60,62,60,61
INM00042915,2020,13,0,0,0,0,0,0,11,57,57,59,63
INM00042915,2021,61,51,61,60,61,60,60,60,59,62,60,62
INM00042915,2022,62,56,61,60,60,59,60,60,60,58,57,61
INM00042915,2023,57,49,44,29,52,55,58,59,56,59,51,50
INM00042915,2024,52,53,56,50,53,53,53,49,30,0,0,0
INM00042891,2001,0,0,0,0,0,0,0,0,1,0,0,0
INM00042891,2002,0,0,0,0,0,0,0,0,0,0,0,1
INM00042891,2009,0,2,0,0,0,0,0,0,0,0,0,0
INM00042891,2011,0,0,0,0,0,0,1,0,0,0,0,0
INM00042891,2015,0,0,0,0,0,0,0,0,0,0,0,96
INM00042891,2016,124,112,120,121,131,120,124,123,120,124,120,123
INM00042891,2017,122,112,124,120,124,117,124,124,120,124,118,124
INM00042891,2018,124,112,124,116,124,120,120,124,112,128,120,124
INM00042891,2019,125,112,123,120,123,120,124,124,119,124,120,124
INM00042891,2020,124,115,121,120,124,120,123,124,118,124,120,124
INM00042891,2021,124,105,124,120,128,120,124,124,124,124,120,124
INM00042891,2022,124,112,124,120,124,120,122,124,120,123,120,122
INM00042891,2023,124,112,122,121,124,118,123,122,118,123,120,116
INM00042891,2024,123,115,124,108,123,120,122,124,120,124,121,153
INM00042891,2025,153,139,154,150,155,148,153,145,137,155,150,155
INM00042891,2026,155,130,0,0,0,0,0,0,0,0,0,0
INM00043069,1984,0,1,1,1,3,2,0,2,1,0,0,1
INM00043069,1985,2,0,2,6,1,0,2,0,2,1,3,6
INM00043069,1986,4,2,3,10,6,1,3,1,3,4,0,2
INM00043069,1987,1,1,0,1,3,1,0,1,0,1,1,0
INM00043069,1988,2,0,2,0,1,0,1,2,1,1,0,0
INM00043069,1989,1,2,3,1,1,0,2,1,0,1,0,1
INM00043069,1990,0,0,0,1,1,2,2,2,1,1,0,1
INM00043069,1991,1,1,0,0,0,0,0,0,0,0,0,0
INM00043069,2001,0,0,0,0,0,0,0,0,0,0,2,0
INM00043069,2002,0,0,0,0,1,0,0,0,0,0,0,0
INM00043069,2018,0,0,0,0,27,36,44,38,41,39,34,43
INM00043069,2019,55,46,51,54,54,56,58,60,54,55,53,59
INM00043069,2020,58,56,41,0,52,56,59,60,59,55,59,58
INM00043069,2021,55,49,53,52,15,42,41,39,43,47,43,43
INM00043069,2022,44,46,38,52,49,51,47,50,48,48,49,51
INM00043069,2023,55,43,49,51,52,45,53,49,42,50,45,49
INM00043069,2024,48,47,52,45,48,47,51,52,48,52,48,50
INM00043069,2025,51,43,48,37,41,48,50,45,39,50,52,54
INM00043069,2026,52,45,0,0,0,0,0,0,0,0,0,0
INM00042830,1973,33,28,35,30,28,28,35,29,24,33,28,24
INM00042830,1974,33,38,38,42,30,37,38,25,25,29,26,30
INM00042830,1975,31,29,33,32,30,33,35,37,37,23,38,26
INM00042830,1976,29,26,35,25,42,33,37,18,17,8,16,23
INM00042830,1977,28,34,35,28,33,34,21,28,23,33,38,46
INM00042830,1978,46,45,42,36,46,43,44,43,48,0,2,1
INM00042830,1979,0,1,0,0,0,0,2,0,0,0,0,0
INM00042830,1980,1,0,0,0,0,0,0,0,0,0,0,0
INM00042830,1983,0,0,0,0,0,0,0,0,14,23,22,17
INM00042830,1984,29,28,20,20,15,17,15,18,30,26,22,10
INM00042830,1985,35,22,27,19,19,22,21,21,33,33,24,24
INM00042830,1986,34,18,23,25,18,8,14,14,12,11,15,18
INM00042830,1987,18,20,20,13,15,11,10,2,13,3,9,10
INM00042830,1988,30,12,8,3,1,6,16,10,5,2,5,15
INM00042830,1989,5,16,10,15,9,3,8,7,4,13,10,18
INM00042830,1990,12,8,6,6,5,6,4,4,0,1,6,6
INM00042830,1991,14,4,5,1,0,0,0,0,0,0,0,0
INM00042830,2002,0,0,1,0,0,0,0,0,0,0,0,0
INM00042830,2007,0,0,0,0,1,0,0,0,0,1,0,0
INM00042830,2008,0,2,0,0,0,0,0,0,0,0,0,0
INM00042830,2009,0,4,0,0,0,0,0,0,0,0,0,0
INM00042830,2011,0,0,0,0,0,0,1,0,0,0,0,0
INM00042830,2013,0,0,2,1,0,2,0,0,0,0,0,0
INM00042830,2015,0,0,0,0,0,0,0,0,0,0,0,195
INM00042830,2016,246,228,246,238,248,240,245,247,240,248,237,248
INM00042830,2017,242,224,248,239,248,234,247,245,240,247,237,244
INM00042830,2018,248,224,248,236,248,240,243,247,221,244,239,247
INM00042830,2019,246,223,243,240,246,240,248,248,238,247,238,248
INM00042830,2020,247,231,247,239,248,238,247,248,233,248,240,247
INM00042830,2021,248,212,248,239,244,238,245,246,240,247,239,248
INM00042830,2022,248,222,248,238,246,239,248,244,240,242,239,246
INM00042830,2023,248,219,243,237,247,233,246,242,231,245,233,228
INM00042830,2024,247,229,246,215,245,239,239,244,234,247,238,245
INM00042830,2025,245,219,246,240,247,237,243,229,223,241,236,247
INM00042830,2026,243,205,0,0,0,0,0,0,0,0,0,0
INM00043227,2015,0,0,0,0,0,0,0,0,0,0,0,20
INM00043227,2016,23,18,24,23,30,24,26,29,26,29,26,28
INM00043227,2017,29,26,30,30,30,27,30,24,30,52,54,48
INM00043227,2018,52,47,56,49,40,51,48,51,42,32,40,16
INM00043227,2019,18,18,19,16,23,12,22,26,19,20,21,14
INM00043227,2020,24,22,9,2,8,4,2,9,3,3,2,7
INM00043227,2021,8,15,10,9,11,31,21,17,26,24,7,6
INM00043227,2022,16,16,22,14,14,7,16,11,13,13,12,13
INM00043227,2023,11,9,12,11,15,15,15,19,11,18,23,23
INM00043227,2024,17,23,23,20,16,12,17,7,1,7,2,3
INM00043227,2025,8,30,48,51,42,39,42,49,45,47,41,47
INM00043227,2026,42,36,0,0,0,0,0,0,0,0,0,0
INM00043093,1989,0,0,0,0,1,1,0,2,0,1,1,0
INM00043093,1990,1,0,0,0,0,0,0,0,0,0,0,0
INM00043093,2016,1,0,0,0,1,0,0,0,0,0,0,0
INM00043093,2019,0,0,1,0,0,0,0,0,0,0,0,0
INM00043093,2020,0,1,0,0,0,0,0,0,0,0,0,0
INM00043093,2021,0,0,0,0,0,0,0,0,0,0,0,1
INM00043093,2022,0,0,1,0,0,0,0,0,0,0,0,0
INM00043093,2025,0,4,0,0,0,0,0,0,0,0,0,0
INM00042916,1978,1,1,2,1,0,0,1,0,1,0,0,0
INM00042916,1979,0,1,0,2,0,0,0,0,0,0,0,0
INM00042916,2007,0,0,0,0,1,0,0,0,0,0,0,0
INM00042916,2016,0,1,0,0,0,0,0,0,0,0,1,0
INM00042916,2017,0,0,9,5,0,0,0,0,0,0,0,0
INM00042916,2021,0,1,0,0,0,2,46,57,54,58,60,59
INM00042916,2022,60,56,61,56,59,59,55,59,59,59,58,60
INM00042916,2023,60,54,57,53,62,54,60,58,56,61,58,54
INM00042916,2024,60,57,62,54,61,59,51,59,57,61,60,59
INM00042916,2025,59,54,61,60,60,59,56,57,54,61,60,60
INM00042916,2026,62,51,0,0,0,0,0,0,0,0,0,0
INM00043296,1954,62,55,62,60,62,60,61,60,59,61,59,61
INM00043296,1955,62,55,61,60,62,60,60,58,60,61,60,62
INM00043296,1956,62,58,62,59,59,60,62,60,60,62,58,60
INM00043296,1957,57,54,58,49,51,48,92,92,90,93,89,92
INM00043296,1958,93,82,92,83,89,90,92,90,89,92,88,92
INM00043296,1959,49,52,55,47,44,44,43,36,37,41,41,47
INM00043296,1960,47,49,59,55,47,64,66,67,62,62,55,69
INM00043296,1961,105,96,141,129,132,122,133,141,137,142,135,140
INM00043296,1962,150,138,148,142,145,142,138,146,138,137,142,136
INM00043296,1963,62,53,62,58,60,59,55,59,58,60,59,61
INM00043296,2005,0,0,0,0,471,1040,911,988,918,853,908,952
INM00043296,2006,1007,979,1047,1047,1062,1010,1048,1133,1051,1094,1071,982
INM00043296,2007,1006,976,1088,1015,1093,1117,1124,1061,1070,1098,1113,1106
INM00043296,2008,1114,1030,1063,1052,636,3,1,0,0,0,0,0
INM00043296,2009,0,1,0,0,0,3,0,0,0,2,1,0
INM00043296,2010,1,0,0,0,0,0,0,0,0,0,0,0
INM00043296,2013,0,1,0,0,0,0,0,0,0,0,0,0
INM00043296,2015,0,0,0,0,0,0,0,0,0,1,0,695
INM00043296,2016,944,730,856,838,936,892,942,943,912,949,849,947
INM00043296,2017,933,868,958,931,955,905,956,952,891,950,914,900
INM00043296,2018,881,822,916,900,944,919,860,937,846,938,916,937
INM00043296,2019,959,850,917,865,937,885,929,949,869,902,890,930
INM00043296,2020,945,875,844,742,886,905,902,935,905,867,913,952
INM00043296,2021,894,793,932,891,768,823,938,906,920,951,925,957
INM00043296,2022,859,833,904,918,926,890,801,803,907,921,927,931
INM00043296,2023,958,843,918,476,607,852,1174,1422,1359,1450,1349,1319
INM00043296,2024,1364,1293,1413,1170,1428,1370,1367,1451,1267,1336,1370,1407
INM00043296,2025,1447,1249,1403,1401,1328,1322,1391,1353,1243,1443,1389,1427
INM00043296,2026,1367,1191,0,0,0,0,0,0,0,0,0,0
INM00042883,1944,114,114,116,112,100,112,112,120,116,118,114,120
INM00042883,1945,122,112,112,120,116,108,110,114,116,124,114,114
INM00042883,1946,114,96,116,112,110,104,84,54,108,90,86,122
INM00042883,1947,122,86,110,120,122,120,120,122,116,124,120,124
INM00042883,1948,120,110,120,116,104,116,118,116,120,120,118,118
INM00042883,1973,12,4,16,4,2,3,3,7,4,5,5,6
INM00042883,1974,3,4,4,2,2,1,0,3,0,0,0,0
INM00042883,1977,0,0,0,0,29,25,32,31,29,30,34,37
INM00042883,1978,38,41,37,31,45,39,42,36,22,1,0,0
INM00042883,1979,1,0,1,1,1,1,1,0,1,0,0,0
INM00042883,1983,0,0,0,0,0,0,0,0,4,5,10,12
INM00042883,1984,10,12,9,20,6,5,9,11,8,8,14,7
INM00042883,1985,16,14,17,13,11,10,13,10,14,10,13,15
INM00042883,1986,11,14,10,9,6,6,12,8,7,7,9,12
INM00042883,1987,9,11,11,9,5,3,0,2,7,2,5,5
INM00042883,1988,9,7,3,0,3,4,6,1,0,1,1,0
INM00042883,1989,1,2,1,1,1,1,0,3,1,3,4,4
INM00042883,1990,1,1,1,1,1,0,0,0,0,0,0,0
INM00042883,2001,0,0,0,0,0,0,0,0,0,0,0,1
INM00042883,2002,0,0,1,0,0,1,0,0,0,0,0,1
INM00042883,2009,0,1,0,0,0,0,0,0,0,0,0,0
INM00042883,2015,0,0,0,0,0,0,0,0,0,0,0,96
INM00042883,2016,124,111,120,121,124,120,124,124,120,124,120,124
INM00042883,2017,122,112,124,120,124,118,124,124,118,123,118,124
INM00042883,2018,124,112,124,118,124,120,120,124,114,127,120,124
INM00042883,2019,125,112,123,120,124,150,155,155,148,155,150,155
INM00042883,2020,155,144,152,150,153,150,154,154,148,150,122,124
INM00042883,2021,120,103,124,120,123,119,124,123,124,124,120,124
INM00042883,2022,124,112,124,120,123,120,118,124,120,123,120,122
INM00042883,2023,123,112,121,120,124,118,124,123,119,123,117,117
INM00042883,2024,123,116,124,108,123,120,122,124,120,124,120,122
INM00042883,2025,122,111,123,120,124,119,123,116,109,124,120,124
INM00042883,2026,124,104,0,0,0,0,0,0,0,0,0,0
INM00042943,1973,37,34,37,33,36,37,38,32,39,28,40,34
INM00042943,1974,40,43,46,40,38,40,34,40,33,33,36,37
INM00042943,1975,34,31,32,29,31,30,38,37,32,31,27,29
INM00042943,1976,27,18,40,27,19,28,24,17,10,4,9,22
INM00042943,1977,31,26,25,24,30,31,24,22,24,32,32,34
INM00042943,1978,38,40,50,42,48,39,43,42,44,1,1,0
INM00042943,1979,1,0,2,0,0,0,0,0,0,0,0,0
INM00042943,1983,0,0,0,0,0,0,0,0,13,23,16,21
INM00042943,1984,21,23,22,26,24,21,29,25,30,32,34,15
INM00042943,1985,31,23,33,27,18,26,18,26,24,27,21,16
INM00042943,1986,31,20,21,23,12,13,13,21,18,11,21,22
INM00042943,1987,19,27,23,17,25,14,9,5,10,2,5,13
INM00042943,1988,28,20,7,1,3,7,10,11,8,1,4,9
INM00042943,1989,1,8,3,7,6,1,2,4,3,3,4,5
INM00042943,1990,2,4,0,0,0,0,0,0,0,0,0,0
INM00042943,2002,0,0,0,1,0,0,0,0,0,0,1,0
INM00042943,2009,0,1,0,0,0,0,0,0,0,0,0,0
INM00042943,2015,0,0,0,0,0,0,0,0,0,0,0,49
INM00042943,2016,62,58,60,60,62,60,62,62,59,62,60,62
INM00042943,2017,61,56,62,59,61,58,62,62,60,60,60,62
INM00042943,2018,63,56,62,57,62,60,61,62,56,61,60,61
INM00042943,2019,62,56,60,60,62,60,62,62,39,37,28,16
INM00042943,2020,20,14,2,0,0,0,0,0,0,0,0,0
INM00042943,2021,0,0,0,0,0,0,0,1,0,0,0,0
INM00042943,2022,0,0,0,1,0,0,0,1,1,0,1,51
INM00042943,2023,59,55,56,55,58,57,62,58,57,57,56,57
INM00042943,2024,59,53,56,53,62,60,59,60,59,60,59,61
INM00042943,2025,61,55,55,52,56,54,59,56,52,55,55,54
INM00042943,2026,61,50,0,0,0,0,0,0,0,0,0,0
INM00043067,1944,58,58,60,59,58,60,62,61,60,62,60,60
INM00043067,1945,62,55,60,59,62,58,58,58,60,62,58,59
INM00043067,1946,62,51,61,60,62,60,56,61,60,48,46,62
INM00043067,1947,61,37,62,59,62,59,60,61,57,62,60,60
INM00043067,1948,62,56,62,59,61,58,62,62,59,59,58,61
INM00043067,1954,62,56,62,60,62,60,62,60,60,62,60,62
INM00043067,1955,62,55,61,59,62,60,60,57,60,62,60,62
INM00043067,1956,62,58,62,60,60,59,62,62,60,62,60,61
INM00043067,1957,82,74,84,82,79,64,141,144,145,150,147,144
INM00043067,1958,147,134,148,141,146,142,148,145,147,148,133,135
INM00043067,1959,66,69,80,77,70,70,69,67,64,66,65,60
INM00043067,1960,66,68,75,70,68,63,75,73,67,72,58,67
INM00043067,1961,98,85,136,123,121,119,126,134,128,145,141,139
INM00043067,1962,151,136,147,137,143,142,152,148,138,144,138,144
INM00043067,1963,61,56,62,60,61,60,61,62,60,61,59,61
INM00043067,2004,0,0,0,0,0,0,0,0,0,0,1,0
INM00043067,2018,0,0,0,0,0,0,1,0,0,0,0,0
INM00043067,2023,0,0,0,0,0,0,0,0,0,0,0,9
INM00043067,2024,12,16,17,12,15,19,13,4,1,1,12,20
INM00043067,2025,14,17,15,12,15,28,19,8,10,11,10,11
INM00043067,2026,14,2,0,0,0,0,0,0,0,0,0,0
INM00042946,1983,0,0,0,0,0,0,0,0,0,1,1,0
INM00042946,1984,1,0,1,0,0,0,1,0,0,0,0,0
INM00042946,2007,0,0,0,0,1,0,0,0,0,0,0,0
INM00042946,2009,0,2,0,0,0,0,0,0,0,0,0,0
INM00042946,2015,0,0,0,0,0,0,0,0,0,0,0,50
INM00042946,2016,62,56,58,60,61,59,61,60,59,60,57,61
INM00042946,2017,58,54,60,60,59,56,59,59,56,90,118,116
INM00042946,2018,120,111,120,115,114,116,101,119,102,115,110,112
INM00042946,2019,117,103,114,111,107,91,109,106,71,54,44,26
INM00042946,2020,35,22,29,27,28,18,21,20,22,23,26,21
INM00042946,2021,22,13,10,17,21,19,5,13,11,12,15,66
INM00042946,2022,92,93,96,96,93,97,76,89,67,97,95,101
INM00042946,2023,113,99,116,111,111,107,114,114,109,118,118,116
INM00042946,2024,122,71,113,103,120,114,114,120,116,114,118,119
INM00042946,2025,120,110,113,83,115,109,114,108,101,112,112,109
INM00042946,2026,116,102,0,0,0,0,0,0,0,0,0,0
INM00043153,1946,0,0,0,0,0,0,0,59,57,43,46,58
INM00043153,1947,59,56,61,59,61,59,55,60,60,61,59,60
INM00043153,1948,61,57,62,59,61,52,59,61,52,58,54,61
INM00043153,1973,41,42,38,43,31,25,33,31,29,27,32,22
INM00043153,1974,41,38,35,31,33,21,15,27,22,24,25,35
INM00043153,1975,35,30,36,26,25,16,24,28,23,23,25,20
INM00043153,1976,31,23,23,30,32,28,30,17,10,3,7,21
INM00043153,1977,33,33,33,25,35,21,30,36,25,40,39,40
INM00043153,1978,47,45,45,41,45,36,42,39,44,0,0,0
INM00043153,1979,0,0,1,0,1,0,3,0,0,0,0,0
INM00043153,1983,0,0,0,0,0,0,0,0,10,26,29,27
INM00043153,1984,33,21,29,24,24,17,0,2,0,1,0,1
INM00043153,1985,1,9,27,25,23,21,25,32,23,25,19,22
INM00043153,1986,27,25,23,11,1,1,1,0,0,0,0,0
INM00042931,1973,34,29,30,29,29,38,35,27,25,26,37,27
INM00042931,1974,33,31,34,27,33,38,32,32,20,26,32,33
INM00042931,1975,33,22,30,19,25,28,27,41,32,34,25,33
INM00042931,1976,28,28,40,31,22,23,24,14,8,4,5,18
INM00042931,1977,26,27,23,27,31,23,20,24,23,31,33,35
INM00042931,1978,48,40,48,44,45,40,47,43,41,0,1,1
INM00042931,1979,0,1,2,0,1,0,3,2,2,0,1,1
INM00042931,1980,4,3,0,0,0,1,2,0,1,0,2,2
INM00042931,1981,2,2,2,1,0,1,0,0,0,0,0,0
INM00042931,1983,0,0,0,0,0,0,0,0,9,21,11,18
INM00042931,1984,16,17,18,21,19,19,28,30,25,34,29,8
INM00042931,1985,27,24,27,26,17,26,19,21,25,21,11,18
INM00042931,1986,20,17,16,12,11,4,15,14,10,13,17,26
INM00042931,1987,28,24,22,12,18,9,11,6,13,2,6,10
INM00042931,1988,22,17,4,2,2,3,9,8,10,0,1,4
INM00042931,1989,1,4,4,8,5,1,3,2,4,4,4,6
INM00042931,1990,5,5,0,1,1,0,0,0,0,0,0,0
INM00042931,2015,0,0,0,0,0,0,0,0,0,0,0,49
INM00042931,2016,62,57,59,60,62,60,62,62,60,62,59,62
INM00042931,2017,61,56,62,60,61,58,62,62,60,90,113,119
INM00042931,2018,117,103,118,108,113,110,109,122,109,122,112,118
INM00042931,2019,119,111,117,110,122,116,117,120,115,123,119,121
INM00042931,2020,121,114,118,112,119,114,115,118,109,112,111,119
INM00042931,2021,120,99,118,117,120,108,122,113,116,115,115,120
INM00042931,2022,115,103,113,116,110,106,97,91,68,99,95,100
INM00042931,2023,113,103,120,115,121,113,116,115,114,119,110,117
INM00042931,2024,123,114,119,108,123,120,120,121,118,122,120,121
INM00042931,2025,122,110,116,115,115,111,116,111,100,118,115,110
INM00042931,2026,120,101,0,0,0,0,0,0,0,0,0,0
INM00042901,2003,0,0,0,0,0,0,0,0,0,0,1,0
INM00042901,2009,0,3,0,0,0,0,0,0,0,0,0,0
INM00042901,2015,0,0,0,0,0,0,0,0,0,0,0,195
INM00042901,2016,248,218,243,236,248,239,246,248,240,248,237,248
INM00042901,2017,245,224,247,240,248,234,246,246,240,248,238,248
INM00042901,2018,248,224,248,230,247,240,243,247,220,247,240,248
INM00042901,2019,248,224,240,238,248,240,248,248,238,246,238,248
INM00042901,2020,248,232,241,239,242,238,248,248,234,247,240,248
INM00042901,2021,248,206,247,240,247,237,248,247,240,248,240,248
INM00042901,2022,248,224,248,239,244,239,248,248,239,241,240,246
INM00042901,2023,248,224,243,239,248,239,246,244,232,245,238,233
INM00042901,2024,247,232,247,214,245,240,244,244,236,247,238,244
INM00042901,2025,246,217,245,238,241,235,245,231,223,246,237,248
INM00042901,2026,243,206,0,0,0,0,0,0,0,0,0,0
INM00042939,2007,0,0,0,0,1,0,0,0,0,0,0,0
INM00042939,2009,0,1,0,0,0,0,0,0,0,0,0,0
INM00042939,2015,0,0,0,0,0,0,0,0,0,0,0,49
INM00042939,2016,61,56,60,60,62,60,62,62,59,62,60,61
INM00042939,2017,61,56,61,60,61,58,62,60,59,123,119,123
INM00042939,2018,122,110,123,116,122,118,119,121,110,122,116,120
INM00042939,2019,120,110,114,117,119,113,120,118,115,115,119,117
INM00042939,2020,120,116,110,108,114,111,113,119,117,122,114,121
INM00042939,2021,120,101,116,112,117,112,121,119,120,119,114,116
INM00042939,2022,112,108,115,116,109,109,101,93,76,100,98,100
INM00042939,2023,116,102,120,116,116,112,119,120,117,120,117,116
INM00042939,2024,122,114,117,107,123,119,120,122,118,123,119,120
INM00042939,2025,121,111,116,115,118,111,115,110,101,116,112,110
INM00042939,2026,114,103,0,0,0,0,0,0,0,0,0,0
INM00043029,1944,114,116,120,118,116,118,124,124,116,124,120,120
INM00043029,1945,122,110,120,116,118,114,116,108,118,124,114,122
INM00043029,1946,120,102,122,120,122,118,110,122,120,92,88,120
INM00043029,1947,120,78,114,112,120,116,116,118,118,116,118,122
INM00043029,1948,118,116,122,118,124,108,122,120,116,120,120,120
INM00043029,1973,15,12,10,7,6,0,1,1,3,1,6,2
INM00043029,1974,6,8,8,10,7,14,5,9,11,6,7,7
INM00043029,1975,6,6,8,7,7,11,10,23,28,18,28,34
INM00043029,1976,26,13,23,23,11,13,20,8,4,3,1,13
INM00043029,1977,19,24,21,28,27,26,19,21,26,31,37,27
INM00043029,1978,41,38,51,41,47,43,47,48,40,0,1,0
INM00043029,1979,1,0,0,1,0,0,3,0,0,0,1,0
INM00043029,1980,0,1,0,0,0,0,0,0,0,0,0,0
INM00043029,1983,0,0,0,0,0,0,0,0,5,14,15,14
INM00043029,1984,16,12,20,15,14,20,21,20,22,23,24,9
INM00043029,1985,25,27,23,18,13,21,17,19,16,20,15,12
INM00043029,1986,13,11,4,1,7,4,12,11,9,9,17,14
INM00043029,1987,19,17,14,16,12,10,3,2,8,3,1,7
INM00043029,1988,13,13,3,1,1,4,9,7,10,1,2,4
INM00043029,1989,1,3,2,4,4,0,4,2,1,2,1,3
INM00043029,1990,0,0,0,0,1,0,0,0,0,0,0,0
INM00043029,2004,0,0,0,1,0,0,0,0,0,0,0,0
INM00043029,2015,0,0,0,0,0,0,0,0,0,0,0,48
INM00043029,2016,62,57,59,60,61,59,62,62,59,61,59,62
INM00043029,2017,61,55,60,60,58,56,61,60,60,119,117,121
INM00043029,2018,122,111,122,115,119,119,117,123,112,120,117,120
INM00043029,2019,122,111,114,118,121,118,123,120,113,123,117,115
INM00043029,2020,116,110,103,81,93,78,97,109,105,106,112,113
INM00043029,2021,115,97,110,106,106,102,108,103,91,99,106,99
INM00043029,2022,94,93,92,90,91,83,77,66,55,85,77,96
INM00043029,2023,114,98,109,100,104,103,110,108,115,122,118,117
INM00043029,2024,122,115,121,107,123,120,120,122,117,124,120,121
INM00043029,2025,122,111,117,114,118,112,116,111,101,118,115,111
INM00043029,2026,120,103,0,0,0,0,0,0,0,0,0,0
INM00043062,2007,0,0,0,0,1,0,0,0,0,0,0,0
INM00043062,2015,0,0,0,0,0,0,0,0,0,0,0,29
INM00043062,2016,39,33,43,40,38,39,40,39,39,29,37,43
INM00043062,2017,40,32,43,35,31,33,44,30,34,32,42,41
INM00043062,2018,38,40,47,7,0,0,0,1,0,0,0,0
INM00043062,2019,0,0,0,0,0,0,0,1,1,0,0,0
INM00043062,2025,0,0,0,0,0,0,0,0,0,0,13,1
INM00043062,2026,10,4,0,0,0,0,0,0,0,0,0,0
INM00042961,1973,14,11,16,3,4,9,10,7,10,7,10,13
INM00042961,1974,11,5,5,3,6,5,4,8,7,3,4,3
INM00042961,1975,1,5,3,0,0,0,0,0,0,0,12,17
INM00042961,1976,14,12,22,23,6,17,19,11,6,3,8,23
INM00042961,1977,13,25,37,37,31,31,27,30,33,39,36,37
INM00042961,1978,42,45,42,29,37,34,40,40,27,4,3,0
INM00042961,1979,3,1,4,2,6,6,4,3,2,1,0,1
INM00042961,1980,1,2,0,0,1,0,0,0,0,0,0,0
INM00042961,1984,7,14,9,11,5,2,3,7,2,4,9,2
INM00042961,1985,7,10,10,9,6,7,6,13,6,4,7,4
INM00042961,1986,5,5,1,6,2,4,4,3,0,1,5,3
INM00042961,1987,0,0,2,1,4,0,0,0,0,0,0,0
INM00042961,1988,0,0,0,0,1,1,1,1,0,0,1,0
INM00042961,1989,0,0,0,1,0,1,1,0,1,0,0,0
INM00042961,2001,0,0,0,0,0,0,0,0,0,0,0,1
INM00042961,2007,0,0,0,0,0,0,0,0,0,3,0,0
INM00042961,2009,0,1,0,0,0,0,0,0,0,0,0,0
INM00042961,2015,0,0,0,0,0,0,0,0,0,1,0,46
INM00042961,2016,46,31,32,34,36,33,36,35,34,41,34,44
INM00042961,2017,35,38,35,35,41,29,34,28,32,31,40,38
INM00042961,2018,36,29,34,27,7,24,27,32,33,37,27,1
INM00042961,2019,0,0,0,4,0,0,0,0,0,0,0,0
INM00042961,2020,0,0,0,0,0,0,15,25,28,31,27,47
INM00042961,2021,58,48,61,58,59,50,59,49,48,41,49,61
INM00042961,2022,51,43,58,43,26,22,28,23,28,40,43,48
INM00042961,2023,49,39,28,29,27,26,21,27,40,51,52,52
INM00042961,2024,54,46,52,39,49,55,55,60,55,58,56,59
INM00042961,2025,52,40,46,42,41,46,58,56,49,57,56,60
INM00042961,2026,51,47,0,0,0,0,0,0,0,0,0,0
INM00042953,1944,114,116,110,114,110,116,120,118,118,122,120,116
INM00042953,1945,120,110,114,116,116,116,114,114,118,122,104,118
INM00042953,1946,120,98,118,114,124,118,100,120,120,96,92,124
INM00042953,1947,124,100,124,120,118,112,118,122,118,118,118,124
INM00042953,1948,118,114,122,118,118,114,120,118,116,108,114,120
INM00042953,1973,27,26,26,20,15,23,15,16,15,21,24,18
INM00042953,1974,13,22,20,23,15,9,11,12,16,21,13,15
INM00042953,1975,15,14,12,4,7,5,22,15,11,17,13,12
INM00042953,1976,18,9,8,13,9,7,7,2,0,2,2,2
INM00042953,1977,3,12,4,7,1,3,8,11,13,10,10,10
INM00042953,1978,18,21,19,26,23,25,25,23,17,0,0,0
INM00042953,1979,1,1,1,0,1,0,1,0,0,0,0,0
INM00042953,2019,0,0,0,0,0,0,0,0,0,0,0,1
INM00043053,1973,25,17,31,9,5,13,16,19,17,10,14,10
INM00043053,1974,7,8,5,7,2,4,9,10,7,4,8,11
INM00043053,1975,12,11,9,3,2,8,6,8,19,8,20,18
INM00043053,1976,18,20,25,29,7,18,22,12,6,5,7,22
INM00043053,1977,22,16,34,20,32,29,21,35,33,36,36,46
INM00043053,1978,52,46,41,46,50,41,42,43,39,0,1,0
INM00043053,1979,1,1,0,0,0,2,6,2,0,1,1,1
INM00043053,1980,0,0,1,0,1,1,0,0,0,0,0,0
INM00043053,1983,0,0,0,0,0,0,0,0,8,26,24,23
INM00043053,1984,29,34,25,31,21,14,22,30,33,32,37,13
INM00043053,1985,29,28,22,20,14,30,33,28,26,32,33,31
INM00043053,1986,30,33,36,27,18,4,12,9,16,16,19,23
INM00043053,1987,36,26,37,16,20,15,7,8,11,3,4,7
INM00043053,1988,12,10,2,0,2,1,10,6,5,0,1,12
INM00043053,1989,1,1,7,20,16,4,10,3,6,4,5,12
INM00043053,1990,17,9,9,11,9,12,12,7,1,2,5,7
INM00043053,1991,11,9,5,4,2,2,1,3,2,1,0,1
INM00043053,1992,1,0,1,1,10,0,1,1,1,2,1,3
INM00043053,1993,4,1,4,0,1,1,2,3,9,4,9,10
INM00043053,1994,2,7,1,9,4,3,3,3,3,3,3,9
INM00043053,1995,3,0,12,21,25,15,17,21,13,0,3,6
INM00043053,1996,2,6,9,8,4,1,1,1,7,12,20,17
INM00043053,1997,19,12,16,4,3,3,0,6,1,0,1,0
INM00043053,1998,0,1,9,13,2,1,1,0,0,0,0,0
INM00043053,1999,0,0,0,0,0,1,0,0,0,1,0,0
INM00043053,2000,0,0,0,0,0,0,0,0,1,0,0,0
INM00043053,2001,0,0,0,0,0,0,0,0,1,0,0,0
INM00043053,2002,0,0,0,0,0,0,0,0,1,0,0,0
INM00043053,2003,0,0,1,0,0,0,1,0,0,0,0,0
INM00043053,2004,0,0,0,0,1,0,0,0,0,0,0,0
INM00043053,2007,0,0,0,0,1,0,0,0,0,0,0,0
INM00043053,2009,0,4,0,0,0,0,0,0,0,0,0,0
INM00043053,2011,0,0,0,0,0,0,1,0,0,0,0,0
INM00043053,2014,0,0,0,0,0,1,0,0,0,0,0,0
INM00043053,2015,0,0,0,0,0,0,0,0,0,0,0,195
INM00043053,2016,248,217,244,239,247,238,246,246,239,246,236,247
INM00043053,2017,246,224,248,240,248,238,246,246,239,248,237,248
INM00043053,2018,248,223,248,235,248,236,243,246,226,243,239,248
INM00043053,2019,247,224,243,240,173,240,248,248,240,247,237,248
INM00043053,2020,248,230,247,240,247,239,247,246,237,242,239,248
INM00043053,2021,243,211,248,240,247,237,248,245,240,248,239,248
INM00043053,2022,248,224,248,239,246,240,233,244,239,241,240,245
INM00043053,2023,247,224,243,236,248,232,248,245,235,244,238,235
INM00043053,2024,247,230,247,215,246,239,245,245,236,247,239,244
INM00043053,2025,245,214,246,240,247,236,245,232,222,246,238,248
INM00043053,2026,242,207,0,0,0,0,0,0,0,0,0,0
INM00042567,2002,0,0,0,0,0,1,0,1,0,0,0,0
INM00042567,2003,0,0,0,0,0,0,1,0,0,0,0,0
INM00042567,2005,0,0,1,0,0,0,0,0,0,0,0,0
INM00042567,2007,0,0,0,0,1,0,0,0,0,0,0,0
INM00042567,2009,0,3,0,0,0,0,0,0,0,0,0,0
INM00042567,2011,0,0,0,0,0,0,1,0,0,0,0,0
INM00042567,2015,0,0,0,0,0,0,0,0,0,0,0,95
INM00042567,2016,124,114,120,120,124,117,123,123,120,123,120,124
INM00042567,2017,119,112,124,120,123,117,124,125,120,123,119,124
INM00042567,2018,123,111,124,118,124,119,119,125,112,122,119,121
INM00042567,2019,124,111,122,120,123,120,124,122,118,124,120,124
INM00042567,2020,124,116,124,119,122,120,122,125,119,122,117,124
INM00042567,2021,122,104,124,120,123,119,124,124,120,123,121,124
INM00042567,2022,124,112,124,120,123,120,121,121,113,122,119,122
INM00042567,2023,120,111,120,120,124,117,120,122,116,123,116,114
INM00042567,2024,124,115,123,108,123,120,121,124,117,124,119,122
INM00042567,2025,123,110,124,120,124,119,122,116,110,124,120,123
INM00042567,2026,124,101,0,0,0,0,0,0,0,0,0,0
INM00042282,1973,21,12,7,12,2,8,21,17,11,11,6,10
INM00042282,1974,11,13,13,11,4,7,7,5,6,1,0,0
INM00042282,1975,0,2,3,1,1,0,0,5,13,19,18,12
INM00042282,1976,7,4,16,20,19,31,21,14,10,0,0,1
INM00042282,1977,0,1,1,0,0,0,1,0,0,0,0,1
INM00042282,1978,1,2,2,2,0,0,1,4,0,2,0,0
INM00042282,1999,0,0,0,0,0,0,0,0,1,0,0,0
INM00042282,2001,0,0,1,0,0,0,0,0,1,0,0,0
INM00042282,2002,0,0,0,0,0,1,0,0,0,0,0,0
INM00042282,2003,0,0,1,0,0,0,0,0,0,0,0,0
INM00042282,2019,0,0,0,0,0,0,0,2,0,0,1,0
INM00042282,2024,0,0,1,0,0,0,0,0,0,0,0,0
INM00042305,2002,0,0,0,0,0,0,1,1,0,0,2,1
INM00042305,2005,0,0,0,1,0,0,0,0,0,0,0,0
INM00042305,2020,0,0,0,0,0,0,0,1,0,0,0,1
INM00042305,2025,0,1,0,0,0,0,0,0,0,0,0,0
INM00042271,1973,50,42,48,30,27,16,20,21,18,27,33,29
INM00042271,1974,31,28,32,31,20,15,21,26,33,31,35,26
INM00042271,1975,26,21,26,22,17,30,42,28,28,20,28,25
INM00042271,1976,20,15,24,33,41,38,32,31,21,15,17,27
INM00042271,1977,30,31,40,39,44,38,40,35,38,42,41,42
INM00042271,1978,43,42,43,46,43,41,47,41,43,0,1,0
INM00042271,1979,1,0,0,2,0,1,4,0,0,0,0,0
INM00042271,1981,0,0,0,0,0,0,0,0,0,6,4,3
INM00042271,1982,2,1,2,5,5,9,3,7,3,2,2,4
INM00042271,1983,4,4,5,18,13,14,2,6,7,10,13,11
INM00042271,1984,9,10,16,10,9,11,24,15,14,6,5,13
INM00042271,1985,10,9,12,12,5,7,8,4,3,9,8,8
INM00042271,1986,7,5,1,2,6,3,3,5,4,4,5,1
INM00042271,1987,3,3,2,2,1,2,4,2,2,5,0,1
INM00042271,1988,2,5,6,1,0,8,2,3,1,5,4,12
INM00042271,1989,0,6,4,7,4,8,3,5,5,4,6,6
INM00042271,1990,3,3,7,0,3,8,6,1,1,6,5,0
INM00042271,1991,4,3,0,0,1,4,1,4,1,0,1,2
INM00042271,1992,0,1,5,5,4,2,0,0,2,1,4,1
INM00042271,1993,0,0,3,2,3,2,4,3,6,2,4,5
INM00042271,1994,6,2,4,8,2,6,6,5,1,2,3,1
INM00042271,1995,3,1,2,5,8,1,2,2,4,4,3,3
INM00042271,1996,3,2,4,2,2,2,5,3,4,6,2,3
INM00042271,1997,4,3,4,5,3,2,4,2,3,1,1,1
INM00042271,1998,0,1,3,2,2,0,2,0,1,0,3,1
INM00042271,1999,3,0,0,0,0,0,0,0,0,0,0,0
INM00042271,2000,0,1,1,0,0,0,0,0,0,0,0,0
INM00042271,2004,0,0,0,0,0,1,0,0,0,0,0,0
INM00042271,2005,0,0,0,0,0,0,1,0,0,0,0,0
INM00042271,2009,0,1,0,0,0,0,0,0,0,0,0,0
INM00042271,2015,0,0,0,0,0,0,0,0,0,0,1,44
INM00042271,2016,52,55,55,55,49,53,53,54,57,59,56,49
INM00042271,2017,47,51,58,58,57,50,54,55,57,58,54,60
INM00042271,2018,58,52,62,52,61,58,60,60,56,57,57,59
INM00042271,2019,59,55,58,57,61,58,59,60,51,61,56,60
INM00042271,2020,60,55,56,59,58,58,59,58,52,61,59,61
INM00042271,2021,59,53,59,57,59,59,62,62,59,60,59,59
INM00042271,2022,59,53,61,57,57,59,60,56,57,53,58,58
INM00042271,2023,58,55,54,58,59,54,57,56,54,55,55,53
INM00042271,2024,55,57,58,38,60,56,54,53,51,53,52,53
INM00042271,2025,57,53,58,55,61,56,61,56,54,59,60,52
INM00042271,2026,51,48,0,0,0,0,0,0,0,0,0,0
INM00042603,1944,114,114,118,112,104,116,110,112,116,118,114,122
INM00042603,1945,124,112,122,118,118,106,114,114,120,124,116,118
INM00042603,1946,116,100,120,120,124,118,74,74,114,92,90,122
INM00042603,1947,122,106,118,116,124,116,114,116,120,124,120,124
INM00042603,1948,114,112,118,116,96,114,116,122,114,116,114,118
INM00042603,1973,21,16,22,10,8,8,12,19,9,14,14,11
INM00042603,1974,14,9,7,6,6,5,6,13,8,5,6,6
INM00042603,1975,4,7,6,4,4,2,8,7,12,14,21,21
INM00042603,1976,10,13,20,20,10,21,23,19,8,8,9,21
INM00042603,1977,21,21,28,22,25,33,31,34,33,34,34,39
INM00042603,1978,40,37,41,35,32,29,36,31,26,1,0,0
INM00042603,1979,0,2,1,0,0,0,0,0,0,0,0,0
INM00042603,1983,0,0,0,0,0,0,0,2,2,8,15,14
INM00042603,1984,13,12,12,23,12,5,9,15,12,14,19,8
INM00042603,1985,19,17,18,20,16,12,5,10,13,14,11,15
INM00042603,1986,15,14,9,13,11,6,15,4,4,1,4,15
INM00042603,1987,16,7,6,7,16,4,6,2,6,0,4,3
INM00042603,1988,15,10,1,1,0,3,4,12,3,0,0,3
INM00042603,1989,0,2,4,2,2,0,2,3,4,4,1,2
INM00042603,1990,1,0,1,0,1,0,0,0,0,0,0,0
INM00042603,2003,0,0,1,0,0,0,0,0,0,0,0,0
INM00042603,2015,0,0,0,0,0,0,0,0,0,2,3,45
INM00042603,2016,56,52,55,51,51,36,27,26,7,47,44,53
INM00042603,2017,55,48,47,44,34,51,58,58,57,58,50,59
INM00042603,2018,60,54,61,54,58,52,54,57,55,56,52,58
INM00042603,2019,57,49,48,51,61,55,59,57,52,55,52,50
INM00042603,2020,50,24,39,49,53,49,56,55,52,55,46,47
INM00042603,2021,49,46,58,59,60,56,57,59,57,61,57,59
INM00042603,2022,61,54,60,55,56,59,56,59,54,58,60,61
INM00042603,2023,60,56,54,52,57,59,61,58,58,61,57,58
INM00042603,2024,58,58,57,53,61,59,60,62,55,62,60,61
INM00042603,2025,61,54,59,59,60,58,61,56,55,61,57,60
INM00042603,2026,52,49,0,0,0,0,0,0,0,0,0,0
INM00042299,1974,0,0,0,0,0,0,0,0,1,0,0,0
INM00042299,2001,0,0,0,0,0,0,0,0,0,0,1,0
INM00042299,2003,0,0,0,0,0,0,1,0,0,0,0,0
INM00042299,2009,0,2,0,0,0,0,0,0,0,0,0,0
INM00042299,2015,0,0,0,0,0,0,0,0,0,0,0,94
INM00042299,2016,124,113,123,120,123,120,124,124,120,124,119,124
INM00042299,2017,122,112,124,119,124,117,124,125,120,124,119,124
INM00042299,2018,124,112,123,118,124,119,121,124,115,124,120,124
INM00042299,2019,122,112,123,119,123,119,123,124,120,124,120,124
INM00042299,2020,124,116,124,120,123,120,124,124,119,121,119,124
INM00042299,2021,120,103,124,120,124,118,124,123,120,124,120,124
INM00042299,2022,125,112,124,120,122,119,120,124,118,123,120,124
INM00042299,2023,124,112,122,120,124,118,125,122,118,125,119,117
INM00042299,2024,123,116,124,108,123,120,121,123,118,124,120,123
INM00042299,2025,124,111,124,120,123,119,123,115,110,124,120,124
INM00042299,2026,124,104,0,0,0,0,0,0,0,0,0,0
INM00042311,1944,58,58,60,50,48,58,58,74,118,116,114,120
INM00042311,1945,124,110,122,112,116,106,110,114,116,122,110,118
INM00042311,1946,118,96,116,80,84,96,60,44,86,74,84,102
INM00042311,1947,118,108,114,104,112,110,108,122,116,106,118,114
INM00042311,1948,116,112,114,102,102,118,124,120,118,118,118,122
INM00042311,1954,62,55,61,60,59,56,60,59,52,60,56,59
INM00042311,1955,59,55,61,59,59,59,60,53,55,62,58,61
INM00042311,1956,61,58,57,57,53,58,57,57,55,59,59,59
INM00042311,1957,49,31,42,42,32,41,40,41,43,46,41,41
INM00042311,1958,45,35,48,38,42,39,44,38,39,38,36,39
INM00042311,1959,35,35,45,33,34,35,36,42,33,35,43,38
INM00042311,1960,35,33,40,36,31,17,13,23,23,30,26,28
INM00042311,1961,27,18,26,22,29,27,25,28,26,27,28,23
INM00042311,1962,33,32,29,37,26,27,28,28,28,28,26,31
INM00042311,1963,57,49,55,52,54,53,56,56,54,56,49,60
INM00042311,1986,0,0,0,0,6,4,1,2,5,2,1,0
INM00042311,1987,0,0,0,1,1,0,0,0,1,2,2,0
INM00042311,1988,1,2,0,1,2,0,2,0,0,2,0,0
INM00042311,1989,0,1,2,0,3,1,4,3,6,0,2,2
INM00042311,1990,0,0,2,0,0,0,0,0,0,0,0,0
INM00042311,2003,0,0,0,0,0,0,1,0,0,0,0,0
INM00042311,2016,1,0,0,0,0,0,0,0,0,0,0,0
INM00042308,2019,10,138,151,149,155,150,153,153,147,155,152,153
INM00042308,2020,154,145,145,148,159,147,154,152,147,137,140,145
INM00042308,2021,121,119,142,141,143,140,134,146,146,152,147,148
INM00042308,2022,151,138,146,144,147,144,138,152,141,147,149,153
INM00042308,2023,153,139,149,148,155,138,154,142,143,146,137,125
INM00042308,2024,139,131,144,126,171,177,152,184,176,186,178,184
INM00042308,2025,183,166,180,180,184,178,177,173,160,185,180,184
INM00042308,2026,185,156,0,0,0,0,0,0,0,0,0,0
INM00042834,1974,0,0,0,0,3,3,1,0,0,0,0,0
INM00042834,2003,1,0,0,0,0,0,0,0,0,0,0,0
INM00042834,2009,0,1,0,0,0,0,0,0,0,0,0,0
INM00042834,2015,0,0,0,0,0,0,0,0,0,0,0,44
INM00042834,2016,61,55,57,58,58,59,55,58,58,56,45,57
INM00042834,2017,58,54,60,60,60,57,61,58,58,58,57,52
INM00042834,2018,59,56,61,55,55,58,56,60,49,45,31,58
INM00042834,2019,55,43,57,54,46,56,50,59,53,43,14,25
INM00042834,2020,55,42,48,58,58,59,61,54,57,61,55,59
INM00042834,2021,59,41,56,45,41,41,52,44,51,47,44,49
INM00042834,2022,26,51,55,39,53,53,55,43,45,32,59,41
INM00042834,2023,42,32,38,49,48,46,43,48,35,43,29,47
INM00042834,2024,36,44,50,38,45,36,51,50,59,51,45,47
INM00042834,2025,62,24,59,56,52,51,43,42,49,42,43,49
INM00042834,2026,51,46,0,0,0,0,0,0,0,0,0,0
INM00042349,1999,0,0,0,0,1,0,0,0,1,0,0,0
INM00042349,2000,0,0,0,0,1,0,0,0,0,0,0,0
INM00042349,2001,0,0,0,0,0,0,0,0,0,1,0,0
INM00042349,2002,0,1,0,0,0,1,0,0,0,0,0,0
INM00042349,2003,1,0,0,0,0,0,0,0,0,0,0,0
INM00042349,2016,0,0,0,0,0,0,1,0,0,0,0,0
INM00042349,2019,0,1,0,0,0,0,0,0,1,0,0,0
INM00042349,2021,0,0,0,0,0,0,1,0,0,0,0,0
INM00042527,1977,0,0,0,0,0,0,0,0,3,13,12,6
INM00042527,1978,13,8,5,4,5,2,4,3,2,0,1,0
INM00042527,1979,0,0,0,0,1,0,0,0,0,0,0,0
INM00042527,2015,0,0,0,0,0,0,0,0,0,0,0,39
INM00042527,2016,52,45,54,49,53,48,52,46,49,49,50,53
INM00042527,2017,47,49,51,54,54,50,58,54,48,51,55,58
INM00042527,2018,60,52,56,53,55,59,53,58,55,60,57,50
INM00042527,2019,56,54,60,56,59,57,56,53,58,57,52,60
INM00042527,2020,55,56,54,53,60,58,55,55,51,59,53,54
INM00042527,2021,53,41,51,51,56,52,57,56,55,56,54,54
INM00042527,2022,49,44,55,46,55,51,55,54,48,50,58,55
INM00042527,2023,60,45,51,52,58,54,55,54,54,52,52,51
INM00042527,2024,56,52,54,50,62,60,60,61,58,60,57,60
INM00042527,2025,59,54,60,60,60,57,56,56,54,32,40,57
INM00042527,2026,60,50,0,0,0,0,0,0,0,0,0,0
INM00042588,1973,16,11,17,0,4,3,8,12,9,4,9,11
INM00042588,1974,5,12,12,5,4,4,4,6,7,4,0,0
INM00042588,1975,0,0,0,0,0,0,5,5,2,2,2,6
INM00042588,1976,3,0,0,0,0,0,0,0,0,0,0,0
INM00042588,1977,0,0,31,12,20,14,18,24,19,21,16,25
INM00042588,1978,21,19,11,6,10,6,6,4,6,0,0,0
INM00042588,2002,0,0,0,0,0,0,0,0,0,0,0,1
INM00042588,2003,0,1,0,0,0,0,0,0,0,0,0,0
INM00042588,2009,0,1,0,0,0,0,0,0,0,0,0,0
INM00042588,2015,0,0,0,0,0,0,0,0,0,0,0,16
INM00042588,2016,24,22,25,21,34,34,39,37,20,22,27,24
INM00042588,2017,16,16,24,24,19,25,27,21,16,17,26,25
INM00042588,2018,21,19,19,21,23,20,21,24,20,10,22,28
INM00042588,2019,21,24,24,22,23,24,26,21,25,26,24,24
INM00042588,2020,32,26,26,28,28,25,22,23,21,22,27,23
INM00042588,2021,23,17,27,24,27,24,23,28,23,24,27,41
INM00042588,2022,48,44,49,45,44,41,42,38,39,50,51,51
INM00042588,2023,42,40,41,44,54,46,51,48,41,44,43,44
INM00042588,2024,48,39,46,36,45,48,49,53,53,59,46,59
INM00042588,2025,58,45,51,40,49,54,56,56,44,54,55,59
INM00042588,2026,56,46,0,0,0,0,0,0,0,0,0,0
INM00042358,2002,0,0,1,0,0,0,0,0,0,0,0,1
INM00042358,2025,0,0,0,0,0,0,0,0,1,0,0,0
INM00042652,2001,0,0,0,0,0,0,0,0,0,0,1,0
INM00042652,2002,0,0,0,1,1,0,0,0,0,0,0,1
INM00042652,2017,0,0,0,0,0,0,0,0,0,1,0,0
INM00042354,1973,34,32,32,18,24,22,18,20,26,19,26,16
INM00042354,1974,19,32,27,20,11,27,15,18,18,21,19,14
INM00042354,1975,26,15,17,14,12,17,27,24,33,24,33,33
INM00042354,1976,28,21,20,25,39,40,40,27,13,10,7,22
INM00042354,1977,32,34,39,29,32,31,38,48,37,38,49,45
INM00042354,1978,41,44,42,43,39,41,42,39,44,0,1,0
INM00042354,1979,1,1,0,0,1,0,2,2,1,1,0,0
INM00042354,1983,0,0,0,0,0,0,0,0,0,4,11,9
INM00042354,1984,8,15,13,11,6,8,7,9,7,3,9,4
INM00042354,1985,8,8,7,1,0,3,5,1,18,8,4,5
INM00042354,1986,6,5,7,5,1,3,9,4,6,8,4,7
INM00042354,1987,4,5,7,1,6,4,4,2,4,0,6,3
INM00042354,1988,5,2,1,1,2,2,4,4,1,2,0,2
INM00042354,1989,0,0,3,2,1,0,1,2,2,3,4,3
INM00042354,1990,1,1,2,0,0,0,0,0,0,0,0,0
INM00042354,2003,0,0,0,0,0,0,1,0,0,0,0,0
INM00042354,2008,0,0,0,0,0,0,0,0,0,0,0,1
INM00042354,2009,0,1,0,0,0,0,0,0,0,0,0,0
INM00042354,2025,0,0,0,0,527,717,741,482,668,729,718,732
INM00042354,2026,741,303,0,0,0,0,0,0,0,0,0,0
INM00042672,1984,0,1,1,0,0,0,0,0,0,0,0,0
INM00042672,2001,0,0,0,0,0,0,0,0,1,0,0,0
INM00042672,2009,0,1,0,0,0,0,0,0,0,0,0,0
INM00042672,2011,0,0,0,0,0,0,0,0,1,0,0,0
INM00042672,2015,0,0,0,0,0,0,0,0,0,0,0,47
INM00042672,2016,61,49,50,57,62,57,61,63,59,61,58,61
INM00042672,2017,60,55,60,58,61,56,61,59,58,62,59,60
INM00042672,2018,61,56,61,59,61,59,56,62,54,21,0,0
INM00042672,2019,0,0,0,30,62,58,62,61,59,61,60,62
INM00042672,2020,61,54,59,59,61,59,62,63,59,60,60,61
INM00042672,2021,62,52,56,57,62,58,59,62,58,60,59,62
INM00042672,2022,60,56,62,59,62,57,61,61,60,62,59,63
INM00042672,2023,62,56,61,59,61,56,62,59,56,62,58,58
INM00042672,2024,61,56,59,53,61,60,58,62,59,59,60,61
INM00042672,2025,61,53,60,59,62,59,60,58,57,62,60,62
INM00042672,2026,61,51,0,0,0,0,0,0,0,0,0,0
INM00042368,1885,62,56,62,60,62,60,62,62,60,62,60,62
INM00042368,1886,62,56,62,60,62,60,62,62,60,62,60,62
INM00042368,1944,29,27,28,29,29,30,41,34,30,30,30,30
INM00042368,1945,31,28,31,29,28,29,42,40,45,35,29,29
INM00042368,1946,29,26,31,52,54,50,48,42,46,43,43,61
INM00042368,1947,61,55,58,58,61,58,50,60,48,61,58,59
INM00042368,1948,60,58,61,57,57,58,59,56,58,57,60,58
INM00042368,1973,42,17,21,28,15,12,16,19,18,18,5,9
INM00042368,1974,15,4,4,2,5,4,3,4,0,0,0,0
INM00042368,1999,0,0,0,1,0,1,1,1,1,2,1,0
INM00042368,2001,0,1,1,0,0,0,0,0,0,0,1,0
INM00042368,2002,0,0,1,0,0,1,0,0,1,0,0,0
INM00042368,2003,0,0,0,1,0,1,0,0,0,0,0,0
INM00042368,2016,0,0,0,0,0,0,0,0,0,0,0,1
INM00042368,2021,0,0,0,0,0,0,0,0,0,0,1,0
INM00042655,2002,0,0,0,0,0,0,0,0,0,0,1,0
INM00042655,2009,0,1,0,0,0,0,0,0,0,0,0,0
INM00042370,2019,2,28,28,29,27,28,28,30,26,28,29,29
INM00042370,2020,28,28,21,29,29,29,26,29,26,28,26,29
INM00042370,2021,25,23,29,24,26,28,28,30,26,28,26,29
INM00042370,2022,28,20,29,27,27,29,27,28,27,20,26,27
INM00042370,2023,28,26,20,28,25,28,28,23,16,23,22,21
INM00042370,2024,25,27,17,24,44,41,37,23,41,47,46,41
INM00042370,2025,47,46,36,36,44,39,39,39,37,50,34,47
INM00042370,2026,38,37,0,0,0,0,0,0,0,0,0,0
INM00042374,2002,0,1,1,0,1,0,0,0,0,0,0,0
INM00042374,2003,1,0,0,0,0,1,0,0,0,0,0,0
INM00042374,2004,0,0,0,0,0,0,0,1,0,0,0,0
INM00042374,2016,0,0,0,0,0,0,1,0,0,0,0,1
INM00042374,2018,0,0,0,0,0,1,0,0,0,1,0,0
INM00042374,2023,0,0,0,0,0,0,1,0,0,0,0,0
INM00042483,1944,58,58,60,60,58,60,60,58,120,120,114,124
INM00042483,1945,124,112,122,116,114,112,114,114,120,122,110,116
INM00042483,1946,122,100,122,120,124,102,86,80,94,88,88,112
INM00042483,1947,106,106,110,118,118,108,112,122,108,120,110,114
INM00042483,1948,116,110,120,114,112,116,112,122,116,116,114,116
INM00042483,2002,0,0,1,0,0,0,0,0,0,0,0,0
INM00042483,2007,0,0,0,0,1,0,0,0,0,0,0,0
INM00042483,2009,0,1,0,0,0,0,0,0,0,0,0,0
INM00042483,2015,0,0,0,0,0,0,0,0,0,0,0,47
INM00042483,2016,62,55,59,56,59,59,61,61,60,61,58,57
INM00042483,2017,58,53,62,59,62,58,59,60,56,61,57,62
INM00042483,2018,62,56,62,56,61,60,61,62,56,60,60,62
INM00042483,2019,62,56,59,59,61,143,149,150,139,153,147,151
INM00042483,2020,147,141,154,146,154,145,151,153,140,152,149,153
INM00042483,2021,151,129,152,150,152,145,155,154,139,155,147,153
INM00042483,2022,151,132,146,141,148,149,151,147,138,134,140,107
INM00042483,2023,108,95,95,84,100,90,113,99,94,107,94,91
INM00042483,2024,153,141,154,130,153,146,144,148,144,152,141,148
INM00042483,2025,150,133,140,142,148,136,148,135,127,148,140,144
INM00042483,2026,150,127,0,0,0,0,0,0,0,0,0,0
INM00042595,2012,0,0,0,0,0,0,1,0,0,0,0,0
INM00042375,1999,0,0,0,0,0,2,1,1,0,0,0,1
INM00042375,2000,0,0,0,0,0,0,0,0,1,1,0,0
INM00042375,2001,0,0,0,1,0,0,0,0,0,1,0,0
INM00042375,2002,1,0,0,1,1,0,0,0,0,3,1,0
INM00042375,2003,0,0,0,1,0,0,0,0,0,0,0,0
INM00042375,2005,0,0,0,1,0,0,0,0,0,0,0,0
INM00042375,2007,0,0,0,0,0,0,0,0,0,0,1,0
INM00042375,2016,0,0,0,1,0,0,0,0,0,0,0,0
INM00042375,2019,0,0,0,0,1,0,0,0,0,0,0,0
INM00042498,1957,24,22,24,22,19,15,16,16,22,22,17,20
INM00042498,1958,21,19,23,26,16,14,16,21,20,20,14,14
INM00042498,1959,21,21,23,18,8,7,7,5,4,7,13,18
INM00042498,1960,16,12,16,18,6,8,5,5,5,8,10,10
INM00042498,1961,41,33,68,58,52,46,54,49,58,59,64,68
INM00042498,1962,71,69,76,68,75,64,74,76,64,62,74,70
INM00042498,1973,51,41,44,18,16,16,29,22,30,20,18,18
INM00042498,1974,14,4,6,8,2,2,1,6,0,3,3,6
INM00042498,1975,11,11,9,9,8,6,17,11,5,12,5,7
INM00042498,1976,17,7,18,12,44,43,45,52,24,42,55,54
INM00042498,1977,48,35,54,53,54,57,32,57,47,52,52,44
INM00042498,1978,74,90,110,69,95,80,94,98,88,0,2,4
INM00042498,1979,5,5,6,4,1,2,1,3,3,1,1,0
INM00042498,1980,3,0,0,0,0,0,0,0,0,0,0,0
INM00042498,1982,0,0,0,0,0,0,0,0,0,0,11,10
INM00042498,1983,14,23,15,13,34,17,15,20,27,29,48,38
INM00042498,1984,37,33,55,51,27,28,53,52,51,30,29,36
INM00042498,1985,42,51,37,28,17,23,24,20,27,29,16,21
INM00042498,1986,39,42,30,17,13,13,17,18,15,9,28,42
INM00042498,1987,27,19,31,16,26,8,4,1,11,4,17,14
INM00042498,1988,18,26,9,6,5,7,16,13,13,8,9,11
INM00042498,1989,8,19,14,20,3,4,8,6,6,5,10,19
INM00042498,1990,17,11,6,5,5,6,6,6,6,4,1,6
INM00042498,1991,3,4,4,3,4,3,6,4,3,3,1,1
INM00042498,1992,1,3,0,1,6,1,5,3,1,2,5,4
INM00042498,1993,9,1,3,1,4,3,10,11,15,22,19,27
INM00042498,1994,17,37,20,19,22,13,5,16,9,7,3,19
INM00042498,1995,6,3,37,76,75,54,83,66,38,8,8,6
INM00042498,1996,10,7,14,12,7,1,7,8,9,22,37,44
INM00042498,1997,44,32,31,9,13,1,0,5,0,0,0,0
INM00042498,1998,1,0,23,13,4,0,1,1,0,0,0,0
INM00042498,1999,0,0,1,0,0,1,2,1,1,1,0,1
INM00042498,2000,0,0,1,0,1,0,0,0,0,0,0,5
INM00042498,2001,0,0,1,1,1,0,1,4,9,2,50,114
INM00042498,2002,115,103,83,77,67,91,114,112,111,108,106,74
INM00042498,2003,97,84,101,66,96,92,69,60,57,67,113,116
INM00042498,2004,111,107,116,104,117,93,114,115,105,116,83,111
INM00042498,2005,120,109,116,105,102,112,118,113,104,122,114,112
INM00042498,2006,97,62,99,113,27,48,22,17,58,113,108,110
INM00042498,2007,111,101,107,117,117,118,106,121,118,113,115,120
INM00042498,2008,115,112,121,118,119,117,121,119,113,102,113,111
INM00042498,2009,118,116,117,115,121,109,116,114,112,115,109,120
INM00042498,2010,122,109,121,115,119,115,117,120,119,124,120,119
INM00042498,2011,119,111,120,117,120,99,123,121,107,116,119,120
INM00042498,2012,124,114,123,120,121,118,124,123,115,122,115,115
INM00042498,2013,118,111,122,120,122,115,121,116,118,124,117,124
INM00042498,2014,123,112,110,118,123,119,89,77,83,119,104,115
INM00042498,2015,121,107,120,115,116,105,104,113,103,110,92,165
INM00042498,2016,228,228,240,72,245,236,241,244,236,247,236,248
INM00042498,2017,245,222,248,238,248,238,247,240,238,245,238,246
INM00042498,2018,248,223,246,235,246,232,243,246,230,245,240,248
INM00042498,2019,246,223,241,238,248,239,248,248,239,246,238,246
INM00042498,2020,247,232,248,239,242,239,241,248,237,248,240,248
INM00042498,2021,247,212,248,240,248,239,247,247,240,248,239,248
INM00042498,2022,246,224,248,236,247,237,247,243,239,242,239,246
INM00042498,2023,248,224,244,240,245,231,230,213,206,231,225,219
INM00042498,2024,230,222,236,210,238,238,238,245,234,245,238,242
INM00042498,2025,246,216,239,224,237,233,245,229,224,246,237,248
INM00042498,2026,244,207,0,0,0,0,0,0,0,0,0,0
INM00042381,1973,40,35,29,19,9,10,14,11,16,12,17,13
INM00042381,1974,20,17,14,7,6,8,9,5,16,12,15,14
INM00042381,1975,6,6,4,4,4,11,16,23,18,19,24,23
INM00042381,1976,17,11,25,28,37,37,26,26,8,4,6,19
INM00042381,1977,27,31,36,23,39,41,35,36,40,43,36,35
INM00042381,1978,42,41,41,33,45,38,35,37,38,0,1,0
INM00042381,1979,1,0,0,0,0,0,2,1,2,0,0,0
INM00042381,1980,1,1,0,2,0,1,0,0,0,0,0,0
INM00042381,2025,0,0,0,0,0,0,0,0,0,43,229,233
INM00042381,2026,235,203,0,0,0,0,0,0,0,0,0,0
INM00042708,2001,0,0,0,0,0,0,0,0,1,0,0,0
INM00042708,2002,0,0,1,1,0,0,0,0,0,0,0,0
INM00042708,2003,0,0,1,0,0,0,0,0,0,0,0,0
INM00042708,2009,0,1,0,0,0,0,0,0,0,0,0,0
INM00042708,2015,0,0,0,0,0,0,0,0,0,0,0,97
INM00042708,2016,123,112,118,118,123,120,123,123,119,123,119,124
INM00042708,2017,121,111,123,120,124,117,123,124,120,124,118,123
INM00042708,2018,123,112,124,118,123,120,121,124,111,119,120,124
INM00042708,2019,124,111,119,119,124,120,124,124,77,28,24,20
INM00042708,2020,20,13,24,12,25,15,16,24,15,11,9,10
INM00042708,2021,20,7,22,9,32,21,10,18,15,14,7,83
INM00042708,2022,125,112,122,120,122,120,124,122,119,122,120,124
INM00042708,2023,124,111,119,120,120,116,122,123,115,124,119,113
INM00042708,2024,123,116,123,108,122,120,123,124,118,124,120,122
INM00042708,2025,124,111,124,120,123,119,123,116,111,123,120,124
INM00042708,2026,124,104,0,0,0,0,0,0,0,0,0,0
INM00042101,1973,45,3,9,34,27,20,44,31,19,28,25,24
INM00042101,1974,32,38,39,30,27,29,33,30,30,33,32,26
INM00042101,1975,39,31,63,109,124,121,144,158,2,5,2,2
INM00042101,1976,3,0,0,0,0,0,0,0,0,0,0,119
INM00042101,1977,116,131,149,140,146,149,161,160,145,154,149,154
INM00042101,1978,152,145,186,154,152,165,183,189,146,127,148,132
INM00042101,1979,123,118,144,179,186,163,191,164,174,186,181,165
INM00042101,1980,184,157,153,180,179,178,199,192,157,161,144,182
INM00042101,1981,172,154,179,176,156,164,174,166,138,147,169,155
INM00042101,1982,147,180,197,210,206,185,174,187,205,204,188,201
INM00042101,1983,197,190,216,202,191,193,190,191,192,197,206,198
INM00042101,1984,205,175,195,189,174,175,190,180,147,196,145,179
INM00042101,1985,177,160,172,118,160,177,175,187,148,180,185,169
INM00042101,1986,170,167,175,167,171,156,173,186,166,140,146,168
INM00042101,1987,189,169,202,174,196,192,191,193,179,204,189,187
INM00042101,1988,188,172,187,201,178,157,144,166,163,169,167,165
INM00042101,1989,177,164,174,180,174,176,139,160,165,194,183,166
INM00042101,1990,169,172,210,120,104,132,186,194,113,127,142,167
INM00042101,1991,187,177,183,190,188,183,193,196,186,198,217,203
INM00042101,1992,197,197,202,198,188,203,211,200,202,217,199,226
INM00042101,1993,212,186,213,197,160,166,80,146,176,221,211,182
INM00042101,1994,140,167,211,184,207,207,164,187,198,196,176,143
INM00042101,1995,121,198,215,192,204,151,182,186,167,156,200,183
INM00042101,1996,226,196,182,158,188,181,203,204,206,204,203,215
INM00042101,1997,191,196,177,155,162,167,196,201,189,188,191,158
INM00042101,1998,167,182,205,191,176,190,186,196,201,202,179,186
INM00042101,1999,188,190,189,185,188,189,208,195,202,207,187,187
INM00042101,2000,189,214,222,215,214,194,214,211,218,233,209,235
INM00042101,2001,231,212,228,225,237,225,202,215,208,236,221,237
INM00042101,2002,239,205,233,223,237,209,231,241,220,237,231,239
INM00042101,2003,248,217,244,230,233,219,226,236,207,239,226,232
INM00042101,2004,227,223,239,226,233,225,235,200,221,238,230,233
INM00042101,2005,242,214,236,233,212,216,235,238,231,240,223,202
INM00042101,2006,229,217,236,221,232,223,235,237,221,240,233,205
INM00042101,2007,206,191,205,218,204,209,199,207,229,232,223,234
INM00042101,2008,243,204,227,228,246,234,239,247,233,240,234,240
INM00042101,2009,241,217,241,239,243,221,241,243,222,240,240,240
INM00042101,2010,237,222,242,237,246,239,233,242,237,245,240,247
INM00042101,2011,248,223,243,239,239,193,226,234,236,239,232,246
INM00042101,2012,247,224,240,230,247,237,245,244,238,242,236,244
INM00042101,2013,247,219,244,240,242,232,245,241,238,247,232,245
INM00042101,2014,245,218,247,238,247,235,243,244,240,247,240,247
INM00042101,2015,248,219,246,239,243,240,247,248,238,246,239,245
INM00042101,2016,245,231,244,235,245,237,246,248,233,247,235,245
INM00042101,2017,248,223,248,240,245,238,248,245,240,248,238,244
INM00042101,2018,246,224,247,235,246,237,248,242,238,242,238,248
INM00042101,2019,248,222,245,237,246,240,248,245,240,248,238,245
INM00042101,2020,247,230,247,240,248,239,247,247,237,247,240,248
INM00042101,2021,248,215,245,225,227,233,247,248,240,248,238,244
INM00042101,2022,244,221,244,238,236,239,242,241,234,243,238,245
INM00042101,2023,242,222,244,230,240,232,244,240,231,244,231,227
INM00042101,2024,241,229,242,212,245,239,243,244,236,246,236,245
INM00042101,2025,246,218,248,238,245,237,246,229,224,247,240,246
INM00042101,2026,241,204,0,0,0,0,0,0,0,0,0,0
INM00042387,1974,0,0,0,0,1,0,0,1,1,0,0,0
INM00042387,2002,0,0,0,0,0,0,0,0,0,0,1,0
INM00042387,2005,1,0,0,0,0,0,0,0,0,0,0,0
INM00042387,2009,0,1,0,0,0,0,0,0,0,0,0,0
INM00042387,2015,0,0,0,0,0,0,0,0,0,0,0,16
INM00042387,2016,24,20,21,21,47,43,37,42,33,44,48,54
INM00042387,2017,43,49,53,49,45,19,20,27,46,48,50,54
INM00042387,2018,56,46,48,44,40,38,46,41,41,49,47,49
INM00042387,2019,44,43,45,44,47,47,54,50,54,55,55,53
INM00042387,2020,59,33,0,0,2,0,0,0,0,0,51,56
INM00042387,2021,57,51,54,56,52,54,56,54,58,54,58,59
INM00042387,2022,60,52,60,48,51,53,61,59,58,58,56,60
INM00042387,2023,61,58,56,59,62,58,58,59,56,57,48,58
INM00042387,2024,49,56,60,52,60,55,60,59,56,61,59,50
INM00042387,2025,51,49,54,58,58,58,57,57,51,57,60,56
INM00042387,2026,58,45,0,0,0,0,0,0,0,0,0,0
INM00042618,1945,294,672,743,720,744,720,744,744,720,259,0,0
INM00042618,2002,0,0,0,1,0,0,0,0,0,0,0,0
INM00042618,2009,0,1,0,0,0,0,0,0,0,0,0,0
INM00042618,2015,0,0,0,0,0,0,0,0,0,0,0,93
INM00042618,2016,124,116,120,118,123,118,122,122,117,123,116,123
INM00042618,2017,121,112,124,120,124,118,124,123,119,123,119,124
INM00042618,2018,123,111,124,113,123,59,106,125,92,61,60,62
INM00042618,2019,62,56,62,118,124,120,124,124,120,124,123,124
INM00042618,2020,124,116,124,120,127,120,124,124,119,127,120,124
INM00042618,2021,123,105,122,97,98,104,99,108,108,122,116,115
INM00042618,2022,118,105,105,110,114,102,108,89,79,98,107,99
INM00042618,2023,106,100,110,99,117,108,107,109,110,115,112,105
INM00042618,2024,115,106,116,97,129,168,171,175,169,183,178,184
INM00042618,2025,185,164,183,179,182,175,178,170,162,184,173,175
INM00042618,2026,177,152,0,0,0,0,0,0,0,0,0,0
INM00042383,1944,116,116,120,116,114,120,120,122,120,114,116,122
INM00042383,1945,122,112,124,116,110,108,116,116,120,122,114,122
INM00042383,1946,120,100,120,116,116,116,84,102,112,88,92,124
INM00042383,1947,122,112,118,120,116,114,114,124,118,124,116,124
INM00042383,1948,110,110,116,106,102,100,106,118,104,102,110,122
INM00042383,1973,7,8,10,7,5,5,5,9,7,2,4,1
INM00042383,1974,1,4,0,0,0,0,0,0,0,0,0,0
INM00042383,1977,0,0,0,0,0,0,12,18,11,1,8,7
INM00042383,1978,6,16,8,10,5,4,14,13,11,0,0,0
INM00042383,1979,0,1,0,2,1,0,1,1,1,1,0,1
INM00042383,1980,1,0,1,0,1,1,0,0,1,0,0,1
INM00042383,1981,0,0,0,1,0,0,1,0,0,1,2,1
INM00042383,1982,0,0,0,0,0,1,0,0,0,0,0,0
INM00042383,1983,0,0,0,0,0,0,0,0,0,0,5,13
INM00042383,1984,9,11,10,12,3,2,12,11,11,12,8,6
INM00042383,1985,10,17,10,0,6,12,11,11,7,9,4,4
INM00042383,1986,15,13,7,11,5,0,6,3,1,2,8,12
INM00042383,1987,11,7,7,7,7,2,3,1,1,1,3,2
INM00042383,1988,9,4,2,0,2,1,5,2,1,0,1,0
INM00042383,1989,1,2,1,1,2,2,0,1,1,0,1,0
INM00042383,1990,0,0,1,0,0,0,0,0,0,0,0,0
INM00042383,2009,0,1,0,0,0,0,0,0,0,0,0,0
INM00042383,2015,0,0,0,0,0,0,0,0,0,0,0,17
INM00042383,2016,25,22,22,21,24,24,28,25,25,0,0,0
INM00042383,2020,1,1,0,0,0,0,0,0,0,0,0,0
INM00042383,2021,0,0,16,56,55,54,59,56,55,56,57,56
INM00042383,2022,59,52,58,51,50,48,49,38,40,49,55,52
INM00042383,2023,43,42,39,41,55,52,54,45,45,49,44,43
INM00042383,2024,49,42,45,38,51,57,55,58,54,59,57,60
INM00042383,2025,58,47,49,41,50,53,53,54,38,59,55,59
INM00042383,2026,57,51,0,0,0,0,0,0,0,0,0,0
INM00042654,2015,0,0,0,0,0,0,0,0,0,0,0,48
INM00042654,2016,61,54,60,60,60,60,54,61,60,60,58,60
INM00042654,2017,60,56,61,58,54,49,61,61,59,60,59,61
INM00042654,2018,62,54,61,58,62,59,60,61,55,55,45,51
INM00042654,2019,57,52,58,59,59,57,61,59,58,59,59,55
INM00042654,2020,61,58,59,59,61,59,61,59,59,61,58,63
INM00042654,2021,61,51,61,60,62,54,60,57,58,61,58,62
INM00042654,2022,62,55,62,56,59,56,59,62,60,56,60,61
INM00042654,2023,62,55,61,58,61,56,60,60,56,60,59,58
INM00042654,2024,62,58,62,54,62,60,60,62,59,62,60,61
INM00042654,2025,60,54,62,60,60,57,60,58,55,56,60,61
INM00042654,2026,62,52,0,0,0,0,0,0,0,0,0,0
INU00042543,1954,62,56,60,60,59,59,60,60,60,62,56,58
INU00042543,1955,61,55,60,60,62,58,60,56,59,61,59,62
INU00042543,1956,61,58,61,59,58,59,59,60,59,61,57,60
INU00042543,1957,81,72,86,74,72,73,139,137,146,154,143,141
INU00042543,1958,152,131,151,147,150,143,146,148,140,149,136,140
INU00042543,1959,70,74,76,77,61,67,65,61,68,58,63,65
INU00042543,1960,57,64,76,72,65,60,64,65,67,63,63,59
INU00042543,1961,101,88,148,142,141,135,147,147,138,143,139,143
INU00042543,1962,148,137,143,138,145,133,142,148,138,146,140,148
INU00042543,1963,58,54,59,59,55,57,56,53,56,60,57,58
INMU0020530,1944,55,57,59,54,55,59,59,61,58,61,58,61
INMU0020530,1945,61,54,60,59,60,57,55,57,60,62,56,58
INMU0020530,1946,61,51,60,59,61,58,57,60,60,47,46,62
INMU0020530,1947,56,54,60,59,62,59,59,61,57,61,60,60
INMU0020530,1948,61,58,62,60,62,58,62,61,59,60,59,62
INMU0020530,1954,62,56,62,60,62,60,62,59,59,62,59,61
INMU0020530,1955,62,54,61,60,61,60,60,58,60,62,60,60
INMU0020530,1956,61,58,62,60,60,59,62,62,60,61,60,61
INMU0020530,1957,84,74,73,73,73,69,93,88,88,93,90,93
INMU0020530,1958,92,83,92,87,89,90,93,90,90,92,90,93
INMU0020530,1959,65,74,74,75,62,69,67,61,65,56,59,66
INMU0020530,1960,65,67,63,72,68,48,50,49,48,40,45,47
INMU0020530,1961,89,87,135,124,116,114,118,130,116,128,129,123
INMU0020530,1962,128,124,143,130,126,132,131,131,121,128,127,126
INMU0020530,1963,62,56,61,60,61,59,57,61,60,61,59,60
INMU0020530,1973,19,21,16,6,12,8,1,1,0,0,0,1
INMU0020530,1984,0,0,0,1,1,0,0,0,0,0,0,0
INMU0020530,2001,0,0,0,0,0,0,1,0,0,1,0,0
INMU0020530,2025,0,0,0,1,0,0,0,0,0,0,0,0
INU00043351,1954,62,56,62,60,62,60,62,59,59,62,59,61
INU00043351,1955,62,54,61,60,61,60,60,58,60,62,60,60
INU00043351,1956,61,58,62,60,60,59,62,62,60,61,60,61
INU00043351,1957,84,74,73,73,73,69,93,88,88,93,90,93
INU00043351,1958,92,83,92,87,89,90,93,90,90,92,90,93
INU00043351,1959,65,74,74,75,62,69,67,61,65,56,59,66
INU00043351,1960,65,67,63,72,68,48,50,49,48,40,45,47
INU00043351,1961,89,87,135,124,116,114,118,130,116,128,129,123
INU00043351,1962,128,124,143,130,126,132,131,131,121,128,127,126
INU00043351,1963,62,56,61,60,61,59,57,61,60,61,59,60
INMU0020523,1944,114,116,116,120,112,114,120,120,118,122,116,118
INMU0020523,1945,120,110,118,116,120,110,116,114,118,124,114,116
INMU0020523,1946,122,102,118,110,122,112,114,114,108,94,90,122
INMU0020523,1947,96,104,124,116,114,104,106,116,112,122,118,84
INMU0020523,1948,118,114,120,116,124,104,118,122,120,116,102,122
INMU0020523,1973,34,30,30,19,18,12,30,19,20,21,29,20
INMU0020523,1974,33,34,28,23,23,32,24,31,14,20,24,26
INMU0020523,1975,24,25,25,15,20,11,20,11,13,17,22,14
INMU0020523,1976,23,11,27,21,9,9,7,8,6,5,4,13
INMU0020523,1977,28,15,25,20,27,23,30,24,27,29,28,34
INMU0020523,1978,37,42,45,39,43,40,30,37,43,0,0,0
INMU0020523,1979,0,0,0,0,0,1,0,0,0,0,0,0
INMU0020523,1983,0,0,0,0,0,0,0,0,9,18,14,15
INMU0020523,1984,24,20,23,20,10,12,18,23,14,29,24,14
INMU0020523,1985,31,24,23,24,13,14,18,25,16,21,20,21
INMU0020523,1986,23,25,18,16,10,10,15,13,11,19,7,18
INMU0020523,1987,13,18,17,12,9,3,5,2,9,3,3,5
INMU0020523,1988,23,13,7,0,1,3,9,10,4,1,4,2
INMU0020523,1989,0,1,4,4,0,1,3,1,7,6,5,6
INMU0020523,1990,2,3,3,0,0,0,0,0,0,0,0,0
INMU0020523,1992,0,0,0,0,0,1,3,1,0,0,3,1
INMU0020523,1994,0,0,0,0,0,0,0,0,0,1,0,0
INMU0020523,1996,0,0,0,0,0,0,0,0,0,1,2,5
INMU0020523,1997,2,6,5,0,0,0,0,0,0,0,0,0
INMU0020523,2005,0,40,236,238,244,232,234,242,237,234,156,241
INMU0020523,2006,227,159,168,236,243,238,245,242,235,242,185,243
INMU0020523,2007,243,221,237,234,232,233,246,232,229,235,235,242
INMU0020523,2008,244,228,241,236,241,235,240,244,237,246,232,244
INMU0020523,2009,246,221,245,235,243,218,246,246,231,246,236,248
INMU0020523,2010,245,221,248,239,246,233,235,245,237,244,239,247
INMU0020523,2011,248,223,241,233,246,200,247,240,239,246,236,247
INMU0020523,2012,247,232,248,240,248,238,248,247,240,247,234,245
INMU0020523,2013,248,223,248,237,246,237,256,248,238,248,237,246
INMU0020523,2014,247,224,247,239,246,238,245,246,237,247,240,248
INMU0020523,2015,247,224,243,239,245,236,248,248,239,248,240,246
INMU0020523,2016,247,215,243,237,246,237,238,247,236,242,227,224
INMU0020523,2017,244,221,240,223,245,235,244,243,237,237,223,242
INMU0020523,2018,239,220,241,226,241,238,244,239,235,244,235,241
INMU0020523,2019,247,222,243,233,244,225,245,246,238,239,234,227
INMU0020523,2020,243,221,209,206,224,238,238,244,234,243,221,239
INMU0020523,2021,244,212,247,233,222,233,244,247,237,239,234,244
INMU0020523,2022,244,209,236,231,234,226,238,215,222,213,227,236
INMU0020523,2023,218,212,131,89,99,108,102,99,94,97,211,212
INMU0020523,2024,202,111,133,203,220,208,228,202,177,216,210,236
INMU0020523,2025,218,191,208,156,132,132,126,118,122,106,94,104
INMU0020523,2026,121,102,0,0,0,0,0,0,0,0,0,0
INU00042571,1954,62,56,62,60,62,60,61,59,57,62,59,60
INU00042571,1955,60,55,61,58,62,60,59,57,60,61,55,62
INU00042571,1956,61,58,60,58,59,58,62,59,60,62,58,61
INU00042571,1957,76,62,71,70,74,56,141,141,139,141,139,141
INU00042571,1958,147,129,146,142,145,138,150,145,141,148,130,129
INU00042571,1959,59,63,76,74,61,62,59,60,58,61,60,64
INU00042571,1960,55,68,72,61,60,47,30,29,29,31,29,31
INU00042571,1961,92,87,124,116,126,132,125,137,126,137,134,127
INU00042571,1962,140,134,145,137,142,136,138,140,140,145,143,137
INU00042571,1963,61,56,61,58,55,58,54,57,60,60,60,58
INMU0020498,1893,31,28,31,30,31,30,31,31,30,31,29,31
INMU0020498,1894,31,28,31,30,31,30,31,31,14,31,30,31
INMU0020498,1895,31,28,31,30,31,30,31,31,29,31,30,31
INMU0020498,1896,31,29,31,30,31,30,31,30,30,31,30,31
INMU0020498,1897,31,28,31,30,31,30,31,31,30,31,30,31
INMU0020498,1898,31,28,31,30,31,30,31,31,30,31,30,31
INMU0020498,1899,31,28,31,30,31,30,31,31,30,31,30,31
INMU0020498,1945,0,0,0,0,0,0,0,0,0,0,112,116
INMU0020498,1946,122,104,118,120,122,116,116,120,118,94,92,124
INMU0020498,1947,124,110,122,116,120,110,118,118,118,124,104,120
INMU0020498,1948,124,112,120,120,124,116,122,124,118,122,120,124
INMU0020498,1954,62,56,62,60,60,60,62,60,59,62,59,61
INMU0020498,1955,62,55,61,60,62,58,60,58,60,60,60,62
INMU0020498,1956,62,58,59,60,60,59,62,62,60,62,60,61
INMU0020498,1957,82,70,76,66,68,64,93,92,90,93,90,93
INMU0020498,1958,92,84,93,89,90,90,93,91,89,93,90,93
INMU0020498,1959,64,65,74,74,62,52,61,59,60,58,64,70
INMU0020498,1960,66,69,68,76,63,53,46,53,54,69,59,59
INMU0020498,1961,86,87,141,119,122,124,129,134,129,135,134,128
INMU0020498,1962,142,137,146,137,132,130,142,143,139,125,129,136
INMU0020498,1963,62,56,62,59,62,60,60,62,60,61,60,61
INMU0020498,1973,140,111,141,87,104,118,122,110,121,110,108,119
INMU0020498,1974,103,94,106,97,66,67,92,84,56,33,60,51
INMU0020498,1975,61,52,53,46,40,44,92,109,120,129,131,137
INMU0020498,1976,135,137,172,143,90,114,125,143,137,120,138,145
INMU0020498,1977,141,139,165,147,159,150,158,174,100,143,108,161
INMU0020498,1978,175,167,184,176,169,154,156,170,164,139,136,149
INMU0020498,1979,146,138,150,167,157,144,151,148,165,182,190,191
INMU0020498,1980,188,179,189,179,190,170,177,166,91,144,138,175
INMU0020498,1981,182,154,182,152,150,137,150,109,108,119,143,142
INMU0020498,1982,144,139,95,112,137,131,116,150,119,141,151,157
INMU0020498,1983,143,96,147,129,161,146,155,127,130,112,164,157
INMU0020498,1984,151,140,168,165,105,111,150,152,140,158,149,135
INMU0020498,1985,149,145,112,43,57,140,125,105,124,131,127,130
INMU0020498,1986,127,145,176,144,146,149,157,157,153,123,131,164
INMU0020498,1987,173,133,175,164,168,162,160,174,156,188,173,179
INMU0020498,1988,183,183,194,179,192,182,183,175,171,178,155,113
INMU0020498,1989,67,49,77,72,78,48,97,83,75,62,66,96
INMU0020498,1990,81,46,86,71,61,44,48,44,67,71,26,77
INMU0020498,1991,79,68,30,47,46,54,36,53,62,73,83,78
INMU0020498,1992,110,95,104,97,76,29,51,44,45,60,58,56
INMU0020498,1993,64,39,53,79,193,199,191,193,191,212,200,179
INMU0020498,1994,196,172,211,187,178,125,71,101,95,110,92,89
INMU0020498,1995,83,63,67,73,56,44,40,76,32,9,60,80
INMU0020498,1996,86,100,109,174,166,179,182,182,166,191,174,170
INMU0020498,1997,174,162,178,172,169,156,59,95,184,210,189,181
INMU0020498,1998,170,184,194,186,171,186,179,197,193,209,191,193
INMU0020498,1999,189,187,202,193,192,175,191,192,185,194,188,188
INMU0020498,2000,196,204,199,208,216,190,203,206,183,224,193,204
INMU0020498,2001,178,167,188,203,207,194,203,189,206,213,206,212
INMU0020498,2002,216,195,202,209,210,184,212,219,222,233,226,233
INMU0020498,2003,241,213,238,218,205,198,234,229,216,235,229,227
INMU0020498,2004,238,226,247,234,237,232,234,237,228,240,230,239
INMU0020498,2005,238,218,238,238,242,235,238,244,233,245,234,238
INMU0020498,2006,233,217,243,237,242,237,243,245,234,244,237,242
INMU0020498,2007,244,222,234,238,237,237,245,238,235,235,235,244
INMU0020498,2008,247,228,245,233,241,236,243,245,236,241,239,236
INMU0020498,2009,244,220,243,231,242,214,243,242,235,248,235,247
INMU0020498,2010,246,222,246,240,243,233,228,244,236,247,240,244
INMU0020498,2011,247,222,245,237,248,200,248,236,240,246,239,243
INMU0020498,2012,246,230,247,238,247,237,247,248,239,246,237,247
INMU0020498,2013,248,223,248,239,244,230,251,246,238,243,234,247
INMU0020498,2014,247,224,248,240,245,236,237,241,234,244,240,248
INMU0020498,2015,247,223,247,240,242,232,241,227,237,247,238,245
INMU0020498,2016,248,230,244,239,248,240,246,247,239,248,238,248
INMU0020498,2017,248,224,248,240,248,240,248,246,240,248,240,248
INMU0020498,2018,248,224,248,239,248,240,247,247,237,247,240,248
INMU0020498,2019,248,224,246,240,248,240,248,248,240,244,238,247
INMU0020498,2020,246,232,247,240,246,239,248,244,237,247,240,248
INMU0020498,2021,248,215,248,240,246,238,245,248,239,248,240,248
INMU0020498,2022,248,224,248,240,234,233,243,241,237,242,240,246
INMU0020498,2023,249,224,243,240,244,237,242,243,228,247,238,234
INMU0020498,2024,248,230,244,216,243,239,241,245,235,247,239,244
INMU0020498,2025,247,215,247,239,244,231,245,231,223,246,237,248
INMU0020498,2026,243,207,0,0,0,0,0,0,0,0,0,0
INU00042909,1954,62,54,62,60,62,60,62,59,59,61,60,62
INU00042909,1955,62,54,61,60,61,60,59,56,59,61,60,62
INU00042909,1956,62,58,61,59,60,58,62,62,60,61,59,60
INU00042909,1957,82,75,79,72,76,62,138,137,139,137,140,144
INU00042909,1958,152,135,149,145,148,144,141,147,146,147,132,137
INU00042909,1959,69,72,81,77,66,69,71,71,63,62,64,61
INU00042909,1960,68,65,71,72,69,63,61,68,65,64,64,67
INU00042909,1961,105,94,145,128,136,123,135,140,132,137,131,136
INU00042909,1962,145,132,149,138,140,143,137,145,141,146,134,139
INU00042909,1963,62,56,62,59,61,59,60,57,59,61,60,61
INMU0020504,1934,31,28,31,30,31,30,30,31,29,31,30,31
INMU0020504,1935,31,28,31,30,31,30,31,29,30,31,30,31
INMU0020504,1944,116,116,120,118,116,116,124,124,120,118,118,124
INMU0020504,1945,122,112,118,118,120,116,116,114,120,120,116,122
INMU0020504,1946,122,102,122,118,122,118,112,124,116,94,92,124
INMU0020504,1947,124,104,124,112,124,118,112,116,58,0,28,114
INMU0020504,1948,124,112,124,118,116,118,122,122,120,106,118,122
INMU0020504,1954,62,54,62,60,62,60,62,59,59,61,60,62
INMU0020504,1955,62,54,61,60,61,60,59,56,59,61,60,62
INMU0020504,1956,62,58,61,59,60,58,62,62,60,61,59,60
INMU0020504,1957,82,75,79,72,76,62,138,137,139,137,140,144
INMU0020504,1958,152,135,149,145,148,144,141,147,146,147,132,137
INMU0020504,1959,69,72,81,77,66,69,71,71,63,62,64,61
INMU0020504,1960,68,65,71,72,69,63,61,68,65,64,64,67
INMU0020504,1961,105,94,145,128,136,123,135,140,132,137,131,136
INMU0020504,1962,145,132,149,138,140,143,137,145,141,146,134,139
INMU0020504,1963,62,56,62,59,61,59,60,57,59,61,60,61
INMU0020504,1973,177,160,191,179,194,141,183,158,166,176,148,173
INMU0020504,1974,167,164,171,174,167,155,142,173,177,169,174,163
INMU0020504,1975,169,160,191,159,165,148,179,190,166,155,177,182
INMU0020504,1976,182,159,187,150,163,144,175,182,168,166,161,173
INMU0020504,1977,182,158,195,200,178,192,177,212,201,190,187,195
INMU0020504,1978,172,201,223,211,214,196,206,214,206,205,178,183
INMU0020504,1979,189,170,198,216,216,202,194,178,197,204,208,212
INMU0020504,1980,214,193,215,188,200,174,177,153,156,158,181,196
INMU0020504,1981,206,190,204,188,166,168,156,170,141,166,160,186
INMU0020504,1982,159,165,198,194,166,154,166,181,192,192,160,183
INMU0020504,1983,189,161,195,153,165,121,121,179,176,165,161,189
INMU0020504,1984,176,177,177,187,141,138,103,159,187,179,165,180
INMU0020504,1985,198,164,184,139,135,141,138,189,177,197,192,188
INMU0020504,1986,192,176,172,158,152,129,113,137,140,143,97,150
INMU0020504,1987,164,180,173,156,192,191,170,180,185,199,204,185
INMU0020504,1988,180,192,186,191,190,156,162,175,180,132,195,201
INMU0020504,1989,180,176,181,189,215,191,178,212,202,219,211,221
INMU0020504,1990,220,195,230,222,181,208,208,209,198,231,198,208
INMU0020504,1991,226,204,227,224,215,205,222,216,210,216,213,219
INMU0020504,1992,219,218,208,225,204,203,202,203,221,225,214,222
INMU0020504,1993,219,209,226,225,232,198,218,228,214,228,220,233
INMU0020504,1994,221,208,237,230,224,211,215,227,214,216,232,229
INMU0020504,1995,223,210,226,229,230,215,233,232,220,241,223,229
INMU0020504,1996,227,212,234,229,237,211,226,232,222,227,227,231
INMU0020504,1997,239,214,222,208,231,202,227,234,232,232,202,222
INMU0020504,1998,212,201,229,214,239,215,212,218,210,237,213,221
INMU0020504,1999,214,209,220,213,215,190,193,214,190,205,185,196
INMU0020504,2000,218,217,230,204,233,197,201,220,205,213,195,206
INMU0020504,2001,238,214,232,218,237,214,224,235,230,241,225,238
INMU0020504,2002,237,209,219,230,232,213,235,236,233,228,234,243
INMU0020504,2003,245,212,237,232,236,209,240,237,222,230,236,243
INMU0020504,2004,237,229,244,233,242,225,242,243,235,244,235,242
INMU0020504,2005,239,220,238,237,236,231,228,233,230,243,232,237
INMU0020504,2006,231,213,246,235,240,227,245,240,236,245,232,238
INMU0020504,2007,241,221,237,235,235,234,240,228,230,229,229,242
INMU0020504,2008,243,229,244,239,246,237,241,244,238,243,236,238
INMU0020504,2009,242,223,242,234,246,224,247,247,239,248,236,248
INMU0020504,2010,247,222,247,238,243,235,234,245,229,244,235,247
INMU0020504,2011,245,219,240,238,247,196,239,235,237,246,240,243
INMU0020504,2012,246,231,245,238,247,234,248,247,239,247,236,246
INMU0020504,2013,247,222,248,239,246,238,250,248,239,247,119,147
INMU0020504,2014,184,168,184,165,185,180,186,185,179,193,181,186
INMU0020504,2015,185,165,144,120,121,120,124,123,120,123,120,124
INMU0020504,2016,124,117,128,120,124,120,246,248,240,248,239,248
INMU0020504,2017,247,224,248,240,248,238,247,245,240,248,240,246
INMU0020504,2018,248,224,248,237,248,240,248,248,237,246,240,247
INMU0020504,2019,247,224,246,240,248,240,248,248,240,248,238,248
INMU0020504,2020,248,231,248,240,248,238,246,248,236,248,240,247
INMU0020504,2021,248,214,248,239,244,239,245,245,239,247,240,248
INMU0020504,2022,248,224,247,240,247,239,247,244,238,243,240,246
INMU0020504,2023,248,219,244,239,248,238,248,246,234,247,237,235
INMU0020504,2024,248,231,160,108,122,120,120,124,118,186,238,244
INMU0020504,2025,245,220,248,240,247,237,244,230,223,245,237,247
INMU0020504,2026,230,105,0,0,0,0,0,0,0,0,0,0
INMU0020448,1942,0,0,0,0,0,0,0,0,0,0,119,462
INMU0020448,1943,464,672,726,715,719,719,744,744,718,744,711,744
INMU0020448,1944,743,695,744,708,744,720,743,743,716,744,720,744
INMU0020448,1945,744,670,741,720,743,720,744,743,717,744,720,743
INMU0020448,1946,545,98,122,118,122,114,114,120,114,92,90,122
INMU0020448,1947,122,106,118,120,122,114,120,124,120,124,120,122
INMU0020448,1948,124,116,124,118,116,118,120,122,118,120,120,124
INMU0020448,1973,144,111,134,87,82,113,99,100,108,94,91,105
INMU0020448,1974,91,109,102,63,76,100,82,140,119,91,106,134
INMU0020448,1975,164,151,147,147,136,103,165,126,101,89,134,142
INMU0020448,1976,145,140,146,123,86,102,118,174,126,129,142,163
INMU0020448,1977,156,140,196,179,188,173,169,179,181,156,175,197
INMU0020448,1978,156,167,220,200,196,192,192,207,188,196,170,199
INMU0020448,1979,186,172,186,153,187,158,178,194,167,138,115,91
INMU0020448,1980,102,127,162,162,152,128,149,149,123,109,136,172
INMU0020448,1981,171,155,152,146,174,162,154,171,140,188,154,179
INMU0020448,1982,171,171,179,159,141,113,112,149,128,99,139,134
INMU0020448,1983,149,142,172,90,125,96,141,155,157,148,164,174
INMU0020448,1984,145,137,168,161,145,69,100,150,140,150,106,144
INMU0020448,1985,164,145,98,63,95,57,63,88,73,66,71,87
INMU0020448,1986,108,108,131,114,71,88,68,67,97,72,109,143
INMU0020448,1987,138,93,92,84,114,49,18,9,32,39,47,62
INMU0020448,1988,75,91,77,73,51,74,59,32,74,46,43,45
INMU0020448,1989,32,77,80,128,109,61,21,79,57,75,62,68
INMU0020448,1990,105,106,81,33,55,31,33,36,26,92,29,37
INMU0020448,1991,42,61,90,73,36,46,108,68,73,171,64,14
INMU0020448,1992,95,124,112,80,71,54,25,16,0,62,48,50
INMU0020448,1993,67,100,96,110,99,70,196,126,164,222,204,187
INMU0020448,1994,190,193,203,166,184,160,202,168,149,178,73,1
INMU0020448,1995,115,153,190,196,146,170,223,221,134,120,106,218
INMU0020448,1996,209,203,205,219,196,208,224,220,225,223,222,232
INMU0020448,1997,203,210,130,0,92,196,186,189,187,198,190,170
INMU0020448,1998,178,179,132,119,194,188,158,182,186,153,161,197
INMU0020448,1999,195,182,195,187,160,118,94,190,181,195,143,132
INMU0020448,2000,156,79,188,188,156,176,191,165,180,224,218,230
INMU0020448,2001,234,165,233,209,133,202,220,207,185,184,185,162
INMU0020448,2002,201,130,222,214,1,37,230,217,121,206,238,218
INMU0020448,2003,229,205,238,219,201,199,213,223,205,213,228,224
INMU0020448,2004,228,221,237,220,239,227,236,234,232,234,168,237
INMU0020448,2005,239,218,233,214,241,234,235,234,229,248,230,232
INMU0020448,2006,237,210,231,235,173,158,162,195,158,235,209,219
INMU0020448,2007,220,212,219,237,235,232,209,233,231,219,236,241
INMU0020448,2008,241,217,203,237,241,230,235,240,235,245,236,239
INMU0020448,2009,239,212,226,233,242,209,242,232,236,241,226,245
INMU0020448,2010,242,221,240,233,234,229,233,240,238,245,237,241
INMU0020448,2011,239,221,230,228,223,199,246,244,239,243,239,237
INMU0020448,2012,249,232,243,239,243,239,246,271,238,250,237,244
INMU0020448,2013,245,223,246,238,246,236,249,247,241,255,259,252
INMU0020448,2014,260,229,144,144,151,137,139,157,143,150,168,166
INMU0020448,2015,158,155,225,241,245,235,249,245,238,249,494,820
INMU0020448,2016,809,779,786,757,855,849,886,972,786,963,842,955
INMU0020448,2017,932,839,918,856,816,853,787,890,908,925,894,952
INMU0020448,2018,979,865,949,865,885,907,925,912,840,911,919,969
INMU0020448,2019,930,874,906,958,930,887,926,1007,926,966,980,1074
INMU0020448,2020,1059,980,963,720,717,922,972,937,893,971,911,942
INMU0020448,2021,956,802,959,907,881,833,927,933,934,938,932,971
INMU0020448,2022,956,874,957,915,941,910,953,962,946,942,942,958
INMU0020448,2023,978,890,971,918,936,865,911,840,812,877,937,966
INMU0020448,2024,969,928,966,929,930,883,916,660,407,431,484,489
INMU0020448,2025,472,872,909,765,951,887,949,903,883,974,970,1000
INMU0020448,2026,983,825,0,0,0,0,0,0,0,0,0,0
INU00042809,1954,62,56,62,60,62,59,61,60,60,62,60,62
INU00042809,1955,61,55,61,60,62,60,60,58,60,62,60,62
INU00042809,1956,62,58,62,60,60,60,61,62,60,61,60,61
INU00042809,1957,89,77,76,79,79,69,140,148,149,149,149,151
INU00042809,1958,152,134,149,147,157,143,150,149,142,147,137,140
INU00042809,1959,68,78,90,84,73,64,63,73,65,62,70,63
INU00042809,1960,70,71,80,76,78,63,76,70,66,72,58,61
INU00042809,1961,105,91,150,130,143,134,135,134,139,148,137,139
INU00042809,1962,150,138,149,145,150,140,147,153,140,150,148,149
INU00042809,1963,62,55,62,58,61,58,62,60,59,62,59,60
INMU0020514,1934,31,28,31,30,31,30,31,31,30,31,30,31
INMU0020514,1935,31,28,31,30,31,30,31,31,30,31,30,31
INMU0020514,1944,114,116,118,120,116,120,122,124,120,124,120,116
INMU0020514,1945,124,110,124,120,120,114,116,116,120,124,116,118
INMU0020514,1946,120,102,120,120,122,116,100,122,118,96,92,124
INMU0020514,1947,110,70,124,114,124,118,118,112,110,122,114,122
INMU0020514,1948,122,116,120,120,124,116,120,124,118,118,120,122
INMU0020514,1954,62,56,62,60,61,60,60,60,60,62,60,62
INMU0020514,1955,61,53,61,58,62,59,60,57,60,62,59,62
INMU0020514,1956,62,58,61,60,60,60,61,61,60,60,58,61
INMU0020514,1957,89,80,77,77,75,61,136,142,139,144,137,136
INMU0020514,1958,145,131,144,142,141,139,144,145,147,148,125,134
INMU0020514,1959,72,68,78,77,62,66,62,71,61,51,61,59
INMU0020514,1960,62,65,66,63,50,50,31,28,30,31,30,29
INMU0020514,1961,86,81,131,118,114,112,126,139,122,141,118,126
INMU0020514,1962,137,129,137,123,123,140,140,141,135,134,133,146
INMU0020514,1963,60,54,61,59,60,60,60,61,59,61,60,58
INMU0020514,1973,155,130,163,146,142,145,158,152,154,158,148,156
INMU0020514,1974,167,158,191,187,175,169,193,192,171,184,181,186
INMU0020514,1975,177,169,195,173,171,157,189,193,166,171,188,167
INMU0020514,1976,169,137,179,169,167,137,181,169,159,166,178,176
INMU0020514,1977,179,169,194,200,198,187,182,204,194,188,188,190
INMU0020514,1978,194,199,230,218,222,219,227,226,215,225,210,207
INMU0020514,1979,208,191,216,231,234,227,227,232,231,236,231,238
INMU0020514,1980,231,224,235,222,211,210,226,217,220,242,217,237
INMU0020514,1981,237,215,237,224,229,223,236,238,229,237,225,240
INMU0020514,1982,231,218,233,228,229,226,233,227,226,219,220,234
INMU0020514,1983,233,220,236,221,219,227,228,234,234,233,220,219
INMU0020514,1984,236,215,229,225,235,221,217,225,226,235,227,235
INMU0020514,1985,242,217,234,211,188,199,218,219,215,213,221,223
INMU0020514,1986,226,208,218,207,220,179,186,187,204,217,213,226
INMU0020514,1987,233,206,214,217,219,217,208,203,197,204,204,191
INMU0020514,1988,178,179,185,175,194,162,159,156,157,175,178,197
INMU0020514,1989,180,181,199,213,193,210,200,212,205,224,197,216
INMU0020514,1990,222,202,210,215,178,220,207,209,222,215,207,220
INMU0020514,1991,225,199,222,222,217,203,223,218,213,223,208,211
INMU0020514,1992,217,212,198,220,224,197,217,215,223,221,211,221
INMU0020514,1993,217,203,226,227,222,206,235,224,209,222,223,220
INMU0020514,1994,210,192,227,219,201,213,222,205,200,206,199,215
INMU0020514,1995,208,200,218,201,212,204,227,209,202,221,202,221
INMU0020514,1996,203,195,208,204,209,198,207,216,197,216,207,212
INMU0020514,1997,207,184,201,168,178,170,178,188,189,205,196,197
INMU0020514,1998,182,195,213,202,214,203,211,198,184,197,162,193
INMU0020514,1999,187,193,210,199,193,194,187,181,175,187,188,180
INMU0020514,2000,188,214,215,196,228,192,197,194,188,215,203,212
INMU0020514,2001,219,185,215,199,200,187,224,224,213,220,212,150
INMU0020514,2002,199,165,163,194,201,183,217,229,230,218,236,234
INMU0020514,2003,227,217,239,231,237,220,242,234,217,238,234,241
INMU0020514,2004,242,224,243,237,242,234,242,244,234,242,235,243
INMU0020514,2005,245,223,241,237,246,236,244,240,236,246,231,240
INMU0020514,2006,234,219,243,239,244,236,246,247,231,247,234,242
INMU0020514,2007,244,222,237,238,235,236,246,239,236,239,233,246
INMU0020514,2008,246,228,244,239,247,235,243,245,237,243,236,239
INMU0020514,2009,244,220,244,238,244,223,245,246,236,247,236,247
INMU0020514,2010,246,223,246,237,245,229,236,245,228,243,236,246
INMU0020514,2011,247,221,240,234,243,194,240,240,238,236,233,242
INMU0020514,2012,248,226,243,231,241,227,246,242,234,241,228,244
INMU0020514,2013,248,222,247,235,246,239,249,248,238,248,231,244
INMU0020514,2014,246,224,248,239,242,239,247,247,237,247,238,247
INMU0020514,2015,246,223,245,220,245,238,248,240,235,247,239,247
INMU0020514,2016,248,229,246,239,244,237,246,246,236,248,236,248
INMU0020514,2017,247,223,248,238,247,234,243,242,237,239,238,246
INMU0020514,2018,247,221,248,237,246,239,245,247,236,246,239,244
INMU0020514,2019,246,223,244,237,247,240,248,247,240,248,235,248
INMU0020514,2020,247,230,244,227,245,235,246,245,234,245,236,245
INMU0020514,2021,245,208,240,233,243,236,244,244,237,240,237,245
INMU0020514,2022,246,219,243,232,247,237,243,243,238,240,238,241
INMU0020514,2023,245,207,240,230,240,236,242,189,212,237,222,228
INMU0020514,2024,237,193,196,203,239,237,194,231,184,245,237,240
INMU0020514,2025,239,209,240,234,246,310,390,339,232,269,328,306
INMU0020514,2026,311,258,0,0,0,0,0,0,0,0,0,0
INU00042634,1954,58,56,61,60,61,58,62,59,60,62,59,62
INU00042634,1955,61,54,61,59,61,60,59,55,58,60,60,62
INU00042634,1956,62,58,61,52,60,58,59,60,60,62,59,60
INU00042634,1957,85,69,79,69,75,59,134,132,136,136,133,134
INU00042634,1958,146,138,144,143,146,142,140,149,142,147,130,140
INU00042634,1959,65,67,75,73,60,65,56,68,64,54,63,61
INU00042634,1960,66,67,73,68,64,56,52,62,65,68,55,60
INU00042634,1961,95,78,133,116,130,115,120,133,110,138,136,124
INU00042634,1962,141,137,137,138,140,123,138,134,137,131,132,147
INU00042634,1963,61,56,59,59,58,57,59,59,60,61,59,57
INMU0020551,1944,57,56,60,59,56,60,60,57,59,60,59,61
INMU0020551,1945,61,54,61,60,56,54,58,58,60,60,57,58
INMU0020551,1946,62,50,59,60,62,59,57,61,60,48,46,62
INMU0020551,1947,61,56,62,60,61,59,59,61,60,61,60,61
INMU0020551,1948,61,58,62,60,62,57,59,62,60,60,59,62
INU00042647,1954,62,55,62,60,62,60,62,60,60,62,60,60
INU00042647,1955,62,55,61,59,61,59,60,58,59,61,60,62
INU00042647,1956,62,58,61,60,60,60,62,59,60,60,58,60
INU00042647,1957,94,82,82,76,73,65,147,151,149,152,155,153
INU00042647,1958,156,135,160,146,158,151,151,152,150,153,135,142
INU00042647,1959,72,84,88,82,64,70,69,71,69,65,68,63
INU00042647,1960,64,74,84,81,72,63,72,71,70,66,63,63
INU00042647,1961,103,97,138,127,135,134,132,132,136,135,135,137
INU00042647,1962,147,136,151,142,149,143,143,145,133,142,142,144
INU00042647,1963,61,55,61,58,54,57,59,60,60,60,59,58
INMU0020554,1944,110,116,120,116,116,118,124,124,120,122,120,120
INMU0020554,1945,122,112,120,120,120,116,116,114,120,124,116,118
INMU0020554,1946,124,102,122,118,124,116,102,122,114,96,90,124
INMU0020554,1947,122,86,124,120,122,120,118,120,114,122,120,124
INMU0020554,1948,120,116,124,120,124,114,120,124,96,118,90,122
INMU0020554,1954,62,56,60,60,60,59,62,60,60,62,60,62
INMU0020554,1955,62,54,61,58,62,58,59,58,60,62,60,62
INMU0020554,1956,62,58,61,59,59,60,61,62,59,60,60,60
INMU0020554,1957,86,71,78,65,70,65,143,145,145,150,146,141
INMU0020554,1958,143,134,148,141,150,144,143,144,149,149,131,143
INMU0020554,1959,64,73,71,79,65,57,67,69,67,57,63,66
INMU0020554,1960,73,71,77,78,71,67,51,63,62,55,59,67
INMU0020554,1961,100,95,140,120,127,123,126,138,137,143,139,136
INMU0020554,1962,148,138,148,139,146,144,144,150,142,144,143,139
INMU0020554,1963,61,55,61,58,59,58,59,62,58,61,58,59
INMU0020554,1980,0,0,0,0,0,0,0,0,0,5,2,0
INMU0020554,1981,2,2,1,2,1,1,0,1,0,3,1,3
INMU0020554,1982,0,2,1,0,1,0,1,4,2,0,0,0
INMU0020554,1983,1,0,0,1,4,0,1,0,3,0,0,1
INMU0020554,1984,3,3,1,3,1,3,0,3,1,0,2,0
INMU0020554,1985,1,2,3,0,3,2,1,2,2,1,2,1
INMU0020554,1986,1,1,2,3,4,4,4,2,0,5,7,1
INMU0020554,1987,0,0,1,1,4,1,1,3,1,0,1,0
INMU0020554,1988,0,1,0,1,4,0,0,0,0,0,0,0
INMU0020554,1999,0,1,0,0,1,0,0,0,2,0,1,0
INMU0020554,2000,0,1,0,0,0,0,0,0,0,0,0,0
INMU0020554,2001,0,0,0,0,0,1,0,0,0,0,0,0
INMU0020554,2002,0,0,0,0,1,0,0,1,0,0,0,1
INMU0020554,2003,0,0,1,1,0,1,0,0,0,0,0,0
INMU0020554,2015,0,0,0,0,0,0,0,0,0,0,0,1
INMU0020554,2016,0,0,1,0,0,0,1,0,0,1,0,0
INMU0020554,2018,0,0,0,0,0,0,0,1,0,0,0,0
INMU0020554,2019,0,0,0,0,0,1,0,0,0,0,0,0
INMU0020554,2023,1,0,0,1,0,0,0,0,0,0,0,0
INU55-00069,1893,31,28,31,30,31,30,31,31,30,31,29,31
INU55-00069,1894,31,28,31,30,31,30,31,31,30,31,30,31
INU55-00069,1895,31,28,31,30,31,30,31,31,30,31,30,31
INU55-00069,1896,31,29,31,30,31,30,31,30,30,31,30,31
INU55-00069,1897,31,28,31,30,31,30,31,31,30,31,29,31
INU55-00069,1898,31,28,31,30,31,30,31,31,30,31,30,31
INU55-00069,1899,31,28,31,30,31,30,31,31,30,31,30,31
INMU0020524,1944,110,98,114,112,110,120,112,122,116,112,118,120
INMU0020524,1945,116,104,116,106,118,110,106,112,112,114,110,120
INMU0020524,1946,122,100,116,94,80,102,110,118,112,90,86,120
INMU0020524,1947,120,90,122,120,120,118,114,120,112,120,118,122
INMU0020524,1948,120,116,122,120,120,116,124,122,112,120,106,122
INMU0020524,1973,40,37,48,24,24,16,33,29,17,24,27,29
INMU0020524,1974,26,32,28,29,24,28,19,19,12,19,12,23
INMU0020524,1975,15,8,11,10,11,26,84,104,49,56,70,61
INMU0020524,1976,68,63,91,85,127,112,133,142,119,123,121,136
INMU0020524,1977,160,134,158,162,139,148,152,162,167,163,162,173
INMU0020524,1978,185,195,232,189,208,194,214,210,181,196,193,193
INMU0020524,1979,200,190,202,217,238,213,219,211,217,217,184,203
INMU0020524,1980,230,208,230,210,213,195,222,212,173,212,210,221
INMU0020524,1981,223,204,225,220,224,202,218,220,189,218,206,220
INMU0020524,1982,195,192,222,210,168,175,186,197,195,188,200,224
INMU0020524,1983,220,189,222,198,191,194,219,228,231,230,215,198
INMU0020524,1984,212,200,226,214,231,195,209,218,222,225,205,221
INMU0020524,1985,231,209,218,221,196,202,226,222,216,222,206,223
INMU0020524,1986,219,205,223,210,221,201,206,188,207,198,202,212
INMU0020524,1987,206,185,200,207,189,189,200,200,205,215,191,229
INMU0020524,1988,226,213,206,212,211,206,184,202,184,152,158,195
INMU0020524,1989,165,182,206,198,197,199,199,201,165,207,223,217
INMU0020524,1990,221,194,221,198,169,198,213,209,190,199,145,197
INMU0020524,1991,165,190,174,196,171,157,193,203,183,193,196,215
INMU0020524,1992,211,205,134,197,180,177,196,189,205,208,191,182
INMU0020524,1993,210,180,206,201,173,182,207,203,189,206,201,201
INMU0020524,1994,210,192,207,201,198,203,196,210,195,219,214,228
INMU0020524,1995,219,203,190,199,216,172,193,223,184,179,169,177
INMU0020524,1996,188,192,183,163,180,136,195,192,223,180,182,182
INMU0020524,1997,188,170,118,170,145,179,183,188,129,175,183,199
INMU0020524,1998,185,158,135,178,193,144,212,192,213,212,218,206
INMU0020524,1999,210,190,197,194,197,202,190,180,153,203,201,145
INMU0020524,2000,200,201,213,181,225,208,218,185,206,230,219,203
INMU0020524,2001,233,201,218,178,213,217,228,188,201,223,227,226
INMU0020524,2002,232,190,223,212,197,209,218,177,188,220,223,230
INMU0020524,2003,236,215,241,232,225,199,241,229,219,236,229,232
INMU0020524,2004,240,218,242,215,211,227,237,233,228,240,234,243
INMU0020524,2005,239,219,237,239,246,235,237,243,235,246,213,243
INMU0020524,2006,237,221,225,237,242,238,247,244,236,248,239,244
INMU0020524,2007,246,221,240,236,238,237,247,238,235,237,237,247
INMU0020524,2008,246,232,243,237,246,240,244,245,239,245,235,244
INMU0020524,2009,245,224,246,238,246,220,247,246,234,247,238,248
INMU0020524,2010,246,224,247,239,247,236,235,247,238,245,239,248
INMU0020524,2011,248,223,243,240,246,200,247,245,240,248,240,247
INMU0020524,2012,248,231,248,240,248,238,248,246,240,247,235,247
INMU0020524,2013,248,223,248,238,246,238,257,248,238,248,238,248
INMU0020524,2014,248,224,248,240,248,239,245,248,239,248,240,248
INMU0020524,2015,248,224,247,240,245,238,248,248,239,248,240,247
INMU0020524,2016,247,224,245,239,246,240,248,248,240,247,236,248
INMU0020524,2017,247,223,248,238,248,237,248,246,240,248,238,246
INMU0020524,2018,248,221,246,230,248,239,237,244,236,246,239,244
INMU0020524,2019,248,223,246,237,245,237,247,247,239,247,236,246
INMU0020524,2020,245,231,247,239,238,239,244,248,236,247,240,248
INMU0020524,2021,248,213,248,238,248,240,247,248,240,248,240,248
INMU0020524,2022,248,222,248,240,244,238,244,237,238,235,239,244
INMU0020524,2023,246,222,145,116,114,118,122,123,119,187,233,200
INMU0020524,2024,242,226,242,210,239,230,240,238,127,240,230,154
INMU0020524,2025,152,212,138,177,239,228,241,227,219,238,235,178
INMU0020524,2026,121,105,0,0,0,0,0,0,0,0,0,0
INU00042727,1954,59,37,2,2,0,0,2,0,16,53,56,51
INU00042727,1955,59,10,2,50,36,0,55,53,56,60,55,20
INU00042727,1956,6,0,0,0,6,1,23,3,0,1,3,4
INU00042727,1957,0,21,1,2,2,6,5,1,1,2,4,7
INU00042727,1958,4,9,5,8,16,16,10,20,24,15,25,22
INU00042727,1959,27,30,31,35,19,26,26,33,32,29,24,35
INU00042727,1960,33,31,29,24,24,15,14,23,20,19,21,25
INU00042727,1961,23,21,17,12,14,20,22,19,23,22,19,18
INU00042727,1962,31,31,32,16,26,24,25,37,26,25,32,29
INU00042727,1963,47,48,54,48,49,50,56,54,49,52,57,58
INMU0020569,1944,55,58,58,57,54,59,61,61,60,59,58,62
INMU0020569,1945,62,56,62,60,61,58,58,57,60,60,57,62
INMU0020569,1946,62,51,59,59,61,59,58,62,60,48,46,62
INMU0020569,1947,61,54,61,60,58,55,59,61,59,62,58,61
INMU0020569,1948,62,58,62,60,58,58,62,62,60,61,60,62
INU00043604,1955,23,18,4,7,6,2,4,0,2,1,1,1
INU00043604,1956,2,0,10,21,17,14,15,24,17,21,14,14
INU00043604,1957,17,13,10,7,9,6,9,11,14,10,13,9
INU00043604,1958,3,11,5,3,6,1,2,1,9,9,18,16
INU00043604,1959,12,16,10,2,16,18,16,21,16,18,14,19
INU00043604,1960,16,19,14,17,18,9,18,17,22,18,24,15
INU00043604,1961,19,16,17,21,15,12,20,19,19,17,17,16
INU00043604,1962,17,14,17,16,21,15,20,14,15,21,17,15
INU00043604,1963,22,17,22,16,17,13,17,22,28,36,34,33
INMU0020518,1944,116,110,120,116,116,118,124,122,118,122,120,122
INMU0020518,1945,124,110,122,120,124,114,112,116,120,122,114,118
INMU0020518,1946,124,102,122,118,122,116,114,124,116,90,62,122
INMU0020518,1947,110,82,122,118,122,118,120,112,118,120,120,116
INMU0020518,1948,120,116,110,118,124,108,120,122,118,116,116,124
INMU0020518,1954,62,56,61,60,61,60,61,60,60,62,60,61
INMU0020518,1955,62,55,61,59,60,59,60,57,59,61,60,62
INMU0020518,1956,60,58,62,59,57,60,61,61,60,62,60,60
INMU0020518,1957,74,72,84,63,61,56,145,134,140,142,136,142
INMU0020518,1958,148,130,146,140,142,143,136,142,142,138,127,132
INMU0020518,1959,68,64,73,72,59,52,54,52,55,45,54,55
INMU0020518,1960,52,59,61,65,52,55,53,54,56,55,57,55
INMU0020518,1961,94,82,139,113,122,127,127,130,131,140,130,125
INMU0020518,1962,150,131,143,132,140,133,147,143,133,145,135,141
INMU0020518,1963,62,55,60,60,58,57,62,57,58,61,60,59
INMU0020518,1973,141,134,160,143,167,165,174,140,144,142,143,138
INMU0020518,1974,128,129,135,127,133,152,143,157,136,150,132,155
INMU0020518,1975,142,141,151,91,137,120,159,152,125,132,158,133
INMU0020518,1976,156,125,161,130,143,138,145,158,138,144,150,153
INMU0020518,1977,162,152,182,187,162,150,169,168,181,160,171,189
INMU0020518,1978,189,183,214,201,213,195,204,207,194,199,187,183
INMU0020518,1979,194,173,201,212,220,191,216,202,209,220,173,197
INMU0020518,1980,226,207,214,201,207,183,204,222,169,200,210,205
INMU0020518,1981,209,199,223,209,217,198,200,202,192,205,211,221
INMU0020518,1982,190,180,214,199,159,164,185,187,191,183,201,193
INMU0020518,1983,191,188,216,187,195,191,205,218,218,228,217,199
INMU0020518,1984,195,205,217,205,220,190,205,221,213,220,213,226
INMU0020518,1985,230,194,218,218,198,206,211,227,212,214,195,210
INMU0020518,1986,212,197,204,208,200,175,208,172,205,172,174,195
INMU0020518,1987,186,195,190,203,204,196,196,190,199,211,190,210
INMU0020518,1988,221,188,181,185,197,195,180,205,165,145,162,193
INMU0020518,1989,161,179,199,200,183,175,187,193,157,220,219,224
INMU0020518,1990,191,181,216,187,166,170,213,206,186,202,96,189
INMU0020518,1991,187,198,185,180,164,167,196,199,189,190,202,200
INMU0020518,1992,218,201,128,177,181,159,196,195,209,212,213,189
INMU0020518,1993,204,185,206,206,184,196,206,200,203,209,182,181
INMU0020518,1994,198,186,214,199,184,183,191,198,173,189,198,188
INMU0020518,1995,194,187,199,155,178,172,210,208,168,155,159,173
INMU0020518,1996,187,176,97,144,166,124,157,181,162,166,166,163
INMU0020518,1997,195,157,127,166,118,189,196,183,119,187,192,184
INMU0020518,1998,156,119,175,165,183,168,170,201,214,214,212,234
INMU0020518,1999,209,166,170,207,111,190,200,200,197,186,205,132
INMU0020518,2000,181,183,196,209,197,193,218,203,205,202,198,212
INMU0020518,2001,220,192,210,202,220,206,224,206,200,209,195,219
INMU0020518,2002,223,199,211,206,194,196,230,179,221,226,229,226
INMU0020518,2003,234,217,243,235,236,215,240,233,221,235,223,237
INMU0020518,2004,239,218,243,234,243,231,237,236,230,242,236,243
INMU0020518,2005,238,218,238,232,243,238,240,241,239,247,224,243
INMU0020518,2006,239,221,248,236,246,238,243,245,237,246,239,244
INMU0020518,2007,246,221,239,238,238,237,247,238,237,237,237,246
INMU0020518,2008,247,232,243,237,246,240,244,246,239,246,235,243
INMU0020518,2009,247,224,245,238,245,223,247,246,234,247,238,247
INMU0020518,2010,246,223,247,240,247,236,237,246,238,244,240,248
INMU0020518,2011,248,223,243,240,248,200,246,245,239,248,240,247
INMU0020518,2012,247,231,248,240,248,238,248,245,240,246,234,247
INMU0020518,2013,248,223,247,238,246,238,251,248,238,248,238,248
INMU0020518,2014,248,224,248,240,248,238,245,247,239,248,240,248
INMU0020518,2015,247,224,247,240,245,238,248,248,239,248,240,247
INMU0020518,2016,248,223,246,237,247,240,248,248,240,248,237,248
INMU0020518,2017,248,223,248,240,248,240,248,247,240,248,240,248
INMU0020518,2018,248,222,246,230,248,240,247,247,238,247,240,248
INMU0020518,2019,248,224,245,239,247,237,248,248,238,247,237,245
INMU0020518,2020,248,232,248,237,237,240,247,247,237,246,239,247
INMU0020518,2021,248,213,248,238,248,239,245,248,239,248,238,247
INMU0020518,2022,247,222,247,239,245,239,246,236,238,233,240,247
INMU0020518,2023,247,223,241,219,196,117,124,121,119,123,120,193
INMU0020518,2024,245,226,242,214,244,236,240,237,230,244,232,240
INMU0020518,2025,237,213,245,237,244,229,246,228,223,238,236,241
INMU0020518,2026,238,206,0,0,0,0,0,0,0,0,0,0
INU00042737,1954,62,55,62,58,62,60,62,60,60,61,59,61
INU00042737,1955,62,53,61,57,59,60,60,58,60,60,60,62
INU00042737,1956,61,57,62,57,57,51,62,60,60,62,59,60
INU00042737,1957,58,50,55,50,56,49,43,37,48,47,46,42
INU00042737,1958,56,50,53,56,52,50,54,51,54,50,39,40
INU00042737,1959,47,43,55,58,46,53,56,56,51,51,46,45
INU00042737,1960,50,50,52,50,52,43,31,29,30,30,30,31
INU00042737,1961,29,26,31,25,29,29,29,30,30,30,29,24
INU00042737,1962,43,47,45,49,50,47,42,40,43,49,44,48
INU00042737,1963,59,56,60,60,61,59,58,60,60,59,60,61
INMU0020525,1944,57,58,60,59,57,60,60,60,60,60,60,59
INMU0020525,1945,61,55,62,55,55,58,57,57,58,62,57,57
INMU0020525,1946,61,51,59,49,54,57,56,61,58,46,43,61
INMU0020525,1947,59,54,61,60,62,57,57,59,58,61,60,60
INMU0020525,1948,62,58,62,60,61,58,62,61,59,58,53,61
INMU0020525,1973,104,96,114,98,116,101,123,94,97,105,99,101
INMU0020525,1974,104,114,148,156,147,149,151,163,149,144,133,145
INMU0020525,1975,153,150,163,100,140,129,153,154,123,143,145,147
INMU0020525,1976,169,128,165,139,150,146,146,164,150,146,147,147
INMU0020525,1977,163,154,192,182,166,155,183,174,193,173,171,187
INMU0020525,1978,194,199,223,198,213,197,219,209,198,200,188,193
INMU0020525,1979,194,182,214,221,226,206,212,205,210,223,192,211
INMU0020525,1980,223,214,234,211,227,200,214,222,183,224,213,225
INMU0020525,1981,226,200,225,214,226,218,229,216,203,210,213,224
INMU0020525,1982,205,199,224,206,180,195,199,204,198,200,209,222
INMU0020525,1983,230,195,226,200,199,205,226,232,224,233,228,214
INMU0020525,1984,222,210,237,229,238,210,216,230,221,224,216,231
INMU0020525,1985,233,210,234,231,207,212,230,238,219,231,210,227
INMU0020525,1986,224,211,236,232,240,211,214,199,221,211,221,216
INMU0020525,1987,219,208,223,217,216,205,214,212,219,219,206,232
INMU0020525,1988,229,222,228,220,218,221,201,210,197,177,173,211
INMU0020525,1989,185,197,224,215,225,213,212,211,191,219,223,224
INMU0020525,1990,225,204,228,204,177,218,230,229,210,224,163,217
INMU0020525,1991,194,212,207,212,201,198,213,220,210,211,212,222
INMU0020525,1992,221,211,151,214,201,200,210,205,213,224,226,202
INMU0020525,1993,228,204,229,225,195,218,232,222,216,219,204,222
INMU0020525,1994,211,198,240,220,208,205,224,224,218,229,225,228
INMU0020525,1995,232,204,222,226,237,203,227,221,214,208,187,224
INMU0020525,1996,224,221,231,206,223,199,211,214,222,205,206,209
INMU0020525,1997,217,192,188,202,227,203,219,217,202,212,204,225
INMU0020525,1998,196,202,224,213,219,217,225,217,225,238,224,240
INMU0020525,1999,230,209,235,223,226,225,231,225,223,224,218,200
INMU0020525,2000,223,222,229,223,240,217,227,224,221,242,228,239
INMU0020525,2001,240,220,246,237,242,232,240,237,231,236,232,232
INMU0020525,2002,234,216,236,224,235,224,243,234,225,239,245,241
INMU0020525,2003,243,221,247,240,236,219,245,238,222,238,232,239
INMU0020525,2004,240,226,246,239,244,240,245,246,236,244,235,242
INMU0020525,2005,244,223,241,239,247,240,244,246,238,246,226,245
INMU0020525,2006,238,219,248,237,246,239,248,245,236,248,238,241
INMU0020525,2007,245,221,237,237,238,236,245,239,236,237,237,245
INMU0020525,2008,247,231,242,236,246,239,244,246,239,246,236,243
INMU0020525,2009,247,222,246,238,246,223,247,246,234,247,238,248
INMU0020525,2010,246,224,247,238,246,236,237,247,238,245,240,248
INMU0020525,2011,248,223,243,240,246,200,247,245,240,248,239,247
INMU0020525,2012,248,231,248,239,248,238,247,245,240,247,234,247
INMU0020525,2013,248,223,247,238,246,238,254,248,238,248,237,248
INMU0020525,2014,248,224,247,240,246,239,245,248,239,248,240,248
INMU0020525,2015,248,224,247,239,244,237,248,248,239,247,239,247
INMU0020525,2016,248,223,245,239,247,240,248,248,238,247,237,246
INMU0020525,2017,247,224,248,240,248,239,248,247,240,248,240,248
INMU0020525,2018,247,221,248,230,248,238,244,247,237,246,239,247
INMU0020525,2019,248,223,246,236,244,240,248,247,237,247,237,247
INMU0020525,2020,247,232,246,233,238,238,247,248,236,247,240,248
INMU0020525,2021,247,213,247,238,247,240,245,247,240,245,238,245
INMU0020525,2022,248,222,248,234,241,235,242,234,234,233,232,243
INMU0020525,2023,245,221,236,219,226,237,247,244,233,247,238,235
INMU0020525,2024,245,231,246,216,242,236,244,244,234,245,237,244
INMU0020525,2025,245,212,247,240,237,228,240,228,220,237,235,239
INMU0020525,2026,236,199,0,0,0,0,0,0,0,0,0,0
INU00043129,1954,62,56,62,60,62,60,62,60,60,61,59,62
INU00043129,1955,62,54,61,60,62,60,60,58,60,62,59,62
INU00043129,1956,62,58,62,60,59,60,62,58,60,62,60,57
INU00043129,1957,30,26,31,29,29,30,29,29,30,31,29,31
INU00043129,1958,30,28,31,29,31,30,31,29,28,30,30,31
INU00043129,1959,30,27,31,28,30,29,29,31,29,29,30,31
INU00043129,1960,31,29,30,29,25,29,28,29,30,30,30,30
INU00043129,1961,29,26,29,25,29,29,28,30,30,31,30,24
INU00043129,1962,30,28,28,29,30,29,30,31,28,30,30,31
INU00043129,1963,60,54,61,56,60,56,58,60,59,59,59,59
INMU0022081,1944,58,58,60,56,58,60,58,62,58,62,60,62
INMU0022081,1945,40,54,60,58,58,54,58,58,54,60,58,58
INMU0022081,1946,56,44,46,88,112,80,52,70,84,84,72,120
INMU0022081,1947,100,98,116,114,114,114,112,120,74,60,106,114
INMU0022081,1948,118,110,118,106,110,112,122,112,116,114,112,122
INMU0022081,1954,61,56,62,58,60,58,61,60,59,61,58,60
INMU0022081,1955,61,55,61,60,60,59,60,58,60,62,57,61
INMU0022081,1956,59,58,60,59,60,59,59,59,59,61,56,59
INMU0022081,1957,48,48,57,54,53,54,47,48,57,56,54,47
INMU0022081,1958,53,51,55,50,56,55,51,52,53,56,43,42
INMU0022081,1959,45,47,58,50,48,57,57,57,52,57,51,40
INMU0022081,1960,45,45,56,50,58,41,31,27,29,30,29,31
INMU0022081,1961,28,25,31,25,30,29,28,30,28,29,29,20
INMU0022081,1962,42,42,48,51,49,47,37,46,42,52,43,46
INMU0022081,1963,59,54,59,59,61,58,60,59,50,57,55,59
INMU0022081,1973,37,28,41,25,14,10,21,13,17,17,16,17
INMU0022081,1974,16,21,15,22,9,10,11,15,32,26,29,20
INMU0022081,1975,6,10,5,11,4,8,22,18,22,13,26,20
INMU0022081,1976,19,18,22,23,36,34,34,22,10,7,7,16
INMU0022081,1977,27,15,28,29,35,39,37,41,31,43,42,37
INMU0022081,1978,27,32,36,48,39,36,35,27,33,1,0,0
INMU0022081,1979,1,0,0,0,1,0,0,0,0,0,0,0
INMU0022081,1983,0,0,0,0,0,0,0,0,5,7,8,7
INMU0022081,1984,12,11,10,13,7,1,10,10,12,4,3,9
INMU0022081,1985,8,7,15,11,8,8,5,14,17,31,15,5
INMU0022081,1986,8,6,11,16,1,2,11,20,11,7,8,5
INMU0022081,1987,3,9,6,2,0,2,1,1,2,0,2,2
INMU0022081,1988,0,2,1,1,4,1,0,1,2,0,0,1
INMU0022081,1989,0,2,1,1,2,5,4,5,1,1,2,1
INMU0022081,1990,2,3,1,2,2,1,2,2,5,0,4,1
INMU0022081,1991,1,1,2,3,0,1,0,0,0,4,0,1
INMU0022081,1992,0,0,1,2,0,0,0,0,1,0,1,2
INMU0022081,1993,2,1,0,1,4,0,4,5,3,4,4,3
INMU0022081,1994,1,3,2,5,2,1,1,2,2,0,2,3
INMU0022081,1995,1,0,4,0,1,1,0,2,1,1,3,0
INMU0022081,1996,0,0,1,0,1,1,1,1,1,1,4,0
INMU0022081,1997,2,1,0,1,1,0,0,0,1,0,0,0
INMU0022081,1998,0,0,0,0,0,1,2,3,0,0,0,2
INMU0022081,1999,0,1,0,2,1,0,0,0,2,0,1,0
INMU0022081,2000,0,1,0,0,0,0,1,0,0,0,0,0
INMU0022081,2001,0,0,1,1,2,0,2,1,0,0,0,0
INMU0022081,2002,0,0,0,1,0,0,1,1,1,0,0,1
INMU0022081,2003,0,1,0,0,0,0,0,0,0,0,0,0
INMU0022081,2004,0,0,0,0,0,0,1,0,0,0,0,0
INMU0022081,2020,0,0,0,0,0,0,0,0,0,0,0,1
INU00020405,1944,56,58,60,59,58,58,60,61,60,60,59,61
INU00020405,1945,62,55,60,58,59,57,58,57,57,59,55,60
INU00020405,1946,62,48,61,56,52,49,41,49,44,43,42,59
INU00020405,1947,50,51,59,60,62,55,50,57,47,57,54,60
INU00020405,1948,53,53,59,58,48,54,37,55,55,50,54,54
INU00042078,1959,0,0,0,0,0,21,28,24,24,28,27,26
INU00042078,1960,26,27,28,27,29,27,25,25,28,25,30,31
INU00042078,1961,29,19,31,25,29,30,29,30,27,28,27,23
INU00042078,1962,24,27,27,29,30,25,29,26,24,27,28,29
INU00042078,1963,59,54,59,58,61,54,58,52,54,60,55,53
INMU0029561,1944,0,0,0,0,0,0,31,31,29,31,30,30
INMU0029561,1945,31,28,31,30,30,28,29,29,30,31,28,27
INMU0029561,1946,11,18,18,14,14,18,12,0,0,0,0,0
INMU0022226,1946,0,0,0,0,0,0,0,59,57,43,46,58
INMU0022226,1947,59,56,61,59,61,59,55,60,60,61,59,60
INMU0022226,1948,61,57,62,59,61,52,59,61,52,58,54,61
INU00043128,1957,54,56,52,52,50,41,125,126,123,128,127,134
INU00043128,1958,134,117,127,122,125,123,126,128,125,131,124,130
INU00043128,1959,39,52,53,42,37,37,36,35,34,29,41,31
INU00043128,1960,32,41,44,47,35,28,42,41,38,36,30,36
INU00043128,1961,69,62,102,104,98,98,98,103,102,105,107,110
INU00043128,1962,120,108,118,113,115,110,109,116,110,106,108,119
INU00000057,1897,0,0,0,0,22,28,3,30,30,31,29,31
INU00000057,1898,30,27,31,1,18,30,31,30,30,31,30,27
INU00000057,1899,31,28,12,30,31,30,31,30,30,29,30,31
INU00020522,1944,56,58,58,58,54,56,62,61,57,62,60,60
INU00020522,1945,60,56,61,60,59,57,57,57,60,62,55,58
INU00020522,1946,58,48,57,54,59,52,48,55,55,47,44,62
INU00020522,1947,56,47,56,53,59,55,51,52,54,56,59,55
INU00020522,1948,62,58,62,58,61,58,62,61,60,61,60,62
INU00042123,1954,61,55,62,60,61,58,62,58,59,60,59,58
INU00042123,1955,61,55,59,57,61,59,57,56,60,60,59,61
INU00042123,1956,62,58,61,60,59,57,55,61,59,61,56,58
INU00042123,1957,83,73,80,79,82,63,71,74,74,79,82,65
INU00042123,1958,80,76,80,85,78,81,70,78,77,80,56,63
INU00042123,1959,67,69,80,82,65,72,72,63,70,70,62,69
INU00042123,1960,66,76,74,75,77,49,29,28,30,28,27,25
INU00042123,1961,100,95,142,132,137,126,142,140,137,146,128,141
INU00042123,1962,141,135,137,138,147,140,141,145,146,146,148,148
INU00042123,1963,60,53,60,57,60,57,55,57,55,59,59,57
INMU0020501,1944,58,57,60,57,57,59,60,56,60,60,59,62
INMU0020501,1945,59,56,60,60,61,55,58,58,60,59,57,59
INMU0020501,1946,62,47,59,58,62,56,46,60,60,47,46,60
INMU0020501,1947,61,50,62,59,62,60,57,60,60,62,59,58
INMU0020501,1948,61,56,62,58,57,58,58,58,60,60,60,61
INM00042933,1944,110,114,120,116,116,120,120,124,118,120,120,122
INM00042933,1945,120,112,120,118,118,116,114,116,120,124,116,120
INM00042933,1946,124,98,122,118,124,118,114,122,120,96,92,124
INM00042933,1947,120,80,124,120,124,120,120,122,118,124,120,124
INM00042933,1948,122,110,122,120,122,116,118,124,118,120,118,124
INM00042933,1954,62,56,62,60,62,60,62,60,60,62,60,62
INM00042933,1955,62,55,60,57,61,60,60,58,60,61,60,61
INM00042933,1956,62,58,62,60,60,57,62,61,60,62,60,61
INM00042933,1957,59,52,57,48,52,56,52,53,51,53,54,49
INM00042933,1958,52,46,57,55,59,54,51,52,50,54,42,41
INM00042933,1959,47,44,50,56,51,56,57,57,53,49,46,42
INM00042933,1960,47,43,49,51,53,41,27,30,29,31,29,28
INM00042933,1961,50,54,67,52,66,70,77,57,66,50,48,48
INM00042933,1962,70,62,56,64,49,50,57,57,56,69,61,57
INM00042933,1963,62,55,62,56,60,56,59,61,60,60,58,61
INM00042933,2003,1,0,0,0,0,0,1,0,0,96,206,219
INM00042933,2004,210,201,212,209,206,192,183,168,177,208,212,198
INM00042933,2005,117,107,111,188,235,207,211,218,220,227,157,214
INM00042933,2006,210,175,212,227,228,222,242,235,225,228,226,215
INM00042933,2007,231,210,232,212,210,207,229,224,213,205,208,222
INM00042933,2008,213,190,211,193,240,230,188,235,229,238,229,229
INM00042933,2009,242,219,234,233,241,217,230,234,228,224,223,245
INM00042933,2010,241,222,247,237,245,234,232,246,238,246,234,246
INM00042933,2011,248,223,246,239,247,200,244,241,238,247,236,242
INM00042933,2012,246,231,246,237,243,235,247,245,237,244,235,241
INM00042933,2013,241,220,246,234,245,237,246,247,239,247,238,247
INM00042933,2014,248,224,248,239,248,240,242,247,239,248,240,248
INM00042933,2015,248,223,248,240,247,240,247,247,239,248,239,248
INM00042933,2016,248,231,246,239,247,240,248,248,240,248,239,248
INM00042933,2017,248,224,247,239,248,238,248,247,239,248,240,247
INM00042933,2018,248,224,248,238,248,240,248,248,236,247,240,248
INM00042933,2019,248,223,245,240,248,240,248,247,238,247,238,248
INM00042933,2020,248,231,248,240,247,238,248,247,237,248,239,248
INM00042933,2021,248,214,248,240,245,239,245,246,237,244,233,247
INM00042933,2022,247,222,248,240,248,239,246,245,239,242,240,246
INM00042933,2023,248,224,245,235,245,236,247,245,234,244,237,234
INM00042933,2024,248,231,247,215,246,239,241,245,235,246,237,243
INM00042933,2025,247,219,247,240,245,237,241,230,224,246,240,248
INM00042933,2026,244,205,0,0,0,0,0,0,0,0,0,0
INM00043097,1973,5,1,3,2,1,0,0,0,0,0,0,0
INM00043097,1976,0,0,5,1,1,0,3,0,0,2,0,1
INM00043097,1977,7,5,8,7,9,4,2,2,1,3,3,11
INM00043097,1978,17,10,13,7,6,6,1,0,5,0,0,0
INM00043097,2009,0,1,0,0,0,0,0,0,0,0,0,0
INM00043097,2015,0,0,0,0,0,0,0,0,0,0,0,45
INM00043097,2016,58,52,60,57,55,57,61,59,55,62,59,58
INM00043097,2017,56,54,58,59,61,35,48,54,56,59,22,0
INM00043097,2018,35,54,60,56,62,58,58,61,56,60,55,61
INM00043097,2019,61,55,60,57,54,58,62,60,56,60,59,62
INM00043097,2020,61,56,58,56,59,58,58,59,58,60,60,61
INM00043097,2021,59,50,62,60,62,57,61,59,59,61,57,58
INM00043097,2022,53,54,60,53,56,48,48,49,46,46,56,56
INM00043097,2023,56,52,52,56,59,50,51,56,46,50,56,55
INM00043097,2024,56,52,57,41,49,55,55,59,57,56,56,59
INM00043097,2025,55,46,50,44,41,45,58,51,48,58,57,58
INM00043097,2026,51,45,0,0,0,0,0,0,0,0,0,0
INM00043113,2002,0,0,0,0,0,0,1,0,0,0,0,0
INM00043113,2003,0,0,0,0,0,0,1,0,0,0,0,0
INM00043113,2004,1,0,1,0,0,0,0,0,0,0,0,0
INM00043113,2007,0,0,0,0,1,0,0,0,0,0,0,0
INM00043113,2009,0,1,0,0,0,0,0,0,0,0,0,0
INM00043113,2015,0,0,0,0,0,0,0,0,0,0,0,48
INM00043113,2016,61,53,60,60,62,58,62,61,54,61,60,60
INM00043113,2017,60,56,61,60,61,59,60,61,59,61,58,60
INM00043113,2018,59,56,62,57,60,60,59,62,57,57,58,60
INM00043113,2019,61,56,55,60,61,60,62,62,58,62,60,62
INM00043113,2020,61,59,61,49,29,59,62,62,57,60,59,62
INM00043113,2021,61,53,61,58,60,60,62,60,58,62,59,61
INM00043113,2022,61,56,62,59,61,60,61,61,60,61,60,61
INM00043113,2023,61,56,63,58,61,58,62,61,59,62,61,58
INM00043113,2024,60,55,60,54,62,60,61,61,58,61,58,59
INM00043113,2025,60,54,60,60,60,57,61,57,55,61,60,62
INM00043113,2026,62,52,0,0,0,0,0,0,0,0,0,0
INM00043087,1944,110,114,118,116,114,118,124,122,116,118,120,120
INM00043087,1945,124,112,124,116,118,116,116,116,118,124,114,112
INM00043087,1946,122,102,120,110,118,110,108,122,118,94,86,118
INM00043087,1947,118,72,124,114,122,116,112,108,118,118,116,124
INM00043087,1948,120,116,118,118,120,110,122,124,46,92,82,108
INM00043087,1973,34,27,29,21,17,20,19,24,22,25,20,22
INM00043087,1974,27,33,22,24,27,27,30,32,21,11,25,28
INM00043087,1975,22,23,22,12,13,18,26,23,19,14,32,18
INM00043087,1976,27,23,25,22,16,9,15,14,15,7,8,17
INM00043087,1977,25,23,26,27,22,19,31,32,31,33,34,33
INM00043087,1978,41,47,44,38,41,36,40,42,39,2,0,0
INM00043087,1979,0,2,0,0,1,1,0,0,0,0,0,0
INM00043087,1983,0,0,0,0,0,0,0,0,8,12,11,19
INM00043087,1984,13,14,10,14,10,13,22,19,16,11,11,3
INM00043087,1985,6,3,7,7,8,10,16,20,17,16,12,10
INM00043087,1986,14,22,14,18,13,1,15,9,8,15,9,17
INM00043087,1987,17,16,11,13,14,3,4,2,8,0,4,7
INM00043087,1988,16,15,2,1,2,2,6,5,5,0,5,4
INM00043087,1989,0,3,2,3,2,0,2,3,3,4,5,5
INM00043087,1990,4,1,2,0,0,0,0,0,0,0,0,0
INM00043087,2009,0,1,0,0,0,0,0,1,16,19,13,25
INM00043087,2010,21,18,20,25,17,8,0,0,1,21,24,23
INM00043087,2011,25,21,26,24,17,12,22,27,25,28,29,23
INM00043087,2012,25,22,29,24,24,22,26,21,22,28,24,25
INM00043087,2013,22,24,27,25,29,26,26,29,28,29,30,27
INM00043087,2014,26,22,28,23,22,27,30,30,30,27,27,28
INM00043087,2015,27,25,18,24,21,26,28,24,26,18,15,15
INM00043087,2016,26,24,29,55,56,53,40,1,0,0,1,0
INM00043087,2018,0,0,0,0,0,9,54,59,52,55,59,54
INM00043087,2019,60,55,54,57,58,49,59,61,59,61,55,47
INM00043087,2020,59,52,40,53,58,58,60,62,59,62,58,61
INM00043087,2021,62,52,62,57,62,59,62,62,60,62,55,62
INM00043087,2022,62,53,62,60,60,60,61,57,59,55,60,59
INM00043087,2023,62,56,62,53,51,59,61,59,57,60,59,56
INM00043087,2024,60,56,62,54,61,59,61,60,51,60,56,56
INM00043087,2025,52,50,58,54,52,47,55,57,55,59,60,61
INM00043087,2026,57,49,0,0,0,0,0,0,0,0,0,0
INM00043354,2002,0,0,0,0,0,0,0,1,0,0,0,0
INM00043354,2009,0,1,0,0,0,0,0,0,0,0,0,0
INM00043354,2015,0,0,0,0,0,0,0,0,0,0,0,47
INM00043354,2016,60,55,58,60,61,59,60,61,58,62,53,59
INM00043354,2017,63,53,60,58,62,57,62,61,59,62,58,57
INM00043354,2018,58,55,60,53,61,58,59,62,54,59,59,61
INM00043354,2019,61,55,61,59,60,55,61,62,61,63,60,46
INM00043354,2020,62,51,45,54,60,59,62,62,58,62,61,62
INM00043354,2021,61,52,61,58,62,60,63,62,58,62,54,61
INM00043354,2022,62,50,61,60,56,57,55,57,58,57,57,59
INM00043354,2023,61,53,57,55,50,22,47,53,43,55,56,54
INM00043354,2024,54,48,57,49,58,56,57,54,52,60,60,55
INM00043354,2025,54,52,58,60,62,58,61,58,56,61,61,62
INM00043354,2026,62,51,0,0,0,0,0,0,0,0,0,0
INM00043125,1944,0,0,0,0,0,0,112,114,112,120,116,116
INM00043125,1945,124,112,112,118,124,114,116,114,120,124,102,112
INM00043125,1946,116,86,104,104,102,98,98,98,106,86,86,118
INM00043125,1947,102,80,108,96,116,110,112,100,106,94,112,122
INM00043125,1948,120,112,116,116,120,112,118,114,54,88,104,118
INM00043125,1973,23,26,25,9,12,14,22,22,22,16,19,21
INM00043125,1974,16,27,27,21,23,18,26,28,12,14,15,20
INM00043125,1975,20,15,15,7,9,11,25,18,15,15,26,16
INM00043125,1976,18,18,27,19,8,7,11,7,9,6,4,12
INM00043125,1977,22,17,22,23,22,19,11,15,18,30,24,28
INM00043125,1978,36,39,42,36,37,37,46,41,39,1,0,0
INM00043125,1979,0,1,0,0,0,0,1,0,0,0,0,0
INM00043125,1983,0,0,0,0,0,0,0,0,11,14,15,16
INM00043125,1984,22,15,20,13,7,16,18,16,24,21,18,12
INM00043125,1985,30,26,21,19,17,11,19,15,14,11,4,0
INM00043125,1986,1,1,0,0,1,0,0,0,2,0,0,0
INM00043125,2010,0,0,0,0,0,0,0,22,19,17,14,6
INM00043125,2011,15,1,6,26,22,0,0,0,0,0,0,11
INM00043125,2012,25,23,26,27,21,24,19,24,23,23,19,11
INM00043125,2013,10,9,11,2,0,0,0,0,0,0,23,23
INM00043125,2014,22,24,26,23,25,20,17,25,23,27,26,22
INM00043125,2015,29,21,20,27,25,25,24,25,25,26,27,35
INM00043125,2016,29,25,36,46,44,45,43,48,43,35,0,0
INM00043125,2018,32,37,37,45,30,40,47,41,33,37,34,19
INM00043125,2019,26,24,21,25,29,12,23,28,30,34,39,29
INM00043125,2020,40,25,19,2,15,9,5,22,9,3,23,30
INM00043125,2021,24,38,31,28,31,53,49,47,51,54,31,30
INM00043125,2022,39,35,29,22,26,37,41,39,47,39,35,31
INM00043125,2023,40,32,38,27,29,36,39,44,32,45,52,40
INM00043125,2024,27,29,40,35,33,20,28,22,10,27,20,22
INM00043125,2025,25,53,56,53,49,42,50,53,51,53,50,55
INM00043125,2026,49,42,0,0,0,0,0,0,0,0,0,0
INM00043357,2015,0,0,0,0,0,0,0,0,0,0,0,30
INM00043357,2016,44,27,46,53,50,48,43,49,43,47,26,35
INM00043357,2017,33,28,35,41,38,44,51,44,50,50,46,48
INM00043357,2018,51,44,52,52,55,57,48,52,48,51,52,48
INM00043357,2019,60,51,54,55,56,53,58,61,56,63,57,42
INM00043357,2020,57,51,41,53,57,57,61,61,57,60,56,58
INM00043357,2021,60,50,61,54,62,60,58,59,56,60,53,58
INM00043357,2022,60,52,62,60,58,60,60,56,54,55,56,57
INM00043357,2023,59,52,58,55,43,14,38,49,42,46,54,51
INM00043357,2024,47,43,50,46,58,51,57,54,52,59,54,54
INM00043357,2025,51,47,58,59,62,59,60,55,53,60,60,62
INM00043357,2026,61,51,0,0,0,0,0,0,0,0,0,0
INM00043109,1944,110,112,114,116,112,110,118,120,116,102,110,110
INM00043109,1945,122,110,122,118,124,112,98,116,110,120,106,112
INM00043109,1946,124,98,122,104,108,98,114,46,56,38,34,52
INM00043109,1947,54,52,60,56,58,58,52,58,56,60,56,52
INM00043109,1948,118,112,124,118,124,110,116,114,120,114,110,120
INM00043109,1973,38,31,44,27,22,14,30,29,28,16,29,21
INM00043109,1974,38,35,28,24,26,34,31,32,26,15,24,25
INM00043109,1975,29,24,35,23,23,16,14,22,23,20,27,26
INM00043109,1976,30,26,21,27,31,20,30,16,10,4,9,22
INM00043109,1977,22,24,18,17,16,29,15,11,11,14,10,7
INM00043109,1978,16,22,34,19,22,16,43,42,47,1,0,0
INM00043109,1979,1,0,1,1,0,2,3,0,0,0,0,1
INM00043109,1983,0,0,0,0,0,0,0,0,0,8,5,6
INM00043109,1984,6,6,5,12,5,0,4,3,6,5,2,1
INM00043109,1985,6,1,9,6,0,4,6,10,16,19,11,7
INM00043109,1986,11,5,4,14,1,1,2,3,3,5,5,5
INM00043109,1987,15,4,4,4,4,2,2,1,10,1,3,2
INM00043109,1988,12,10,4,3,1,2,3,6,2,1,2,1
INM00043109,1989,1,0,2,4,2,1,0,5,1,1,1,2
INM00043109,1990,5,4,1,1,0,0,0,0,0,0,0,0
INM00043109,2007,0,0,0,0,1,0,0,0,0,0,0,0
INM00043109,2009,0,2,0,0,0,0,0,0,0,0,0,0
INM00043109,2011,0,0,0,0,0,0,1,0,0,0,0,0
INM00043109,2015,0,0,0,0,0,0,0,0,0,0,0,91
INM00043109,2016,121,105,118,79,60,110,118,122,109,121,113,122
INM00043109,2017,117,106,121,118,123,116,118,121,121,118,116,121
INM00043109,2018,122,108,124,115,120,111,115,116,109,115,114,115
INM00043109,2019,111,108,110,117,119,113,119,121,117,121,117,122
INM00043109,2020,123,114,120,116,123,97,113,120,116,120,112,118
INM00043109,2021,117,98,116,109,114,112,117,121,112,120,114,122
INM00043109,2022,118,109,122,110,111,114,111,118,116,116,117,113
INM00043109,2023,120,106,114,112,118,108,115,111,107,118,118,113
INM00043109,2024,117,108,120,103,117,113,116,115,113,117,116,116
INM00043109,2025,113,94,114,109,119,111,116,115,111,122,117,121
INM00043109,2026,120,103,0,0,0,0,0,0,0,0,0,0
INM00043111,1944,116,116,118,120,116,118,124,124,120,122,114,120
INM00043111,1945,122,110,122,56,124,114,116,114,120,124,116,120
INM00043111,1946,120,102,116,118,124,116,104,120,118,96,90,120
INM00043111,1947,116,106,118,112,124,120,120,118,112,108,116,120
INM00043111,1948,124,114,122,120,122,116,124,124,120,116,116,124
INM00043111,1975,0,0,0,0,0,0,0,0,1,0,4,4
INM00043111,1976,2,0,0,0,0,0,0,0,0,0,0,0
INM00043111,2002,0,0,0,1,0,0,0,2,0,0,1,0
INM00043111,2003,0,0,0,0,0,0,1,0,0,0,0,0
INM00043111,2004,0,0,0,0,0,1,0,0,0,0,0,0
INM00043111,2007,0,0,0,0,1,0,0,0,0,0,0,0
INM00043111,2009,0,2,0,0,0,0,0,0,0,0,0,0
INM00043111,2011,0,0,0,0,0,0,1,0,0,0,0,0
INM00043111,2015,0,0,0,0,0,0,0,0,0,0,0,94
INM00043111,2016,122,109,120,118,123,116,120,123,114,122,117,120
INM00043111,2017,118,109,122,118,123,116,119,122,118,120,118,122
INM00043111,2018,121,112,123,118,123,119,120,123,111,121,118,119
INM00043111,2019,119,111,121,116,123,118,123,122,120,124,118,124
INM00043111,2020,124,115,120,116,124,117,122,123,118,121,117,124
INM00043111,2021,124,103,123,118,121,120,124,124,120,124,117,124
INM00043111,2022,123,112,123,118,123,120,123,123,120,122,120,123
INM00043111,2023,124,110,121,119,121,114,123,119,114,119,118,116
INM00043111,2024,120,117,123,106,122,119,119,121,118,123,120,121
INM00043111,2025,116,104,120,114,123,119,121,115,111,124,120,124
INM00043111,2026,124,102,0,0,0,0,0,0,0,0,0,0
INM00043318,1986,0,2,0,0,0,0,0,1,0,0,0,0
INM00043318,2003,0,1,0,0,0,0,0,0,0,0,0,0
INM00043318,2009,0,1,0,0,0,0,0,0,0,0,0,0
INM00043318,2015,0,0,0,0,0,0,0,0,0,0,0,49
INM00043318,2016,61,52,57,59,60,58,59,61,60,61,57,59
INM00043318,2017,59,55,61,60,61,57,61,60,60,62,59,62
INM00043318,2018,62,57,62,53,60,59,56,62,54,61,59,61
INM00043318,2019,62,56,61,56,59,52,60,62,31,30,20,15
INM00043318,2020,19,14,17,24,18,13,15,15,12,22,24,20
INM00043318,2021,18,10,17,22,24,15,12,11,8,17,11,45
INM00043318,2022,62,55,60,60,60,58,60,55,56,57,59,58
INM00043318,2023,61,51,57,49,48,48,54,58,55,56,54,51
INM00043318,2024,57,49,57,51,52,50,55,52,43,55,56,55
INM00043318,2025,51,47,51,51,55,52,52,48,49,54,46,54
INM00043318,2026,40,32,0,0,0,0,0,0,0,0,0,0
INM00043324,1977,0,0,0,0,0,0,0,0,0,0,1,0
INM00043324,1978,1,0,1,0,0,1,1,4,1,0,1,0
INM00043324,1979,0,1,1,0,0,0,0,0,0,0,0,0
INM00043324,1983,0,0,0,0,0,0,0,0,0,1,0,0
INM00043324,1984,0,1,0,0,1,0,0,0,0,0,0,0
INM00043324,2002,0,0,0,0,0,0,0,0,0,1,0,0
INM00043324,2020,0,0,0,54,51,44,48,39,34,43,47,44
INM00043324,2021,19,32,39,23,3,3,0,0,0,0,0,0
INM00043324,2022,0,0,9,17,29,27,38,37,42,42,27,34
INM00043324,2023,36,28,37,22,25,20,34,30,38,30,30,41
INM00043324,2024,49,43,50,46,44,35,30,36,28,37,44,44
INM00043324,2025,45,44,43,42,40,39,41,22,0,34,36,38
INM00043324,2026,29,26,0,0,0,0,0,0,0,0,0,0
INM00043335,1944,112,116,116,116,110,118,122,122,118,124,118,118
INM00043335,1945,122,108,122,120,114,112,116,114,118,118,112,116
INM00043335,1946,124,100,116,82,110,102,84,110,110,90,84,108
INM00043335,1947,118,108,122,118,120,112,120,118,118,118,116,120
INM00043335,1948,118,112,120,116,120,96,118,118,116,112,104,118
INM00043335,2001,0,2,1,0,0,0,0,0,0,0,0,1
INM00043335,2002,0,0,0,0,0,0,0,0,0,0,1,0
INM00043335,2003,0,0,1,0,0,0,0,0,0,0,0,0
INM00043335,2015,0,0,0,0,0,0,0,0,0,0,0,46
INM00043335,2016,58,52,58,60,59,58,58,60,57,61,55,60
INM00043335,2017,62,53,61,58,61,57,60,60,57,61,58,60
INM00043335,2018,60,53,60,54,56,53,56,62,54,58,59,58
INM00043335,2019,62,53,59,56,60,55,58,61,52,62,60,46
INM00043335,2020,60,52,45,54,60,60,62,61,59,62,60,62
INM00043335,2021,62,52,62,58,62,60,63,62,60,61,55,60
INM00043335,2022,62,50,61,60,56,57,56,58,58,57,56,60
INM00043335,2023,61,52,57,55,48,23,49,52,43,55,55,54
INM00043335,2024,55,48,58,49,58,58,57,56,51,60,59,56
INM00043335,2025,54,52,59,60,62,59,61,58,56,61,61,62
INM00043335,2026,62,51,0,0,0,0,0,0,0,0,0,0
INM00043168,2009,0,1,0,0,0,0,0,0,0,0,0,0
INM00043168,2014,0,0,0,0,0,0,1,0,0,0,0,0
INM00043168,2015,0,0,0,0,0,0,0,0,0,0,0,21
INM00043168,2016,33,23,36,39,26,28,34,29,21,31,14,10
INM00043168,2017,14,20,34,35,30,25,18,16,27,29,16,32
INM00043168,2018,26,27,15,19,24,32,55,53,39,37,35,44
INM00043168,2019,41,32,26,42,44,34,31,27,19,5,5,5
INM00043168,2020,7,4,6,4,10,2,2,3,4,4,4,5
INM00043168,2021,5,5,11,5,7,3,5,0,0,0,1,8
INM00043168,2022,16,16,23,20,21,27,29,17,19,23,16,19
INM00043168,2023,22,22,21,21,32,37,41,38,31,44,50,39
INM00043168,2024,34,34,56,46,59,52,56,55,50,54,59,56
INM00043168,2025,52,48,57,53,56,57,60,53,53,55,55,54
INM00043168,2026,49,40,0,0,0,0,0,0,0,0,0,0
INM00043081,1944,112,116,116,118,114,120,122,122,118,122,114,120
INM00043081,1945,124,112,122,116,116,116,116,116,120,124,114,114
INM00043081,1946,124,102,114,116,120,116,112,124,120,94,92,124
INM00043081,1947,116,76,122,116,118,120,118,114,118,120,118,124
INM00043081,1948,108,90,118,120,124,116,122,122,58,80,120,124
INM00043081,1973,32,33,33,15,21,22,23,24,25,30,23,25
INM00043081,1974,32,36,34,29,30,32,31,40,24,18,27,28
INM00043081,1975,30,28,30,19,16,28,33,22,16,16,21,20
INM00043081,1976,21,14,30,24,27,15,12,21,17,14,12,19
INM00043081,1977,25,25,26,27,28,30,33,38,30,36,21,36
INM00043081,1978,40,40,42,41,45,43,42,36,42,0,2,1
INM00043081,1979,1,1,0,0,0,1,0,0,0,0,0,0
INM00043081,1983,0,0,0,0,14,10,5,3,6,16,17,18
INM00043081,1984,17,27,28,39,36,22,35,37,30,27,33,15
INM00043081,1985,30,32,36,25,32,29,29,32,18,26,22,21
INM00043081,1986,23,28,20,24,17,9,21,18,8,16,21,21
INM00043081,1987,22,20,16,23,12,5,9,2,9,0,2,9
INM00043081,1988,15,18,9,3,4,2,13,8,2,0,3,4
INM00043081,1989,3,6,3,3,5,0,7,5,3,4,8,9
INM00043081,1990,9,7,3,3,1,0,0,0,0,0,0,0
INM00043081,1992,0,0,0,0,0,0,3,1,1,0,4,2
INM00043081,1993,0,0,0,1,1,1,0,1,1,2,0,0
INM00043081,1994,1,0,0,1,0,0,1,0,1,0,0,0
INM00043081,1995,0,0,1,0,0,0,0,0,0,0,0,0
INM00043081,1999,0,0,0,0,0,0,0,0,0,0,1,0
INM00043081,2000,0,0,1,0,0,0,1,0,0,0,0,0
INM00043081,2001,0,0,0,0,0,0,0,0,0,0,2,0
INM00043081,2002,0,0,0,1,0,0,0,0,1,0,0,0
INM00043081,2003,0,1,0,0,0,1,0,0,0,0,0,0
INM00043081,2009,0,4,0,0,0,0,0,2,54,60,59,60
INM00043081,2010,59,54,60,58,61,57,60,61,60,59,60,59
INM00043081,2011,62,56,60,60,62,50,62,61,54,60,60,61
INM00043081,2012,62,57,62,60,62,60,62,61,60,62,59,62
INM00043081,2013,62,56,62,61,61,60,62,62,60,62,59,61
INM00043081,2014,62,56,62,60,62,60,61,62,60,62,60,60
INM00043081,2015,62,55,61,60,61,60,61,62,59,61,60,109
INM00043081,2016,124,112,121,119,124,119,124,123,120,123,120,124
INM00043081,2017,123,111,124,120,124,117,124,123,120,124,119,123
INM00043081,2018,124,112,122,117,124,121,120,125,115,124,119,123
INM00043081,2019,124,112,123,119,122,179,186,186,181,185,178,177
INM00043081,2020,186,171,174,174,180,179,186,217,236,246,240,247
INM00043081,2021,248,213,248,236,246,238,248,248,238,246,233,247
INM00043081,2022,248,219,247,239,244,233,243,236,238,231,236,246
INM00043081,2023,246,221,242,224,216,233,226,240,228,242,231,226
INM00043081,2024,241,200,232,204,234,221,217,201,203,245,227,233
INM00043081,2025,235,205,240,232,244,229,240,221,222,242,236,243
INM00043081,2026,241,204,0,0,0,0,0,0,0,0,0,0
INM00043311,1893,0,0,0,0,0,0,0,0,0,0,29,31
INM00043311,1894,22,0,0,0,0,17,31,30,30,31,30,31
INM00043311,1895,31,0,0,0,0,30,31,31,30,31,30,31
INM00043311,1896,31,29,31,0,0,0,0,0,0,0,0,31
INM00043311,1897,31,0,0,0,0,0,0,0,0,17,30,31
INM00043311,1898,31,28,0,0,0,30,31,31,0,0,0,0
INM00043311,1899,31,28,31,0,0,30,31,31,30,31,30,31
INM00043311,1973,103,85,92,62,74,80,54,64,86,82,95,106
INM00043311,1974,106,91,95,99,79,76,82,88,79,91,90,94
INM00043311,1975,110,101,102,69,56,62,71,72,35,41,39,38
INM00043311,1976,66,51,62,48,37,40,40,38,24,30,35,36
INM00043311,1977,42,47,54,57,57,44,31,45,41,57,26,31
INM00043311,1978,51,80,81,72,81,85,76,60,69,1,0,0
INM00043311,1979,0,0,1,1,0,1,5,2,0,0,0,0
INM00043311,1980,0,0,1,0,0,0,0,0,0,0,0,0
INM00043311,1983,0,0,0,0,32,23,8,1,7,38,34,36
INM00043311,1984,42,60,49,51,21,41,72,73,82,73,68,44
INM00043311,1985,63,44,61,60,57,61,56,10,45,56,31,43
INM00043311,1986,60,49,56,61,31,18,16,37,16,25,13,14
INM00043311,1987,7,7,22,25,28,15,9,7,6,2,4,4
INM00043311,1988,8,16,22,5,9,14,33,21,16,5,15,24
INM00043311,1989,7,23,26,29,26,9,18,13,11,19,26,18
INM00043311,1990,25,15,13,7,9,10,11,9,4,6,9,9
INM00043311,1991,10,9,5,4,7,3,7,7,3,1,0,3
INM00043311,1992,6,4,1,0,20,5,11,3,3,1,8,8
INM00043311,1993,3,3,10,3,6,10,10,15,18,16,7,18
INM00043311,1994,10,25,16,24,17,6,3,7,6,3,6,10
INM00043311,1995,6,3,44,65,74,53,70,68,34,3,1,6
INM00043311,1996,8,7,10,10,4,0,3,3,6,20,34,35
INM00043311,1997,44,32,39,9,5,3,1,5,2,1,1,0
INM00043311,1998,1,0,29,31,4,0,1,0,1,3,0,2
INM00043311,1999,0,1,0,0,1,1,1,27,109,109,111,82
INM00043311,2000,1,0,0,0,0,0,1,0,0,0,0,0
INM00043311,2001,0,0,1,0,0,0,0,0,0,0,0,1
INM00043311,2002,0,0,1,0,0,0,1,0,1,0,1,0
INM00043311,2003,0,0,2,1,1,3,1,0,0,0,0,0
INM00043311,2005,0,41,239,238,248,240,239,244,240,245,162,243
INM00043311,2006,226,153,170,235,243,237,245,245,236,248,188,245
INM00043311,2007,246,221,239,238,238,237,246,238,237,236,235,246
INM00043311,2008,248,232,243,235,247,240,240,245,229,245,235,244
INM00043311,2009,246,221,246,209,241,221,246,246,235,247,235,235
INM00043311,2010,242,222,247,231,245,235,237,243,238,244,233,242
INM00043311,2011,245,220,222,232,237,196,243,243,237,246,236,247
INM00043311,2012,248,232,246,240,248,122,124,122,120,122,119,162
INM00043311,2013,247,222,247,238,245,235,252,248,239,248,237,248
INM00043311,2014,248,224,248,239,244,238,246,248,238,248,240,247
INM00043311,2015,246,224,247,240,242,237,248,248,239,248,237,247
INM00043311,2016,248,225,244,238,247,240,247,247,240,248,236,248
INM00043311,2017,247,224,247,240,245,239,242,246,240,245,240,245
INM00043311,2018,248,222,245,231,245,240,245,245,236,245,239,246
INM00043311,2019,246,223,247,237,247,239,245,247,237,247,236,247
INM00043311,2020,248,232,248,238,240,240,248,247,237,247,240,248
INM00043311,2021,248,213,236,239,240,239,247,243,239,240,234,247
INM00043311,2022,247,223,246,238,242,239,231,233,234,226,228,239
INM00043311,2023,236,206,212,224,230,221,236,244,228,245,235,232
INM00043311,2024,244,231,245,214,244,239,240,243,234,247,235,242
INM00043311,2025,244,216,246,240,226,234,246,231,223,246,238,247
INM00043311,2026,244,204,0,0,0,0,0,0,0,0,0,0
INM00042111,1934,31,28,31,28,31,30,31,31,30,31,30,31
INM00042111,1935,31,28,31,30,31,30,31,31,30,31,30,31
INM00042111,1944,116,116,118,118,114,118,124,122,118,118,118,122
INM00042111,1945,120,108,122,118,114,108,112,116,118,118,116,122
INM00042111,1946,120,102,120,120,122,100,92,98,94,74,78,118
INM00042111,1947,120,110,120,118,122,118,120,114,94,92,114,122
INM00042111,1948,118,110,116,116,114,116,118,124,118,118,116,124
INM00042111,1954,62,56,61,60,62,58,61,59,59,61,58,61
INM00042111,1955,61,55,59,59,60,57,60,58,59,62,60,61
INM00042111,1956,62,58,59,59,50,57,61,61,60,60,60,57
INM00042111,1957,80,77,81,78,84,72,146,141,142,155,143,143
INM00042111,1958,147,135,152,141,149,146,149,147,144,148,135,133
INM00042111,1959,70,68,82,77,72,67,70,70,70,64,59,64
INM00042111,1960,72,72,75,72,74,49,34,30,29,27,27,30
INM00042111,1961,103,98,147,131,143,135,137,140,140,149,140,140
INM00042111,1962,146,137,146,145,145,134,145,151,131,146,140,150
INM00042111,1963,59,52,62,57,51,57,59,56,56,60,56,59
INM00042111,1973,127,111,151,136,125,127,133,126,114,82,103,117
INM00042111,1974,127,110,132,132,103,124,102,124,119,105,103,95
INM00042111,1975,119,106,116,103,110,99,120,139,118,121,118,101
INM00042111,1976,106,109,122,111,109,106,100,120,115,111,94,111
INM00042111,1977,96,91,112,105,120,121,111,127,115,118,113,104
INM00042111,1978,105,96,121,110,104,101,107,116,95,2,1,0
INM00042111,1979,5,5,1,2,0,2,6,0,2,1,1,1
INM00042111,1980,0,1,0,3,0,1,0,0,1,1,1,0
INM00042111,1983,0,21,37,43,24,30,11,10,15,43,48,55
INM00042111,1984,52,56,73,99,67,88,111,80,67,77,71,68
INM00042111,1985,73,69,74,75,83,72,44,47,69,79,61,51
INM00042111,1986,54,52,61,59,37,28,51,28,30,32,37,54
INM00042111,1987,55,50,59,41,42,19,28,10,31,5,17,20
INM00042111,1988,44,26,16,12,8,19,45,26,22,7,11,20
INM00042111,1989,7,24,21,25,29,6,18,13,18,18,31,21
INM00042111,1990,26,16,13,12,9,12,10,8,2,2,13,9
INM00042111,1991,11,13,0,4,7,5,2,8,5,2,1,1
INM00042111,1992,1,2,1,1,18,3,5,18,210,184,196,210
INM00042111,1993,218,214,216,212,194,191,237,184,216,224,208,220
INM00042111,1994,217,196,237,206,223,185,150,192,221,224,217,218
INM00042111,1995,224,208,226,222,234,212,211,222,153,224,217,234
INM00042111,1996,197,205,223,166,225,204,205,180,182,200,206,227
INM00042111,1997,221,189,185,144,180,179,196,180,182,200,175,188
INM00042111,1998,146,163,186,170,159,171,187,182,173,192,180,183
INM00042111,1999,156,160,172,154,156,172,122,145,168,144,158,115
INM00042111,2000,144,168,176,157,197,193,193,178,154,207,209,219
INM00042111,2001,212,194,205,221,238,212,219,227,232,227,215,226
INM00042111,2002,215,190,220,224,241,214,241,232,227,232,232,231
INM00042111,2003,231,220,239,228,237,211,245,228,205,240,228,243
INM00042111,2004,234,225,236,235,229,236,238,240,217,221,231,240
INM00042111,2005,239,222,238,236,242,234,227,222,234,244,232,239
INM00042111,2006,240,217,243,231,239,226,235,223,227,231,231,230
INM00042111,2007,240,219,234,224,226,225,211,197,179,191,215,212
INM00042111,2008,224,212,240,233,241,229,244,243,226,245,239,239
INM00042111,2009,244,222,243,239,241,221,236,241,236,242,233,244
INM00042111,2010,239,207,224,221,224,214,233,236,236,244,239,246
INM00042111,2011,246,223,242,239,246,197,235,232,221,242,235,245
INM00042111,2012,244,227,244,237,236,233,241,232,233,242,229,245
INM00042111,2013,239,216,239,233,240,233,231,219,232,242,223,235
INM00042111,2014,230,219,242,230,248,237,237,244,231,242,235,239
INM00042111,2015,246,218,244,238,245,237,242,244,235,240,234,244
INM00042111,2016,241,216,244,231,244,234,242,238,236,243,233,244
INM00042111,2017,238,213,237,237,242,235,238,238,234,239,232,237
INM00042111,2018,240,216,241,220,242,230,239,238,232,238,235,247
INM00042111,2019,242,222,237,234,235,233,242,244,229,245,234,240
INM00042111,2020,239,229,247,238,245,238,244,247,237,247,238,246
INM00042111,2021,248,210,247,237,239,238,242,248,239,247,239,242
INM00042111,2022,244,222,243,235,238,236,244,240,234,235,234,235
INM00042111,2023,232,219,242,224,234,224,241,242,230,239,235,230
INM00042111,2024,244,228,243,210,246,239,244,245,235,247,237,241
INM00042111,2025,244,219,244,240,247,235,247,230,223,247,238,247
INM00042111,2026,244,207,0,0,0,0,0,0,0,0,0,0
INM00042552,2004,0,0,0,0,0,0,1,0,0,0,0,0
INM00042552,2008,0,0,0,0,1,0,0,0,0,0,0,0
INM00042552,2009,0,1,0,0,0,0,0,0,0,0,0,0
INM00042669,2001,0,0,0,0,0,0,1,0,0,0,0,0
INM00042669,2023,1,0,0,0,0,0,0,0,0,0,0,0
INM00042391,1934,23,28,31,29,27,28,30,29,30,30,30,31
INM00042391,1935,31,27,30,27,31,30,31,31,29,30,30,31
INM00042391,1944,114,114,120,116,112,116,118,118,118,116,118,122
INM00042391,1945,124,108,118,118,114,100,116,116,116,120,112,110
INM00042391,1946,124,98,98,116,114,110,80,106,82,46,74,52
INM00042391,1947,90,106,110,106,116,114,106,116,120,120,120,114
INM00042391,1948,118,110,124,118,108,114,118,122,118,104,118,120
INM00042391,1999,0,0,0,0,0,0,0,1,0,0,0,0
INM00042391,2000,0,1,0,0,0,0,0,0,0,0,0,0
INM00042391,2001,0,0,0,0,0,0,1,0,0,0,0,0
INM00042391,2003,0,0,0,1,0,0,0,0,0,0,0,0
INM00042391,2015,0,0,0,0,0,0,0,0,0,0,0,9
INM00042391,2016,18,15,20,20,28,32,32,24,21,25,9,0
INM00042391,2017,0,1,25,24,25,25,26,19,21,24,22,19
INM00042391,2018,21,21,15,22,20,19,23,22,20,15,24,20
INM00042391,2019,23,20,20,18,25,23,22,21,39,44,42,38
INM00042391,2020,53,19,38,47,49,52,37,26,33,43,36,41
INM00042391,2021,47,44,37,46,51,49,28,0,0,0,3,56
INM00042391,2022,58,9,0,0,44,54,55,57,48,49,10,58
INM00042391,2023,59,58,58,54,60,56,47,56,57,55,41,52
INM00042391,2024,58,52,58,50,51,53,57,48,36,24,47,61
INM00042391,2025,41,48,29,59,56,54,61,44,54,60,42,0
INM00042395,1973,29,31,30,16,3,17,23,24,23,15,23,11
INM00042395,1974,20,18,20,17,6,5,7,5,9,0,2,7
INM00042395,1975,8,13,15,11,7,9,13,7,3,11,14,12
INM00042395,1976,7,13,12,10,9,13,18,10,7,2,3,17
INM00042395,1977,23,20,34,25,19,29,20,32,29,28,36,35
INM00042395,1978,32,36,34,33,32,28,37,35,34,1,0,0
INM00042395,1979,0,0,2,0,0,0,0,0,0,0,0,0
INM00042395,2015,0,0,0,0,0,0,0,0,0,0,0,14
INM00042395,2016,23,22,22,20,34,31,33,24,21,16,20,36
INM00042395,2017,38,51,57,49,45,53,53,34,49,44,48,50
INM00042395,2018,58,45,43,44,47,42,48,49,49,55,55,44
INM00042395,2019,48,49,49,46,52,51,50,51,53,55,57,55
INM00042395,2020,62,55,54,57,58,53,52,48,46,57,55,57
INM00042395,2021,57,48,54,52,52,50,52,59,53,46,58,59
INM00042395,2022,58,51,61,48,46,48,60,38,39,51,53,51
INM00042395,2023,50,44,44,45,56,52,46,47,42,48,43,42
INM00042395,2024,48,40,46,38,43,56,53,54,52,59,54,61
INM00042395,2025,56,45,51,38,48,52,56,55,41,57,56,60
INM00042395,2026,58,51,0,0,0,0,0,0,0,0,0,0
INM00042925,1944,106,116,118,120,114,120,122,120,120,122,120,116
INM00042925,1945,122,112,124,118,122,114,116,112,110,124,116,118
INM00042925,1946,124,100,116,118,122,118,108,124,118,94,86,122
INM00042925,1947,118,86,124,118,114,114,116,118,114,122,118,124
INM00042925,1948,122,108,122,120,124,108,122,124,118,122,114,122
INM00042925,1973,45,41,38,36,31,27,36,39,30,24,34,20
INM00042925,1974,30,40,34,28,35,41,32,37,23,23,22,28
INM00042925,1975,32,27,37,31,27,30,35,25,29,30,31,19
INM00042925,1976,30,25,32,35,33,37,35,16,12,6,7,22
INM00042925,1977,28,27,25,23,28,38,26,37,34,30,38,43
INM00042925,1978,46,44,42,35,44,43,48,40,43,0,0,0
INM00042925,1979,0,0,0,0,1,1,2,0,0,0,0,0
INM00042925,1983,0,0,0,0,0,0,0,0,13,27,28,27
INM00042925,1984,34,30,25,34,18,19,29,25,26,30,36,14
INM00042925,1985,38,31,30,29,19,34,23,29,26,38,23,21
INM00042925,1986,26,22,20,25,16,11,18,12,16,19,18,23
INM00042925,1987,34,20,33,12,18,9,6,2,14,2,6,8
INM00042925,1988,12,16,9,4,2,3,5,13,2,2,6,6
INM00042925,1989,3,9,3,5,2,0,4,5,2,5,5,4
INM00042925,1990,5,4,3,5,3,0,0,0,0,0,0,0
INM00042925,2009,0,1,0,0,0,0,0,0,0,0,0,0
INM00042925,2015,0,0,0,0,0,0,0,0,0,0,0,48
INM00042925,2016,59,51,60,60,61,55,59,61,54,61,59,61
INM00042925,2017,59,54,59,59,59,56,60,54,54,58,53,58
INM00042925,2018,56,52,59,56,56,59,55,59,53,58,56,60
INM00042925,2019,58,54,55,61,59,60,62,61,56,62,59,57
INM00042925,2020,60,56,59,55,59,59,61,59,59,61,57,60
INM00042925,2021,59,50,59,56,55,53,61,62,59,60,51,47
INM00042925,2022,40,40,52,46,24,19,4,17,12,7,11,12
INM00042925,2023,9,16,19,17,16,11,8,4,7,0,17,54
INM00042925,2024,61,56,59,51,58,56,55,59,58,57,54,58
INM00042925,2025,52,54,53,57,55,52,61,55,55,58,59,59
INM00042925,2026,59,52,0,0,0,0,0,0,0,0,0,0
INM00042343,1944,112,112,116,108,84,88,122,112,120,120,118,122
INM00042343,1945,122,106,120,114,116,86,108,112,112,120,116,116
INM00042343,1946,122,102,118,110,98,78,82,72,86,86,78,116
INM00042343,1947,94,102,116,84,72,62,76,106,102,114,114,94
INM00042343,1948,116,108,112,114,82,90,106,122,114,116,118,122
INM00042343,1973,41,44,37,33,27,30,38,32,22,32,30,23
INM00042343,1974,33,33,33,33,23,31,35,35,27,27,32,34
INM00042343,1975,36,30,34,39,30,32,37,26,34,34,36,31
INM00042343,1976,24,16,34,24,37,44,42,35,16,7,15,24
INM00042343,1977,26,34,30,28,32,41,42,48,42,38,36,44
INM00042343,1978,41,38,39,34,41,46,44,41,41,0,0,0
INM00042343,1979,2,0,0,0,0,1,0,0,0,0,0,0
INM00042343,1983,0,0,0,0,0,0,0,0,0,15,19,15
INM00042343,1984,21,24,25,22,13,17,27,23,15,30,24,14
INM00042343,1985,22,26,30,29,23,27,24,26,23,28,20,23
INM00042343,1986,29,32,22,32,15,11,19,17,13,15,15,27
INM00042343,1987,18,23,19,20,19,13,11,6,18,2,5,13
INM00042343,1988,21,19,10,2,1,5,16,7,8,2,5,14
INM00042343,1989,0,9,7,11,5,2,3,4,2,6,7,8
INM00042343,1990,9,6,1,3,1,0,0,0,0,0,0,0
INM00042343,2001,0,0,0,0,0,0,0,0,0,0,1,1
INM00042343,2003,0,0,2,1,0,0,1,0,0,0,0,0
INM00042343,2004,0,0,0,0,1,0,0,0,0,0,0,0
INM00042343,2007,0,0,0,0,2,0,0,0,0,0,0,0
INM00042343,2009,0,4,0,0,0,0,0,0,0,0,0,0
INM00042343,2010,1,0,0,0,0,0,0,0,0,0,0,0
INM00042343,2013,0,0,0,0,1,0,0,0,0,0,0,0
INM00042343,2015,0,0,0,0,0,0,0,0,0,0,0,195
INM00042343,2016,246,221,242,238,244,234,236,242,236,247,236,244
INM00042343,2017,243,221,246,223,237,234,244,241,233,238,230,237
INM00042343,2018,239,220,241,228,241,231,231,237,220,239,231,243
INM00042343,2019,242,218,239,236,242,230,236,241,232,243,236,237
INM00042343,2020,236,228,247,238,247,234,245,243,234,247,236,245
INM00042343,2021,245,209,248,240,246,239,248,248,239,248,239,248
INM00042343,2022,247,221,248,239,240,236,242,243,238,241,240,246
INM00042343,2023,246,223,243,236,243,234,245,241,231,245,238,231
INM00042343,2024,247,228,242,208,241,237,234,241,232,245,236,243
INM00042343,2025,246,214,246,239,247,234,246,228,222,244,238,246
INM00042343,2026,240,207,0,0,0,0,0,0,0,0,0,0
INM00042408,2015,0,0,0,0,0,0,0,0,0,0,0,45
INM00042408,2016,55,42,56,57,56,56,53,50,53,55,58,59
INM00042408,2017,59,0,1,0,0,56,59,61,48,53,58,60
INM00042408,2018,2,31,61,55,56,30,0,0,23,60,59,56
INM00042408,2019,58,54,56,47,54,57,58,59,59,55,56,51
INM00042408,2020,57,53,32,31,60,55,24,0,0,0,0,20
INM00042408,2021,2,0,9,0,0,0,0,0,0,0,0,0
INM00042408,2022,0,0,2,0,0,0,0,1,0,0,15,56
INM00042408,2023,51,45,49,29,0,44,58,50,50,51,42,16
INM00042408,2024,18,46,54,50,62,58,58,60,57,61,59,59
INM00042408,2025,62,54,57,53,61,53,58,53,53,56,54,59
INM00042408,2026,60,51,0,0,0,0,0,0,0,0,0,0
INM00042407,1973,5,2,11,8,18,10,17,13,17,24,25,23
INM00042407,1974,22,29,39,18,16,27,23,20,30,13,13,14
INM00042407,1975,16,8,12,11,18,23,16,13,16,20,9,12
INM00042407,1976,4,0,0,1,0,0,0,0,2,1,1,0
INM00042407,1977,0,0,0,0,0,0,0,0,0,2,0,0
INM00042407,1978,0,0,1,0,0,0,2,0,1,0,0,1
INM00042407,1979,0,1,0,0,0,0,0,0,0,0,0,0
INM00042407,2002,0,0,0,1,0,0,0,0,0,0,0,0
INM00042407,2005,0,0,0,0,0,0,0,1,0,0,0,0
INM00042407,2009,0,1,0,0,0,0,0,0,0,0,0,0
INM00042407,2015,0,0,0,0,0,0,0,0,0,0,0,38
INM00042407,2016,54,51,52,50,49,50,49,42,42,45,50,55
INM00042407,2017,54,49,49,49,56,53,49,56,52,54,51,57
INM00042407,2018,52,39,50,50,54,52,49,52,51,48,49,38
INM00042407,2019,37,44,48,31,51,52,30,56,51,43,56,47
INM00042407,2020,49,54,52,48,45,46,42,46,46,50,42,25
INM00042407,2021,30,36,42,40,56,52,58,1,17,58,56,53
INM00042407,2022,57,52,55,52,59,57,55,55,53,55,60,58
INM00042407,2023,60,49,56,55,61,56,61,54,57,60,58,56
INM00042407,2024,55,54,56,53,62,60,60,60,58,61,59,59
INM00042407,2025,62,55,60,60,62,58,58,55,53,57,54,60
INM00042407,2026,60,51,0,0,0,0,0,0,0,0,0,0
INM00042488,2005,0,0,0,0,0,0,0,0,0,1,0,0
INM00042488,2015,0,0,0,0,0,0,0,0,0,0,0,16
INM00042488,2016,21,23,25,23,36,32,40,52,35,41,48,56
INM00042488,2017,43,52,55,53,48,43,48,37,49,34,29,52
INM00042488,2018,57,52,47,46,17,38,46,44,46,44,47,47
INM00042488,2019,49,48,44,41,43,45,52,44,51,53,54,33
INM00042488,2020,59,54,43,55,56,51,39,30,43,54,55,51
INM00042488,2021,54,47,54,45,49,48,49,55,44,53,51,57
INM00042488,2022,57,51,56,44,40,52,48,57,56,60,57,0
INM00042488,2023,60,58,54,54,57,42,57,57,57,52,53,55
INM00042488,2024,48,56,57,44,55,55,48,56,54,52,46,48
INM00042488,2025,56,50,51,58,60,58,61,55,56,62,46,51
INM00042488,2026,54,49,0,0,0,0,0,0,0,0,0,0
INM00042539,1944,58,56,60,58,58,59,60,62,59,59,59,62
INM00042539,1945,60,56,60,60,60,57,58,0,0,0,0,0
INM00042557,2003,1,0,0,0,0,0,0,0,0,0,0,0
INM00042557,2009,0,2,0,0,0,0,0,0,0,0,0,0
INM00042557,2015,0,0,0,0,0,0,0,0,0,0,0,4
INM00042557,2016,59,54,60,54,56,57,59,62,52,60,58,61
INM00042557,2017,62,56,62,59,61,50,61,61,59,61,60,62
INM00042557,2018,61,40,62,58,62,60,61,62,56,60,58,62
INM00042557,2019,62,55,61,34,62,59,62,60,60,62,60,62
INM00042557,2020,61,58,63,59,62,53,62,62,59,62,61,62
INM00042557,2021,62,51,62,60,63,58,62,62,61,62,60,59
INM00042557,2022,54,56,61,56,62,59,62,62,59,60,61,55
INM00042557,2023,62,56,62,59,62,56,62,60,57,51,59,60
INM00042557,2024,62,57,61,54,62,60,60,62,59,61,59,61
INM00042557,2025,62,55,62,60,62,59,62,58,58,62,60,62
INM00042557,2026,62,51,0,0,0,0,0,0,0,0,0,0
INM00042426,2020,0,0,0,0,0,0,0,0,0,0,0,1
INM00042426,2022,0,0,0,0,0,0,0,0,0,0,1,0
INM00042662,2002,0,0,0,0,0,1,0,0,0,0,0,0
INM00042662,2004,0,0,0,0,0,0,0,0,0,1,0,0
INM00042662,2007,0,0,0,0,1,0,0,0,0,0,0,0
INM00042662,2009,0,2,0,0,0,0,0,0,0,0,0,0
INM00042662,2015,0,0,0,0,0,0,0,0,0,0,0,49
INM00042662,2016,62,58,60,60,61,60,62,61,60,62,60,62
INM00042662,2017,62,56,62,60,61,59,61,62,60,62,60,62
INM00042662,2018,62,56,62,59,62,60,61,62,56,62,56,62
INM00042662,2019,62,55,61,60,59,60,62,62,60,62,60,62
INM00042662,2020,62,58,63,60,62,60,61,63,59,62,61,63
INM00042662,2021,61,52,62,60,63,59,62,61,60,62,60,62
INM00042662,2022,61,56,62,60,62,55,58,62,61,61,61,62
INM00042662,2023,61,56,62,60,63,58,62,60,57,62,60,59
INM00042662,2024,62,58,61,54,59,60,59,62,59,62,60,61
INM00042662,2025,62,55,62,61,62,59,62,58,58,62,60,62
INM00042662,2026,62,51,0,0,0,0,0,0,0,0,0,0
INM00042413,2001,0,0,0,0,0,0,0,0,0,1,0,0
INM00042413,2002,0,0,0,0,0,0,0,0,0,0,0,1
INM00042413,2009,0,1,0,0,0,0,0,0,0,0,0,0
INM00042413,2015,0,0,0,0,0,0,0,0,0,0,0,46
INM00042413,2016,52,41,50,53,54,49,57,42,50,48,56,55
INM00042413,2017,52,51,55,52,49,45,56,55,57,60,51,54
INM00042413,2018,54,44,49,46,59,57,60,58,57,56,57,59
INM00042413,2019,61,50,60,57,60,60,58,60,60,58,60,61
INM00042413,2020,60,57,44,9,61,59,59,56,57,57,49,33
INM00042413,2021,21,32,41,56,51,57,56,55,57,59,52,57
INM00042413,2022,34,54,56,53,59,51,56,55,53,55,58,58
INM00042413,2023,62,48,57,54,60,55,59,55,56,60,58,53
INM00042413,2024,56,53,56,51,60,60,57,59,57,60,58,60
INM00042413,2025,62,51,3,0,0,8,59,55,53,60,55,58
INM00042413,2026,59,49,0,0,0,0,0,0,0,0,0,0
INM00042420,1974,0,0,0,0,0,0,0,10,3,4,3,4
INM00042420,1975,2,2,2,1,4,0,0,0,0,0,0,0
INM00042420,2000,0,0,1,0,0,0,0,0,0,1,0,0
INM00042420,2001,0,0,0,0,0,1,2,0,0,0,0,0
INM00042420,2002,1,0,0,2,0,0,0,1,0,0,0,1
INM00042420,2003,1,1,0,1,0,0,0,0,0,0,0,0
INM00042420,2015,0,0,0,0,0,0,0,0,0,0,0,48
INM00042420,2016,57,54,53,57,57,54,62,52,56,53,59,60
INM00042420,2017,56,55,61,59,60,56,58,60,53,58,53,59
INM00042420,2018,56,48,49,48,56,52,51,58,51,51,56,53
INM00042420,2019,56,48,58,53,59,55,57,53,49,45,55,47
INM00042420,2020,50,51,47,56,58,55,58,60,54,56,52,47
INM00042420,2021,44,42,47,46,52,52,51,47,55,54,52,55
INM00042420,2022,52,53,52,48,54,53,48,52,44,49,52,47
INM00042420,2023,51,42,47,46,57,51,56,50,51,50,50,46
INM00042420,2024,44,43,45,49,58,57,58,58,55,57,55,58
INM00042420,2025,56,52,59,55,51,49,54,55,45,50,50,55
INM00042420,2026,51,43,0,0,0,0,0,0,0,0,0,0
INM00042562,2003,1,0,0,0,0,0,0,0,0,0,0,0
INM00042562,2006,0,0,1,1,0,0,0,0,0,0,0,0
INM00042562,2007,0,0,0,0,0,0,0,0,0,1,2,0
INM00042562,2009,0,1,0,0,0,0,0,0,0,0,0,0
INM00042562,2014,0,0,1,0,0,0,0,0,0,0,0,0
INM00042562,2015,0,0,0,0,0,0,0,0,0,0,0,42
INM00042562,2016,58,53,53,58,60,51,52,55,54,55,55,55
INM00042562,2017,56,52,56,55,59,44,49,31,46,50,43,16
INM00042562,2018,57,52,54,52,58,49,45,51,38,50,49,36
INM00042562,2019,31,27,30,50,58,59,56,47,45,42,22,31
INM00042562,2020,30,36,30,11,58,45,28,28,29,29,30,30
INM00042562,2021,30,26,32,38,61,50,43,45,35,28,50,57
INM00042562,2022,57,51,57,55,57,46,0,0,0,0,0,0
INM00042562,2023,0,30,51,37,53,53,60,57,51,61,56,57
INM00042562,2024,61,58,60,53,61,59,58,61,59,62,60,61
INM00042562,2025,62,54,61,58,60,59,60,58,55,62,60,61
INM00042562,2026,62,51,0,0,0,0,0,0,0,0,0,0
INM00042555,1944,102,116,116,116,116,120,120,124,110,114,118,124
INM00042555,1945,124,110,118,118,98,112,114,116,116,120,116,120
INM00042555,1946,122,102,116,116,120,94,92,96,96,58,74,106
INM00042555,1947,120,104,116,116,122,98,112,116,104,118,114,114
INM00042555,1948,116,114,122,114,114,114,116,122,116,120,108,120
INM00042555,1973,40,32,37,34,25,20,16,13,13,20,26,16
INM00042555,1974,28,38,28,34,29,28,18,15,19,20,30,21
INM00042555,1975,27,26,28,24,15,18,27,8,23,27,34,33
INM00042555,1976,22,17,35,24,39,40,31,18,9,3,9,22
INM00042555,1977,27,35,42,33,34,35,32,38,40,40,52,44
INM00042555,1978,48,45,47,41,43,44,44,32,38,1,1,0
INM00042555,1979,0,0,3,1,1,0,0,0,1,0,0,0
INM00042555,1983,0,0,0,0,0,0,0,0,4,2,3,0
INM00042555,1984,5,0,14,14,12,14,14,18,16,14,10,7
INM00042555,1985,15,17,6,1,5,15,10,24,17,18,5,13
INM00042555,1986,15,17,19,16,9,7,12,11,6,2,2,2
INM00042555,1987,14,10,15,2,1,0,0,0,1,1,1,9
INM00042555,1988,18,10,0,0,0,0,1,1,1,0,2,1
INM00042555,1989,1,3,1,4,4,0,2,2,1,1,4,3
INM00042555,1990,3,3,4,1,3,0,0,0,0,0,0,0
INM00042555,2001,0,0,0,0,0,0,0,0,1,0,1,0
INM00042555,2002,0,0,0,1,2,2,0,0,1,1,1,0
INM00042555,2003,0,0,1,1,0,2,0,0,0,0,0,0
INM00042555,2017,1,0,0,0,0,1,0,1,1,3,0,0
INM00042555,2018,1,0,0,0,0,0,0,0,0,0,0,0
INM00042555,2022,0,0,0,0,0,0,0,0,0,1,0,0
INM00042651,2009,0,1,0,0,0,0,0,0,0,0,0,0
INM00042651,2015,0,0,0,0,0,0,0,0,0,0,0,27
INM00042651,2016,0,0,0,12,44,46,34,39,9,0,0,1
INM00042651,2017,0,0,0,49,36,45,51,52,48,23,21,20
INM00042651,2018,37,47,23,29,36,7,52,52,34,42,9,0
INM00042439,2015,0,0,0,0,0,0,0,0,0,0,0,25
INM00042439,2016,25,24,27,27,30,25,23,22,21,11,0,0
INM00042439,2017,0,0,0,0,0,1,0,0,0,0,15,3
INM00042439,2018,2,0,0,0,0,0,0,0,0,0,0,0
INM00042439,2020,0,0,0,1,0,0,0,0,0,0,0,0
INM00042661,1973,40,41,42,36,41,36,38,43,38,38,42,44
INM00042661,1974,39,44,43,33,38,42,41,40,31,35,30,35
INM00042661,1975,40,36,41,33,28,32,41,31,21,20,28,22
INM00042661,1976,26,26,29,24,26,25,28,35,28,19,23,23
INM00042661,1977,18,21,26,28,30,29,30,27,25,33,41,37
INM00042661,1978,44,43,45,40,42,50,49,43,44,0,1,0
INM00042661,1979,0,1,1,0,0,0,0,0,0,0,0,0
INM00042661,1983,0,0,0,0,7,7,0,0,8,12,14,11
INM00042661,1984,22,17,15,24,15,18,24,26,28,18,21,11
INM00042661,1985,20,21,16,25,10,9,8,11,6,15,10,13
INM00042661,1986,7,8,7,10,3,6,7,7,6,4,8,22
INM00042661,1987,18,11,12,10,13,7,6,2,9,0,0,1
INM00042661,1988,9,9,1,0,0,1,3,12,0,2,0,3
INM00042661,1989,1,0,1,2,1,3,0,3,9,0,1,2
INM00042661,1990,0,1,3,0,2,0,0,0,0,0,0,0
INM00042661,1999,1,1,1,0,0,0,0,0,3,0,0,0
INM00042661,2000,0,0,1,0,0,0,0,0,0,0,0,0
INM00042661,2002,0,0,1,0,1,0,0,0,0,0,0,0
INM00042661,2003,0,2,0,0,0,0,0,0,0,0,0,0
INM00042661,2009,0,1,0,0,0,0,0,0,0,0,0,0
INM00042661,2015,0,0,0,0,0,0,0,0,0,0,0,46
INM00042661,2016,53,52,44,56,51,59,58,48,57,56,55,48
INM00042661,2017,57,48,60,57,50,55,49,60,59,52,55,58
INM00042661,2018,57,50,58,58,59,58,59,54,50,31,26,28
INM00042661,2019,33,27,31,36,38,37,35,30,38,36,32,36
INM00042661,2020,36,17,38,53,39,50,54,58,57,55,51,55
INM00042661,2021,52,48,55,54,58,53,58,56,58,57,53,60
INM00042661,2022,61,54,60,50,53,54,48,60,61,58,58,59
INM00042661,2023,61,47,59,59,61,56,62,56,56,60,58,55
INM00042661,2024,62,58,61,54,62,60,51,61,59,62,60,61
INM00042661,2025,62,55,61,60,62,59,59,56,56,62,60,62
INM00042661,2026,61,51,0,0,0,0,0,0,0,0,0,0
INM00042450,2003,0,2,0,0,0,0,0,0,0,0,0,0
INM00042450,2009,0,1,0,0,0,0,0,0,0,0,0,0
INM00042450,2015,0,0,0,0,0,0,0,0,0,0,0,20
INM00042450,2016,29,26,27,27,28,29,29,26,27,28,26,17
INM00042450,2017,29,27,27,27,30,19,26,28,27,27,28,31
INM00042450,2018,29,27,26,29,30,30,29,29,26,29,24,26
INM00042450,2019,27,20,29,24,28,29,29,30,31,30,28,28
INM00042450,2020,27,28,28,30,31,27,27,31,24,30,28,30
INM00042450,2021,27,25,28,29,30,28,30,31,28,31,29,29
INM00042450,2022,26,25,29,16,26,28,24,24,21,25,26,31
INM00042450,2023,28,28,28,24,18,20,7,0,0,0,0,0
INM00042447,2002,0,0,0,0,0,0,0,0,1,0,0,2
INM00042447,2003,0,0,0,0,1,0,0,0,0,0,0,0
INM00042447,2016,0,0,0,0,0,0,0,0,0,0,0,43
INM00042447,2017,58,52,57,57,55,51,56,52,52,52,35,46
INM00042447,2018,45,37,41,45,53,52,56,57,49,50,47,49
INM00042447,2019,46,43,55,47,44,45,55,48,45,49,41,27
INM00042447,2020,12,31,13,0,14,44,57,55,53,55,55,55
INM00042447,2021,56,49,56,51,50,57,61,63,53,52,51,56
INM00042447,2022,61,53,54,53,55,52,51,53,51,50,56,58
INM00042447,2023,56,51,56,38,37,42,35,33,41,35,39,40
INM00042447,2024,48,36,33,30,44,31,47,43,42,46,53,40
INM00042447,2025,42,37,42,40,47,46,40,32,33,40,36,41
INM00042447,2026,48,44,0,0,0,0,0,0,0,0,0,0
INM00042474,1944,56,56,60,59,57,60,62,60,59,60,58,61
INM00042474,1945,61,56,61,58,58,58,57,58,60,61,58,59
INM00042474,1946,61,50,61,59,61,48,51,56,57,44,42,61
INM00042474,1947,61,55,58,59,59,56,58,58,53,59,58,55
INM00042474,1948,44,55,55,52,57,56,57,59,59,58,59,55
INM00042474,2017,0,0,18,189,195,191,178,184,192,229,218,224
INM00042474,2018,219,193,219,207,225,217,222,235,207,232,217,225
INM00042474,2019,228,214,228,223,227,226,240,239,228,238,229,231
INM00042474,2020,227,214,234,226,238,231,243,240,231,229,235,247
INM00042474,2021,230,203,241,235,237,225,242,237,232,244,229,242
INM00042474,2022,236,217,243,233,235,229,219,231,235,229,235,243
INM00042474,2023,234,224,237,239,241,222,239,239,227,246,225,226
INM00042474,2024,247,230,244,212,244,236,207,241,232,246,235,240
INM00042474,2025,255,249,240,236,243,234,237,229,208,242,238,244
INM00042474,2026,239,207,0,0,0,0,0,0,0,0,0,0
INM00042577,1973,23,33,33,28,22,21,20,18,23,25,30,32
INM00042577,1974,27,29,32,21,20,26,17,16,15,18,25,24
INM00042577,1975,14,20,21,17,21,12,21,7,13,17,14,22
INM00042577,1976,17,15,16,14,8,13,11,8,2,3,6,6
INM00042577,1977,6,17,27,12,22,19,17,17,19,22,26,38
INM00042577,1978,32,42,44,41,40,42,36,36,39,1,4,2
INM00042577,1979,4,0,1,0,0,1,0,0,0,0,0,0
INM00042577,1983,0,0,0,0,0,0,0,0,9,10,8,13
INM00042577,1984,15,10,12,12,6,8,10,4,11,9,12,7
INM00042577,1985,14,13,11,5,6,9,6,6,6,11,10,10
INM00042577,1986,9,8,7,11,1,1,3,8,4,3,7,11
INM00042577,1987,10,5,9,9,2,3,1,1,5,0,2,10
INM00042577,1988,8,1,1,4,3,2,4,7,2,0,1,2
INM00042577,1989,4,0,1,0,2,0,1,1,3,2,3,2
INM00042577,1990,0,0,3,1,1,4,2,3,1,4,0,2
INM00042577,1991,4,3,1,3,2,1,2,0,2,3,0,0
INM00042577,1992,0,1,2,0,0,0,1,3,3,3,1,2
INM00042577,1993,2,2,1,3,1,1,5,3,2,3,4,1
INM00042577,1994,5,1,1,1,4,1,3,0,1,1,1,1
INM00042577,1995,3,0,2,2,0,0,4,1,0,0,0,2
INM00042577,1996,3,2,2,1,3,1,1,2,3,2,0,2
INM00042577,1997,2,0,1,1,3,0,1,2,2,0,1,0
INM00042577,1998,0,0,0,1,0,0,0,0,0,0,2,1
INM00042577,1999,0,0,0,0,0,0,0,0,2,0,0,2
INM00042577,2000,0,0,1,0,0,0,0,0,0,0,0,0
INM00042577,2001,0,0,1,0,1,0,0,0,0,0,0,0
INM00042577,2002,0,1,1,0,1,1,0,0,1,0,1,1
INM00042577,2003,2,0,0,0,0,0,0,0,0,0,0,0
INM00042577,2004,0,0,0,0,0,0,0,0,0,0,0,1
INM00042577,2009,0,1,0,0,0,0,0,0,0,0,0,0
INM00042577,2015,0,0,0,0,0,0,0,0,0,0,0,46
INM00042577,2016,59,54,55,56,59,49,60,59,54,43,0,42
INM00042577,2017,58,53,57,45,54,47,57,57,49,48,59,62
INM00042577,2018,60,54,59,57,54,57,55,59,52,60,50,56
INM00042577,2019,59,50,59,51,54,50,60,61,59,59,59,58
INM00042577,2020,59,52,59,56,60,54,61,62,55,60,61,61
INM00042577,2021,60,50,60,57,59,59,57,60,56,56,58,58
INM00042577,2022,62,52,57,57,53,53,59,61,58,60,60,57
INM00042577,2023,55,52,59,58,62,57,63,61,54,57,48,55
INM00042577,2024,62,56,59,50,60,59,56,59,59,62,59,59
INM00042577,2025,62,53,62,58,62,59,63,58,57,63,60,62
INM00042577,2026,62,51,0,0,0,0,0,0,0,0,0,0
INM00042456,1973,25,31,30,25,18,11,20,18,21,15,22,13
INM00042456,1974,22,25,22,18,12,18,20,18,23,30,17,21
INM00042456,1975,24,21,20,23,12,3,17,22,22,18,15,16
INM00042456,1976,25,10,28,21,18,21,20,20,14,10,12,17
INM00042456,1977,13,24,28,18,23,15,18,22,20,19,26,38
INM00042456,1978,37,40,39,41,20,34,29,30,39,0,0,1
INM00042456,1979,1,1,0,1,1,1,0,0,0,0,0,1
INM00042456,1983,0,0,0,0,0,0,0,0,0,0,0,1
INM00042456,1984,6,0,1,1,3,4,4,2,3,2,2,1
INM00042456,1985,0,2,1,2,4,2,1,3,4,1,0,0
INM00042456,1986,1,1,2,4,0,1,1,1,0,1,4,9
INM00042456,1987,0,1,1,0,0,0,0,0,2,0,0,3
INM00042456,1988,1,0,1,2,1,1,0,1,5,1,0,0
INM00042456,1989,0,0,0,2,0,1,2,0,1,0,0,0
INM00042456,1990,0,0,0,1,0,0,0,0,0,0,0,0
INM00042456,2009,0,2,0,0,0,0,0,0,0,0,0,0
INM00042456,2015,0,0,0,0,0,0,0,0,0,0,0,46
INM00042456,2016,58,56,58,61,59,59,57,62,60,62,57,61
INM00042456,2017,61,55,61,56,62,57,57,57,50,55,56,61
INM00042456,2018,58,51,47,53,59,60,58,58,49,57,50,58
INM00042456,2019,52,42,5,24,19,31,50,49,53,50,42,53
INM00042456,2020,41,1,12,0,0,0,1,0,0,1,0,1
INM00042456,2021,2,1,0,35,50,48,57,39,40,37,17,0
INM00042456,2025,0,0,0,0,0,7,60,58,55,61,60,61
INM00042456,2026,62,51,0,0,0,0,0,0,0,0,0,0
INM00042399,1944,112,116,118,118,116,120,124,122,120,118,116,124
INM00042399,1945,124,110,120,120,124,116,116,116,120,124,116,118
INM00042399,1946,122,102,122,120,124,116,72,92,116,90,92,124
INM00042399,1947,124,110,118,120,124,120,118,124,116,122,120,120
INM00042399,1948,120,112,122,118,116,114,118,122,120,118,114,116
INM00042399,1954,61,55,60,60,61,57,52,41,59,60,60,62
INM00042399,1955,60,54,59,58,62,60,58,57,59,59,60,61
INM00042399,1956,62,56,60,58,58,57,59,56,54,60,59,59
INM00042399,1957,50,48,46,49,45,46,44,41,46,49,46,45
INM00042399,1958,48,49,52,52,45,46,49,52,47,41,42,36
INM00042399,1959,44,39,48,49,45,47,41,46,40,34,40,42
INM00042399,1960,43,42,51,41,32,30,21,28,27,27,27,29
INM00042399,1961,25,25,24,21,30,25,27,27,27,30,26,24
INM00042399,1962,36,37,34,28,44,41,39,44,36,42,42,43
INM00042399,1963,56,52,55,55,52,56,58,61,53,59,55,56
INM00042399,1974,0,0,1,2,1,1,3,0,0,0,0,0
INM00042399,2003,0,0,0,0,0,0,1,0,0,0,0,0
INM00042399,2007,0,0,0,0,1,0,0,0,0,0,0,0
INM00042399,2009,0,1,0,0,0,0,0,0,0,0,0,0
INM00042399,2013,0,0,0,0,1,0,0,0,0,0,0,0
INM00042399,2015,0,0,0,0,0,0,0,0,0,0,0,73
INM00042399,2016,93,86,91,94,102,91,91,93,90,93,90,93
INM00042399,2017,92,84,93,91,92,85,91,95,90,93,89,93
INM00042399,2018,93,83,93,87,93,90,91,93,85,91,90,93
INM00042399,2019,93,84,92,90,93,90,93,102,118,124,120,124
INM00042399,2020,123,116,119,120,122,120,124,124,118,124,120,124
INM00042399,2021,124,103,124,120,123,120,124,124,120,124,120,124
INM00042399,2022,124,112,124,120,124,119,124,124,118,123,120,124
INM00042399,2023,124,112,122,120,124,119,123,122,117,124,119,116
INM00042399,2024,124,116,123,107,123,120,122,124,118,124,120,122
INM00042399,2025,124,111,124,120,124,119,123,115,111,124,120,124
INM00042399,2026,124,104,0,0,0,0,0,0,0,0,0,0
INM00042546,2009,0,1,0,0,0,0,0,0,0,0,0,0
INM00042546,2015,0,0,0,0,0,0,0,0,0,0,0,42
INM00042546,2016,61,50,58,55,60,58,58,58,58,58,57,61
INM00042546,2017,59,53,61,58,61,56,56,57,57,57,57,59
INM00042546,2018,61,55,60,53,61,58,60,62,55,57,57,56
INM00042546,2019,60,51,59,52,58,59,60,59,56,54,48,43
INM00042546,2020,23,44,41,56,53,56,58,59,54,60,55,54
INM00042546,2021,56,50,60,61,52,58,62,63,59,59,57,61
INM00042546,2022,60,51,39,29,53,52,50,53,55,54,58,59
INM00042546,2023,56,55,50,37,29,42,33,35,38,39,35,45
INM00042546,2024,50,38,33,33,44,32,42,45,43,53,50,42
INM00042546,2025,42,41,52,42,47,47,40,38,36,43,43,45
INM00042546,2026,56,52,0,0,0,0,0,0,0,0,0,0
INM00042328,1973,57,51,57,52,41,46,37,38,48,53,45,37
INM00042328,1974,51,39,49,50,41,42,47,41,44,52,53,83
INM00042328,1975,91,82,98,91,66,64,98,98,101,104,109,101
INM00042328,1976,96,86,113,110,134,117,107,124,106,109,102,123
INM00042328,1977,140,125,144,133,166,166,181,186,170,172,169,187
INM00042328,1978,177,178,200,198,202,187,168,179,186,157,147,154
INM00042328,1979,150,142,175,210,218,197,154,164,199,194,170,205
INM00042328,1980,214,203,225,203,207,196,172,197,199,167,195,181
INM00042328,1981,187,160,202,199,192,172,151,175,180,193,172,188
INM00042328,1982,182,159,196,173,163,162,139,141,134,167,176,167
INM00042328,1983,167,157,186,151,159,132,127,143,161,171,186,167
INM00042328,1984,175,136,179,155,133,152,150,169,140,166,158,166
INM00042328,1985,150,147,152,140,156,147,141,167,158,166,156,146
INM00042328,1986,156,148,155,144,117,95,147,158,149,117,120,138
INM00042328,1987,145,136,135,132,100,94,142,144,171,184,171,162
INM00042328,1988,165,153,143,138,169,129,139,132,140,145,147,139
INM00042328,1989,141,132,157,155,130,124,101,112,107,126,130,140
INM00042328,1990,142,113,139,92,80,77,87,126,114,104,51,112
INM00042328,1991,140,100,111,120,86,83,75,99,83,106,105,111
INM00042328,1992,88,97,114,114,83,93,77,113,112,117,105,114
INM00042328,1993,98,106,115,102,130,119,123,117,125,112,120,111
INM00042328,1994,125,98,130,128,124,133,111,131,125,134,129,127
INM00042328,1995,128,121,124,125,128,102,150,177,155,195,201,218
INM00042328,1996,185,187,182,195,185,183,184,112,188,180,199,200
INM00042328,1997,172,198,186,105,155,95,168,139,175,188,184,189
INM00042328,1998,172,155,190,179,199,202,107,181,178,162,141,178
INM00042328,1999,194,132,165,141,167,129,170,137,192,182,133,169
INM00042328,2000,136,174,203,177,206,179,202,185,181,225,199,222
INM00042328,2001,214,184,221,221,216,188,176,193,206,208,220,213
INM00042328,2002,206,193,216,197,221,193,221,214,216,231,230,231
INM00042328,2003,227,208,210,214,217,208,221,235,205,229,216,228
INM00042328,2004,226,226,212,228,228,222,230,188,228,235,225,229
INM00042328,2005,226,217,231,226,242,225,234,242,236,243,226,235
INM00042328,2006,227,212,238,240,246,235,250,228,233,241,237,232
INM00042328,2007,234,221,228,227,228,219,244,228,232,228,227,234
INM00042328,2008,237,201,236,230,238,232,238,239,236,244,236,246
INM00042328,2009,242,223,245,239,247,222,250,248,234,246,240,246
INM00042328,2010,247,224,248,240,248,240,236,246,238,248,240,245
INM00042328,2011,248,224,246,239,246,200,243,246,239,247,239,247
INM00042328,2012,248,230,248,239,248,237,248,246,240,247,240,247
INM00042328,2013,247,223,248,239,244,239,248,248,237,248,235,246
INM00042328,2014,245,221,246,233,245,236,243,248,239,247,239,247
INM00042328,2015,247,220,246,238,246,239,245,241,232,247,237,245
INM00042328,2016,248,228,245,239,248,239,242,248,239,248,236,246
INM00042328,2017,245,222,247,235,243,239,247,245,237,245,240,245
INM00042328,2018,243,223,247,233,245,238,243,244,237,245,234,247
INM00042328,2019,245,223,245,240,247,238,247,247,237,246,236,240
INM00042328,2020,240,230,245,237,245,236,248,244,236,248,239,247
INM00042328,2021,247,212,247,239,247,239,248,248,240,248,239,248
INM00042328,2022,248,222,248,237,241,238,243,242,235,243,240,247
INM00042328,2023,246,224,245,239,245,233,246,242,231,242,239,231
INM00042328,2024,247,231,244,216,244,237,242,244,235,247,238,244
INM00042328,2025,246,216,245,240,247,234,246,231,223,246,238,247
INM00042328,2026,242,207,0,0,0,0,0,0,0,0,0,0
INM00042460,2002,0,0,0,1,0,0,0,0,0,1,0,1
INM00042460,2003,1,0,0,0,0,2,0,0,0,0,0,0
INM00042460,2004,0,0,1,0,0,0,0,0,0,0,0,0
INM00042460,2006,0,0,0,0,0,1,0,0,0,0,0,0
INM00042460,2008,0,0,0,0,0,0,0,0,0,0,1,1
INM00042460,2009,0,2,0,0,1,0,0,0,0,0,0,1
INM00042460,2012,1,0,0,0,0,0,0,0,0,0,0,0
INM00042460,2013,0,0,0,0,0,0,0,0,0,0,0,1
INM00042460,2014,0,0,1,0,0,0,0,0,0,0,1,0
INM00042460,2015,1,0,0,0,0,0,0,0,0,0,0,19
INM00042460,2016,18,24,22,26,29,27,25,30,26,30,29,31
INM00042460,2017,27,25,26,26,27,27,31,28,25,27,27,30
INM00042460,2018,29,27,27,25,29,27,28,30,35,50,35,43
INM00042460,2019,41,21,17,27,28,28,27,27,25,29,30,29
INM00042460,2020,29,26,29,28,27,29,26,26,27,27,29,23
INM00042460,2021,27,20,28,26,28,29,28,29,28,30,25,31
INM00042460,2022,28,23,28,29,31,29,30,29,28,29,26,28
INM00042460,2023,29,25,29,30,25,26,31,31,28,30,27,29
INM00042460,2024,31,27,31,27,41,0,0,0,0,0,0,0
INM00042460,2025,0,0,0,0,0,30,117,115,110,123,118,124
INM00042460,2026,124,103,0,0,0,0,0,0,0,0,0,0
INM00042970,1934,31,28,31,29,31,30,31,31,30,31,30,31
INM00042970,1935,30,28,31,30,31,29,31,31,30,31,30,31
INM00042970,1944,58,58,60,60,58,60,62,60,60,56,60,62
INM00042970,1945,54,52,56,52,54,52,96,98,98,98,100,60
INM00042970,1946,62,52,60,100,112,114,82,66,92,82,84,106
INM00042970,1947,114,94,118,110,124,118,112,122,112,122,116,118
INM00042970,1948,124,114,122,118,114,118,118,124,118,116,114,124
INM00042970,1988,0,0,0,1,10,5,9,7,12,7,8,11
INM00042970,1989,10,4,8,13,8,9,13,9,11,8,9,7
INM00042970,1990,4,5,11,5,11,10,4,8,14,11,17,6
INM00042970,1991,10,7,12,12,12,8,8,8,4,14,5,5
INM00042970,1992,4,7,8,10,14,5,17,2,7,16,9,11
INM00042970,1993,6,12,7,13,9,9,5,9,20,29,18,28
INM00042970,1994,16,16,34,34,41,40,31,22,15,16,15,13
INM00042970,1995,13,15,16,15,19,21,10,13,7,11,8,14
INM00042970,1996,7,16,15,10,20,15,11,13,9,3,9,11
INM00042970,1997,10,9,8,10,12,8,2,10,7,8,7,5
INM00042970,1998,5,5,10,4,9,6,6,11,3,5,3,2
INM00042970,1999,5,2,4,6,3,9,3,7,6,6,5,3
INM00042970,2000,0,2,8,1,0,1,0,0,1,1,0,0
INM00042970,2001,0,4,5,2,4,6,8,2,2,2,1,3
INM00042970,2002,1,3,0,1,1,4,3,3,7,1,3,2
INM00042970,2003,1,0,2,1,0,0,1,2,4,2,3,1
INM00042970,2004,0,0,0,0,0,0,2,0,0,0,1,0
INM00042970,2005,0,0,1,0,7,1,2,1,0,1,0,1
INM00042970,2006,1,2,2,1,0,2,0,0,1,0,1,0
INM00042970,2007,0,0,0,1,0,2,0,0,9,85,53,0
INM00042970,2008,0,0,1,1,0,0,0,0,0,0,0,1
INM00042970,2009,0,1,0,1,0,0,0,0,0,0,1,1
INM00042970,2010,0,0,0,0,0,0,1,0,0,0,0,0
INM00042970,2011,0,0,0,0,0,0,1,1,0,1,1,1
INM00042970,2012,0,0,0,1,0,0,2,0,0,1,0,0
INM00042970,2013,1,0,0,0,0,0,0,0,0,0,0,0
INM00042970,2014,0,1,0,0,0,0,1,1,0,0,0,0
INM00042970,2015,0,0,0,0,0,0,0,0,0,0,0,46
INM00042970,2016,62,51,58,59,62,59,62,59,55,61,60,55
INM00042970,2017,60,56,62,60,62,57,61,60,60,61,57,61
INM00042970,2018,56,47,59,53,58,57,59,61,54,58,54,62
INM00042970,2019,62,52,59,59,57,59,55,61,57,61,58,61
INM00042970,2020,56,54,60,52,57,58,58,57,57,60,60,61
INM00042970,2021,61,51,61,58,62,59,61,61,59,61,41,60
INM00042970,2022,55,52,60,53,56,50,54,55,49,53,56,56
INM00042970,2023,45,53,55,56,59,49,49,57,46,51,53,45
INM00042970,2024,55,49,54,47,48,57,58,59,58,61,59,61
INM00042970,2025,57,46,50,48,45,47,59,56,55,60,59,62
INM00042970,2026,58,50,0,0,0,0,0,0,0,0,0,0
INM00042459,2002,0,0,0,0,1,1,0,1,0,0,0,0
INM00042459,2003,1,0,0,0,0,0,0,0,0,0,0,0
INM00042459,2009,0,2,0,0,0,0,0,0,0,0,0,0
INM00042459,2015,0,0,0,0,0,0,0,0,0,0,0,36
INM00042459,2016,48,39,37,47,51,51,49,50,45,49,48,45
INM00042459,2017,55,41,50,45,54,45,50,50,51,53,52,53
INM00042459,2018,53,53,54,45,57,51,56,58,46,56,55,55
INM00042459,2019,0,31,55,54,58,56,57,56,50,53,54,53
INM00042459,2020,60,56,48,42,48,45,50,45,44,50,47,47
INM00042459,2021,56,46,56,44,50,51,59,56,50,50,53,61
INM00042459,2022,54,54,55,52,55,53,32,60,64,54,53,61
INM00042459,2023,55,52,56,60,58,55,62,57,56,58,58,58
INM00042459,2024,36,57,63,53,62,60,61,61,59,61,60,60
INM00042459,2025,62,45,60,57,60,60,58,59,56,62,59,60
INM00042459,2026,62,46,0,0,0,0,0,0,0,0,0,0
INM00042674,2004,0,0,0,0,0,1,0,0,0,0,0,0
INM00042674,2006,0,0,0,0,1,0,0,0,0,0,0,0
INM00042674,2009,0,2,0,0,0,0,0,0,0,0,0,0
INM00042674,2011,0,0,0,0,0,0,0,0,1,0,0,0
INM00042674,2015,0,0,0,0,0,0,0,0,0,0,0,45
INM00042674,2016,62,57,60,60,62,59,62,61,59,61,59,62
INM00042674,2017,62,56,62,60,62,58,62,62,60,62,60,62
INM00042674,2018,60,56,62,59,60,60,61,62,56,61,60,60
INM00042674,2019,62,56,61,61,62,59,62,62,60,62,60,62
INM00042674,2020,62,57,62,60,62,54,62,63,59,62,54,62
INM00042674,2021,62,53,62,46,57,53,54,56,56,58,60,62
INM00042674,2022,62,56,60,59,62,59,62,62,60,61,60,62
INM00042674,2023,61,56,60,60,58,59,62,61,58,63,59,58
INM00042674,2024,63,58,62,54,62,60,59,62,59,62,60,61
INM00042674,2025,62,55,61,60,62,59,59,58,57,62,58,61
INM00042674,2026,62,51,0,0,0,0,0,0,0,0,0,0
INM00042468,2003,0,1,0,0,0,0,0,0,0,0,0,1
INM00042468,2004,0,0,0,0,1,0,0,0,0,0,0,0
INM00042468,2007,0,0,0,0,0,0,0,0,0,0,0,1
INM00042468,2008,0,0,0,0,0,0,0,0,0,0,0,4
INM00042468,2009,1,3,2,0,0,0,0,0,0,1,0,1
INM00042468,2012,0,1,0,0,0,0,0,0,0,0,0,0
INM00042468,2015,0,0,0,0,0,0,0,0,0,0,0,45
INM00042468,2016,54,55,56,54,48,52,52,55,57,58,54,48
INM00042468,2017,43,46,58,55,54,51,53,56,55,57,53,60
INM00042468,2018,58,49,59,52,61,57,59,57,56,54,58,59
INM00042468,2019,59,54,58,57,61,58,60,60,51,57,57,60
INM00042468,2020,59,55,55,59,60,59,57,58,52,60,58,59
INM00042468,2021,13,11,45,55,59,56,62,61,58,59,58,59
INM00042468,2022,56,53,58,57,58,58,61,58,56,52,51,53
INM00042468,2023,54,56,56,56,58,55,58,57,54,56,56,54
INM00042468,2024,55,56,59,40,59,58,54,56,52,55,53,51
INM00042468,2025,55,50,52,51,54,49,51,55,52,61,54,54
INM00042468,2026,49,51,0,0,0,0,0,0,0,0,0,0
INM00042471,1973,45,34,37,26,0,13,23,19,12,19,20,15
INM00042471,1974,16,24,19,19,12,12,11,14,29,11,24,19
INM00042471,1975,10,10,8,9,6,14,25,15,14,23,29,24
INM00042471,1976,19,12,26,27,39,37,23,22,12,5,8,4
INM00042471,1977,11,10,6,10,11,23,31,31,27,15,13,10
INM00042471,1978,6,16,14,4,6,24,25,28,25,0,0,0
INM00042471,1979,0,0,1,1,0,0,1,0,0,0,0,0
INM00042471,1983,0,0,0,0,0,0,0,0,0,9,7,15
INM00042471,1984,11,6,10,2,0,1,3,8,7,6,8,3
INM00042471,1985,11,10,13,10,3,6,2,4,7,19,11,8
INM00042471,1986,9,9,12,11,6,2,4,7,1,8,5,6
INM00042471,1987,4,6,6,5,7,4,1,0,4,1,3,1
INM00042471,1988,2,1,1,0,1,0,1,3,0,0,0,0
INM00042471,1989,0,0,1,0,0,0,0,1,0,0,0,0
INM00042471,2002,0,0,0,1,0,0,0,0,0,0,0,0
INM00042471,2017,0,0,1,0,1,0,0,0,0,0,0,0
INM00042471,2019,0,0,0,0,0,1,20,24,14,26,28,28
INM00042471,2020,28,26,23,25,27,28,29,13,0,0,0,0
INM00042471,2021,0,0,0,0,0,0,0,0,9,0,0,0
INM00042471,2024,0,0,0,6,39,39,38,40,43,38,38,23
INM00042471,2025,40,31,34,15,0,0,0,0,0,0,0,12
INM00042471,2026,53,48,0,0,0,0,0,0,0,0,0,0
INM00042619,1944,116,116,120,116,114,118,122,124,118,120,116,120
INM00042619,1945,122,112,122,120,120,110,116,116,120,122,112,124
INM00042619,1946,120,102,118,118,124,120,80,88,116,92,92,122
INM00042619,1947,122,112,118,120,124,118,116,116,120,118,120,116
INM00042619,1948,118,116,110,112,102,112,122,122,118,120,114,120
INM00042619,1954,61,54,61,56,60,58,61,57,56,62,59,59
INM00042619,1955,61,53,60,56,58,59,59,57,60,62,59,62
INM00042619,1956,60,56,56,53,58,58,59,61,59,61,53,58
INM00042619,1957,49,38,43,44,40,42,43,38,45,42,40,43
INM00042619,1958,45,38,44,41,49,39,46,43,44,46,33,37
INM00042619,1959,42,45,50,40,39,36,35,50,44,36,38,43
INM00042619,1960,35,41,38,31,39,28,23,28,28,29,27,27
INM00042619,1961,27,26,31,22,25,25,31,23,27,29,29,22
INM00042619,1962,31,34,40,37,41,36,29,36,37,40,36,35
INM00042619,1963,60,53,55,57,54,58,55,59,52,60,59,59
INM00042619,1973,30,29,30,18,25,17,25,33,34,30,33,28
INM00042619,1974,41,40,34,25,22,20,22,31,36,5,4,3
INM00042619,1975,3,2,0,0,0,0,0,0,0,0,0,0
INM00042619,1988,0,0,0,0,0,0,0,0,0,0,3,0
INM00042619,1989,0,0,0,0,0,0,2,0,1,3,3,4
INM00042619,1990,1,0,3,0,2,0,0,0,0,0,0,0
INM00042619,2003,0,0,0,0,0,0,1,0,0,0,0,0
INM00042619,2004,0,0,0,0,1,0,0,0,0,0,0,0
INM00042619,2009,0,2,0,0,0,0,0,0,0,0,0,0
INM00042619,2011,0,0,0,0,0,0,1,0,0,0,0,0
INM00042619,2015,0,0,0,0,0,0,0,0,0,0,0,116
INM00042619,2016,125,117,117,118,110,117,115,113,116,113,124,136
INM00042619,2017,131,131,127,105,111,110,120,127,129,128,128,126
INM00042619,2018,131,110,126,128,128,126,119,130,131,132,126,128
INM00042619,2019,137,132,130,132,124,126,126,115,95,77,75,15
INM00042619,2020,20,7,23,8,10,11,10,10,8,16,9,15
INM00042619,2021,23,24,35,8,30,39,36,23,11,33,23,73
INM00042619,2022,144,132,112,141,146,103,132,107,106,121,135,126
INM00042619,2023,135,120,133,125,144,135,134,138,142,149,140,134
INM00042619,2024,144,136,145,126,196,210,203,185,176,186,180,184
INM00042619,2025,186,166,185,180,186,178,180,173,165,186,179,185
INM00042619,2026,186,156,0,0,0,0,0,0,0,0,0,0
INM00042469,2009,0,1,0,0,0,0,0,0,0,0,0,0
INM00042469,2010,0,0,0,0,0,0,0,0,1,0,0,0
INM00042469,2015,0,0,0,0,0,0,0,0,0,0,0,44
INM00042469,2016,55,50,56,55,48,53,51,54,54,59,52,45
INM00042469,2017,46,51,59,53,54,45,54,55,53,59,54,60
INM00042469,2018,57,50,56,49,56,55,55,54,50,55,57,60
INM00042469,2019,60,51,55,53,60,54,57,57,51,58,57,59
INM00042469,2020,60,51,56,57,60,58,57,57,52,62,59,62
INM00042469,2021,58,51,58,56,52,57,51,55,44,54,55,61
INM00042469,2022,57,51,62,45,36,31,36,20,37,48,55,51
INM00042469,2023,57,55,53,54,56,56,53,57,57,57,51,54
INM00042469,2024,55,52,60,39,56,51,52,53,47,54,53,45
INM00042469,2025,52,51,48,47,48,41,49,51,52,59,52,53
INM00042469,2026,49,49,0,0,0,0,0,0,0,0,0,0
INM00042472,2016,0,0,0,0,0,0,0,0,0,1,0,0
INM00042472,2018,0,0,0,0,0,0,1,0,0,0,0,0
INM00042631,1973,41,31,40,18,5,8,23,27,10,23,20,11
INM00042631,1974,2,34,16,6,15,8,2,0,0,0,0,0
INM00042631,1976,0,20,19,21,26,19,22,12,11,6,10,15
INM00042631,1977,21,24,21,19,18,30,26,25,32,24,31,28
INM00042631,1978,43,39,36,32,45,38,39,38,32,0,2,0
INM00042631,1979,0,0,1,0,0,0,0,0,0,0,0,0
INM00042631,1983,0,0,0,0,0,0,0,0,6,1,1,1
INM00042631,1984,1,0,0,2,1,1,2,1,2,1,2,0
INM00042631,1985,0,1,0,0,0,0,0,0,0,32,17,15
INM00042631,1986,12,14,16,15,7,12,3,5,7,9,8,13
INM00042631,1987,10,10,14,14,14,15,7,0,4,0,4,5
INM00042631,1988,11,13,2,1,1,3,5,8,4,2,0,3
INM00042631,1989,0,1,2,10,0,0,2,0,2,1,4,1
INM00042631,1990,2,2,1,0,0,0,0,0,0,0,0,0
INM00042631,2007,0,0,0,0,1,0,0,0,0,1,0,0
INM00042631,2008,0,2,0,0,0,0,0,0,0,0,0,0
INM00042631,2009,0,4,0,0,0,0,0,0,0,0,0,0
INM00042631,2011,0,0,0,0,0,0,1,0,0,0,0,0
INM00042631,2014,0,0,0,0,0,0,0,0,1,0,0,0
INM00042631,2015,0,0,0,0,0,0,0,0,0,0,0,194
INM00042631,2016,247,228,246,239,245,240,245,247,239,248,238,246
INM00042631,2017,242,224,248,238,248,235,246,245,240,247,236,244
INM00042631,2018,248,224,248,235,248,240,243,246,220,243,239,246
INM00042631,2019,246,223,243,240,246,240,248,244,239,247,237,248
INM00042631,2020,248,231,247,240,247,237,245,248,236,248,240,247
INM00042631,2021,248,212,248,239,244,238,245,246,240,247,240,248
INM00042631,2022,248,224,247,230,227,225,233,226,230,242,240,246
INM00042631,2023,248,219,243,237,246,235,248,243,232,245,238,229
INM00042631,2024,246,230,246,214,237,238,238,245,234,247,237,245
INM00042631,2025,245,220,245,240,247,237,243,229,223,245,237,248
INM00042631,2026,229,103,0,0,0,0,0,0,0,0,0,0
INM00042435,1944,76,74,78,74,72,82,98,86,120,120,114,120
INM00042435,1945,120,108,122,118,124,114,114,116,120,122,114,118
INM00042435,1946,124,102,120,120,124,114,88,78,90,88,82,114
INM00042435,1947,120,102,120,120,118,114,114,116,100,114,116,112
INM00042435,1948,116,112,120,118,112,116,114,120,116,118,118,122
INM00042435,1954,60,56,61,60,62,60,61,57,60,62,58,61
INM00042435,1955,58,53,60,58,62,58,60,58,58,60,59,61
INM00042435,1956,62,58,58,60,58,57,61,59,58,59,56,58
INM00042435,1957,76,75,77,70,74,73,144,143,143,149,142,148
INM00042435,1958,144,131,149,144,151,143,145,147,143,141,134,137
INM00042435,1959,69,63,75,78,64,70,65,69,65,64,55,65
INM00042435,1960,60,68,74,72,72,52,34,27,30,32,30,29
INM00042435,1961,99,90,146,131,139,132,139,146,138,145,138,140
INM00042435,1962,147,135,142,135,149,140,141,149,143,143,144,147
INM00042435,1963,58,55,59,59,56,56,56,51,58,59,56,58
INM00042435,1973,121,94,112,95,85,88,91,89,91,103,97,84
INM00042435,1974,91,89,108,111,81,92,115,110,87,86,93,90
INM00042435,1975,108,96,110,96,81,85,97,93,80,83,92,83
INM00042435,1976,67,73,88,90,109,108,94,93,89,87,78,89
INM00042435,1977,80,91,98,94,112,107,99,116,112,115,104,114
INM00042435,1978,116,119,132,127,137,133,116,110,99,0,2,0
INM00042435,1979,1,6,2,6,4,2,11,2,2,3,1,1
INM00042435,1980,0,1,1,2,1,1,1,1,1,2,3,0
INM00042435,1981,1,0,1,1,0,2,1,0,1,0,0,0
INM00042435,1983,0,0,0,0,27,23,3,5,11,39,34,42
INM00042435,1984,40,43,71,80,61,70,82,77,71,77,68,46
INM00042435,1985,66,73,76,62,62,73,54,62,49,64,49,42
INM00042435,1986,57,49,49,54,24,25,38,35,24,26,39,55
INM00042435,1987,48,44,45,25,34,22,18,11,20,3,10,20
INM00042435,1988,43,29,13,2,3,10,22,16,17,5,4,5
INM00042435,1989,2,5,8,15,10,3,7,8,2,7,12,12
INM00042435,1990,5,4,9,2,4,0,0,0,0,0,0,0
INM00042435,1992,0,0,0,0,0,2,7,6,1,1,5,2
INM00042435,1993,0,1,11,4,7,11,4,6,7,3,9,5
INM00042435,1994,9,11,5,9,5,1,3,2,4,2,0,8
INM00042435,1995,2,1,21,53,48,41,50,42,19,3,3,3
INM00042435,1996,5,6,4,2,6,3,0,4,1,9,18,15
INM00042435,1997,25,24,23,3,4,1,1,4,1,0,0,1
INM00042435,1998,0,0,15,17,1,0,0,1,0,0,0,0
INM00042435,1999,0,0,0,0,0,0,0,1,1,0,0,1
INM00042435,2001,0,75,93,102,109,96,75,20,64,110,109,113
INM00042435,2002,104,99,79,77,77,80,98,87,97,109,100,98
INM00042435,2003,115,68,70,86,103,91,62,58,58,68,106,108
INM00042435,2004,118,89,109,117,115,115,115,87,115,119,112,104
INM00042435,2005,106,108,106,101,117,99,112,99,109,122,113,111
INM00042435,2006,94,63,98,111,34,50,21,19,80,106,97,110
INM00042435,2007,114,106,117,113,116,113,122,118,109,118,114,121
INM00042435,2008,118,101,121,117,121,118,122,120,119,119,110,109
INM00042435,2009,119,115,122,118,124,105,120,124,114,120,120,124
INM00042435,2010,122,109,123,120,122,120,116,120,117,123,120,121
INM00042435,2011,124,110,122,120,120,100,104,91,79,115,117,122
INM00042435,2012,118,113,117,119,122,112,122,123,119,122,116,123
INM00042435,2013,120,109,121,117,120,119,124,124,118,124,118,123
INM00042435,2014,123,112,124,120,124,119,119,121,119,123,120,124
INM00042435,2015,123,108,122,120,124,118,123,122,119,122,120,219
INM00042435,2016,247,223,244,236,244,235,241,247,238,245,237,245
INM00042435,2017,245,223,248,234,188,177,180,182,180,178,175,180
INM00042435,2018,182,113,122,118,124,119,122,124,116,122,120,124
INM00042435,2019,123,112,123,239,248,240,246,248,236,246,237,243
INM00042435,2020,240,230,248,239,247,235,247,246,236,248,237,248
INM00042435,2021,247,210,248,240,247,239,248,248,239,248,240,246
INM00042435,2022,248,223,248,235,241,238,243,245,234,243,239,247
INM00042435,2023,243,223,243,236,246,235,244,242,232,244,239,227
INM00042435,2024,242,226,244,207,246,235,240,243,233,244,234,242
INM00042435,2025,245,216,246,238,243,232,246,229,225,243,238,242
INM00042435,2026,240,206,0,0,0,0,0,0,0,0,0,0
INM00042638,2004,0,0,0,0,0,0,0,0,0,1,0,1
INM00042638,2015,0,0,0,0,0,0,0,0,0,0,0,48
INM00042638,2016,61,55,60,60,62,60,62,61,60,62,60,62
INM00042638,2017,61,56,62,60,62,59,62,61,60,62,59,62
INM00042638,2018,62,56,61,59,62,60,61,62,56,60,60,62
INM00042638,2019,61,56,60,60,62,60,62,62,59,62,60,61
INM00042638,2020,62,58,62,60,61,60,62,62,59,62,60,63
INM00042638,2021,62,51,62,60,62,58,61,62,59,62,60,61
INM00042638,2022,62,56,62,60,62,60,62,62,60,61,60,62
INM00042638,2023,62,56,61,59,62,58,62,59,57,62,60,57
INM00042638,2024,62,58,62,54,62,60,59,61,59,62,60,61
INM00042638,2025,62,55,62,60,61,59,61,57,55,62,60,61
INM00042638,2026,62,51,0,0,0,0,0,0,0,0,0,0
INM00042477,2017,0,0,0,0,1,0,0,0,0,2,0,0
INM00042477,2019,0,0,2,0,0,0,0,0,0,0,0,0
INM00042477,2021,1,0,0,0,0,0,0,0,0,0,1,0
INM00042477,2023,0,1,0,0,0,0,0,0,0,0,0,0
INM00042165,1944,110,114,116,114,114,118,120,122,120,120,116,122
INM00042165,1945,122,110,122,118,124,106,114,116,118,122,114,114
INM00042165,1946,122,100,118,120,122,106,92,106,112,94,92,118
INM00042165,1947,120,106,118,118,120,116,100,108,106,112,112,120
INM00042165,1948,118,112,118,116,114,118,116,118,118,120,120,118
INM00042165,1954,62,56,62,60,62,58,60,60,60,60,58,61
INM00042165,1955,61,54,60,59,62,58,59,57,60,61,60,62
INM00042165,1956,61,58,62,60,56,57,61,59,58,62,59,59
INM00042165,1957,87,68,79,71,80,72,140,146,144,151,146,143
INM00042165,1958,150,132,152,147,152,144,153,146,143,146,131,136
INM00042165,1959,66,70,84,80,67,74,69,68,75,71,62,59
INM00042165,1960,69,71,77,70,72,65,77,78,78,76,64,68
INM00042165,1961,98,101,144,137,139,137,140,139,133,147,139,144
INM00042165,1962,150,98,150,143,150,143,146,149,146,148,140,145
INM00042165,1963,61,54,59,58,58,56,58,60,58,60,59,60
INM00042165,1973,190,168,192,188,179,167,188,191,181,190,177,175
INM00042165,1974,186,181,206,191,203,209,215,197,193,199,181,190
INM00042165,1975,198,173,195,189,194,190,206,202,188,185,196,187
INM00042165,1976,179,175,196,171,154,163,164,186,166,169,158,160
INM00042165,1977,168,172,195,186,198,192,210,213,199,205,196,213
INM00042165,1978,198,199,236,218,194,205,214,230,197,211,202,215
INM00042165,1979,197,167,211,224,221,224,216,211,220,223,221,227
INM00042165,1980,221,219,234,215,224,212,227,226,211,234,216,237
INM00042165,1981,223,216,237,223,225,213,183,217,189,218,228,228
INM00042165,1982,214,193,223,203,200,195,202,219,215,218,218,210
INM00042165,1983,219,197,223,194,197,193,169,214,202,211,225,218
INM00042165,1984,224,205,221,211,208,187,212,216,196,206,208,224
INM00042165,1985,226,196,216,201,193,206,206,226,202,202,209,213
INM00042165,1986,189,194,223,209,191,194,188,199,214,147,193,204
INM00042165,1987,223,184,204,186,191,163,183,179,178,183,155,175
INM00042165,1988,186,199,180,189,204,176,180,176,142,160,187,174
INM00042165,1989,161,181,181,207,218,193,167,210,191,217,213,219
INM00042165,1990,215,200,220,206,179,198,217,216,220,216,95,199
INM00042165,1991,176,181,189,193,183,163,188,197,206,185,192,206
INM00042165,1992,224,207,198,184,187,189,180,162,212,212,216,204
INM00042165,1993,226,192,220,228,234,214,235,202,227,207,222,216
INM00042165,1994,231,180,247,223,219,196,223,211,218,219,224,233
INM00042165,1995,232,201,219,220,235,194,221,225,220,224,229,238
INM00042165,1996,229,211,222,212,234,183,211,225,222,230,225,227
INM00042165,1997,230,203,208,169,179,184,193,198,181,201,188,131
INM00042165,1998,115,166,168,182,181,173,174,181,182,194,192,200
INM00042165,1999,167,151,196,180,189,179,187,190,174,196,163,151
INM00042165,2000,164,156,183,171,190,175,116,127,85,173,214,166
INM00042165,2001,209,198,205,212,224,209,222,198,223,231,212,206
INM00042165,2002,226,204,231,229,228,213,239,235,215,206,124,198
INM00042165,2003,238,208,233,218,236,223,224,231,218,223,206,201
INM00042165,2004,212,200,216,227,225,206,220,192,186,233,233,230
INM00042165,2005,233,215,236,234,229,236,244,240,238,242,228,237
INM00042165,2006,222,206,238,228,232,223,243,233,223,234,220,234
INM00042165,2007,226,214,220,219,228,222,239,223,227,228,226,229
INM00042165,2008,234,192,241,228,235,231,241,240,233,243,228,233
INM00042165,2009,236,216,239,232,244,210,236,240,234,243,240,248
INM00042165,2010,243,223,247,238,247,238,236,244,233,247,240,245
INM00042165,2011,247,223,246,240,246,199,245,247,240,246,236,247
INM00042165,2012,242,230,243,235,241,236,245,241,237,243,236,242
INM00042165,2013,244,220,245,236,237,236,242,243,236,245,227,245
INM00042165,2014,239,222,242,230,237,237,236,244,236,241,236,242
INM00042165,2015,245,215,246,239,242,235,243,240,232,246,232,238
INM00042165,2016,117,56,63,52,43,27,35,25,32,11,42,49
INM00042165,2017,60,48,37,63,83,85,77,67,77,81,70,68
INM00042165,2018,72,64,43,54,72,75,76,68,111,110,56,67
INM00042165,2019,70,57,75,49,43,55,58,54,42,50,61,18
INM00042165,2020,24,9,25,10,24,14,24,39,48,69,58,57
INM00042165,2021,73,17,48,59,78,62,10,18,5,19,6,160
INM00042165,2022,248,222,248,237,240,238,243,244,234,241,239,246
INM00042165,2023,245,224,245,238,248,237,247,245,232,246,238,234
INM00042165,2024,248,231,246,213,242,236,244,245,234,247,239,244
INM00042165,2025,246,215,247,240,247,234,246,231,225,246,238,246
INM00042165,2026,242,206,0,0,0,0,0,0,0,0,0,0
INM00042467,1944,58,56,58,60,58,60,62,60,58,62,60,46
INM00042467,1945,62,56,62,60,58,52,56,58,56,62,58,58
INM00042467,1946,60,52,62,88,114,82,68,96,112,78,68,98
INM00042467,1947,118,98,100,118,120,112,114,118,116,116,116,118
INM00042467,1948,120,112,124,120,108,110,122,122,120,118,104,122
INM00042467,1973,40,37,31,24,24,22,25,27,33,23,28,20
INM00042467,1974,29,26,30,16,16,14,16,15,13,12,17,14
INM00042467,1975,19,12,19,22,14,7,13,15,22,22,20,15
INM00042467,1976,24,16,24,13,23,15,20,19,18,17,19,17
INM00042467,1977,16,15,26,13,19,15,9,17,16,10,19,33
INM00042467,1978,27,25,43,12,19,24,31,27,10,1,0,0
INM00042467,1979,0,4,0,0,1,0,1,0,0,0,0,0
INM00042467,1984,8,1,7,4,4,12,10,1,10,6,4,13
INM00042467,1985,10,8,5,6,3,6,2,5,3,2,1,1
INM00042467,1986,3,8,4,1,1,1,3,0,1,1,2,12
INM00042467,1987,10,3,4,1,7,1,0,1,0,0,1,3
INM00042467,1988,2,1,0,0,0,0,2,2,0,0,0,0
INM00042467,1989,1,0,0,1,2,1,0,1,0,0,1,2
INM00042467,1990,1,1,3,0,1,0,0,0,0,0,0,0
INM00042467,2002,0,0,0,1,0,0,0,0,0,0,0,0
INM00042467,2009,1,2,0,0,0,0,0,0,0,0,0,0
INM00042467,2015,0,0,0,0,0,0,0,0,0,0,0,47
INM00042467,2016,60,58,58,57,61,56,58,60,59,62,59,62
INM00042467,2017,59,56,59,59,62,57,61,60,58,60,58,61
INM00042467,2018,62,56,59,58,58,59,61,62,56,60,60,61
INM00042467,2019,62,55,61,59,62,59,62,62,60,62,57,62
INM00042467,2020,62,58,61,58,61,60,61,63,59,62,62,62
INM00042467,2021,62,53,62,60,62,58,62,61,60,62,60,62
INM00042467,2022,62,56,62,60,62,59,61,62,60,61,60,62
INM00042467,2023,61,56,61,60,62,58,62,60,57,60,60,59
INM00042467,2024,63,58,62,53,62,60,58,62,59,62,60,61
INM00042467,2025,62,55,61,60,62,59,60,58,57,62,60,62
INM00042467,2026,62,51,0,0,0,0,0,0,0,0,0,0
INM00042522,2015,0,0,0,0,0,0,0,0,0,0,0,43
INM00042522,2016,45,47,54,57,54,51,31,53,53,54,55,56
INM00042522,2017,54,49,51,47,54,54,57,58,55,53,54,57
INM00042522,2018,49,54,59,54,59,55,33,54,49,55,58,60
INM00042522,2019,57,50,55,54,59,59,61,60,56,59,56,58
INM00042522,2020,54,57,58,56,61,57,60,60,56,59,53,34
INM00042522,2021,33,40,43,42,58,54,25,41,47,48,51,57
INM00042522,2022,41,50,52,52,44,52,50,53,51,46,57,56
INM00042522,2023,45,39,40,34,56,53,45,48,54,34,39,53
INM00042522,2024,50,50,37,51,60,59,44,61,57,46,50,57
INM00042522,2025,53,55,60,60,61,57,43,54,49,39,54,58
INM00042522,2026,49,48,0,0,0,0,0,0,0,0,0,0
INI0000VOTV,1996,0,263,289,348,339,324,315,390,339,301,327,320
INI0000VOTV,1997,346,296,346,309,321,338,350,263,291,270,261,305
INI0000VOTV,1998,264,269,293,318,346,292,256,272,259,317,201,304
INI0000VOTV,1999,258,254,283,215,210,180,235,279,244,204,255,265
INI0000VOTV,2000,330,279,292,301,269,246,268,183,220,251,220,254
INI0000VOTV,2001,219,228,243,174,206,206,210,247,234,222,172,262
INI0000VOTV,2002,276,248,213,245,208,214,229,253,281,191,244,274
INI0000VOTV,2003,285,209,254,266,272,330,271,300,308,413,413,449
INI0000VOTV,2004,385,364,397,387,401,341,397,422,391,376,334,405
INI0000VOTV,2005,398,353,429,403,427,402,414,451,437,466,406,431
INI0000VOTV,2006,442,449,490,460,446,422,441,454,357,387,378,475
INI0000VOTV,2007,448,414,396,397,436,444,413,405,391,419,446,466
INI0000VOTV,2008,471,446,411,374,380,367,390,460,476,489,436,455
INI0000VOTV,2009,462,448,481,495,487,486,492,482,459,474,444,451
INI0000VOTV,2010,500,401,486,357,498,754,662,634,527,515,477,490
INI0000VOTV,2011,507,459,504,487,472,477,867,1169,1076,1059,1015,997
INI0000VOTV,2012,1112,947,968,833,925,910,912,885,940,1070,987,984
INI0000VOTV,2013,932,844,906,875,1013,938,1145,1191,1236,1127,1077,1102
INI0000VOTV,2014,1189,1099,1184,1103,1152,1064,1201,1202,962,1117,1174,1106
INI0000VOTV,2015,1187,1086,1104,1052,1081,1100,1066,1083,993,980,1149,1265
INI0000VOTV,2016,1275,1195,1256,1242,1285,1300,1359,1421,1420,1470,1387,1446
INI0000VOTV,2017,1444,1334,1474,1418,1458,1399,1458,1437,1411,1473,1411,1448
INI0000VOTV,2018,1463,1326,1470,1402,1458,1413,1361,1452,1304,1462,1415,1461
INI0000VOTV,2019,1451,1287,1427,1425,1470,1397,1465,1476,1390,1458,1411,1464
INI0000VOTV,2020,1470,1381,1271,711,746,1409,1476,1485,1425,1469,1418,1480
INI0000VOTV,2021,1469,1229,1469,1409,1454,1405,1444,1476,1427,1472,1419,1478
INI0000VOTV,2022,1468,1325,1472,1412,1459,1403,1454,1410,1401,1449,1427,1434
INI0000VOTV,2023,1478,1308,1454,1038,1444,1425,1476,1584,1420,1501,1450,1493
INI0000VOTV,2024,1508,1409,1492,1430,1479,1445,1458,1480,1414,1494,1436,1480
INI0000VOTV,2025,1481,1316,1450,1422,1472,1388,1445,1375,1293,1468,1423,1484
INI0000VOTV,2026,1475,1232,0,0,0,0,0,0,0,0,0,0
INM00042639,2003,0,0,0,0,0,0,1,0,0,0,0,0
INM00042639,2009,0,1,0,0,0,0,0,0,0,0,0,0
INM00042639,2015,0,0,0,0,0,0,0,0,0,0,0,47
INM00042639,2016,60,54,60,60,61,60,61,60,60,61,60,62
INM00042639,2017,61,56,62,60,63,59,61,61,59,62,59,62
INM00042639,2018,62,56,62,59,61,59,61,62,56,60,60,61
INM00042639,2019,62,56,60,59,62,60,60,62,60,62,60,61
INM00042639,2020,61,58,62,60,62,60,62,62,59,60,60,63
INM00042639,2021,62,52,62,60,62,59,62,60,60,62,60,62
INM00042639,2022,62,56,62,59,62,59,62,62,60,61,57,60
INM00042639,2023,62,56,61,60,62,56,62,60,57,62,60,56
INM00042639,2024,62,57,62,54,62,60,58,61,59,62,60,61
INM00042639,2025,62,55,62,60,62,58,61,57,55,62,60,61
INM00042639,2026,62,51,0,0,0,0,0,0,0,0,0,0
INM00042484,2002,0,1,0,0,0,0,0,0,0,0,0,0
INM00042484,2007,0,0,0,0,1,0,0,0,0,0,0,0
INM00042484,2017,2,0,1,0,1,1,4,0,0,0,0,0
INM00042484,2018,0,0,0,0,1,0,0,0,0,1,0,0
INM00042484,2021,0,0,0,0,0,1,0,0,0,0,0,0
INM00042484,2022,0,0,0,0,0,0,1,0,0,0,0,0
INM00042484,2023,0,0,0,1,0,0,0,0,0,1,1,3
INM00042484,2024,1,0,1,1,0,0,0,0,0,0,0,0
INM00042487,2017,0,0,0,0,1,0,0,0,0,0,0,0
INM00042487,2019,0,0,0,0,0,0,0,0,0,1,0,0
INM00042487,2021,0,0,1,0,0,0,0,0,1,0,0,0
INM00042487,2022,0,1,0,0,0,0,0,0,0,0,0,0
INM00042473,2004,0,0,0,0,0,0,0,0,1,0,0,0
INM00042473,2015,0,0,0,0,0,0,0,0,0,0,0,44
INM00042473,2016,55,52,55,53,48,53,53,55,54,56,50,48
INM00042473,2017,48,52,56,51,57,51,50,54,56,57,53,43
INM00042473,2018,0,0,0,0,55,56,59,59,55,57,57,60
INM00042473,2019,59,55,58,57,60,57,59,60,50,62,58,59
INM00042473,2020,60,53,54,57,60,59,57,57,54,62,59,62
INM00042473,2021,58,50,57,56,55,55,55,60,55,56,47,47
INM00042473,2022,37,37,53,48,40,54,45,44,34,8,10,13
INM00042473,2023,19,7,30,37,45,41,45,34,34,29,30,27
INM00042473,2024,25,28,29,22,27,23,24,29,25,24,26,27
INM00042473,2025,28,33,45,41,48,42,50,48,50,57,55,41
INM00042473,2026,52,49,0,0,0,0,0,0,0,0,0,0
INI0000VOCL,2010,1,0,0,0,0,0,0,93,595,887,828,898
INI0000VOCL,2011,913,808,944,932,967,776,855,882,864,834,844,924
INI0000VOCL,2012,910,809,866,885,964,1093,1076,1113,1136,1215,1175,1266
INI0000VOCL,2013,1241,1160,1246,1253,1257,1118,1069,1186,676,1209,1169,402
INI0000VOCL,2014,0,342,1279,1329,1195,1121,1117,1232,1242,1264,1233,1293
INI0000VOCL,2015,1319,1201,1263,1361,1360,1209,1296,1316,1278,1290,1301,1394
INI0000VOCL,2016,1446,1308,1413,1399,1451,1397,1465,1456,1414,1447,1371,1471
INI0000VOCL,2017,1441,1336,1478,1430,1472,1405,1459,1456,1424,1473,1414,1456
INI0000VOCL,2018,1450,1325,1473,1405,1473,1428,1359,1461,1312,1462,1409,1468
INI0000VOCL,2019,1472,1313,1445,1427,1469,1393,1463,1466,1390,1464,1415,1459
INI0000VOCL,2020,1457,1382,1204,442,621,1342,1461,1479,1424,1464,1420,1480
INI0000VOCL,2021,1475,1230,1480,1418,1461,1395,1453,1468,1412,1479,1425,1484
INI0000VOCL,2022,1477,1329,1467,1416,1450,1407,1450,1407,1469,1595,1466,1465
INI0000VOCL,2023,1508,1331,1477,1403,1456,1440,1492,1471,1428,1485,1448,1501
INI0000VOCL,2024,1496,1397,1487,1425,1490,1451,1450,1476,1420,1483,1436,1474
INI0000VOCL,2025,1476,1309,1462,1442,1447,1384,1440,1360,1365,1487,1431,1487
INI0000VOCL,2026,1476,1237,0,0,0,0,0,0,0,0,0,0
INM00042170,1973,49,47,49,36,29,32,41,42,33,35,46,33
INM00042170,1974,35,46,34,44,24,40,44,40,38,36,35,39
INM00042170,1975,31,31,30,28,25,40,37,37,33,24,30,24
INM00042170,1976,16,20,25,20,36,15,26,24,18,10,10,3
INM00042170,1977,0,1,1,0,31,27,33,41,35,40,44,47
INM00042170,1978,43,46,44,43,43,41,47,46,45,1,1,0
INM00042170,1979,5,0,1,0,0,0,0,0,0,0,0,0
INM00042170,1983,0,0,0,0,9,7,3,3,6,16,14,14
INM00042170,1984,20,22,20,34,23,25,38,31,23,26,29,23
INM00042170,1985,31,27,35,33,31,28,29,33,19,37,21,17
INM00042170,1986,26,27,25,21,12,12,23,11,10,15,12,27
INM00042170,1987,21,16,21,20,13,15,8,7,15,2,8,6
INM00042170,1988,17,16,8,4,2,7,15,5,9,3,2,9
INM00042170,1989,4,4,7,6,5,1,3,5,3,7,10,8
INM00042170,1990,4,3,1,1,3,4,4,3,0,2,2,0
INM00042170,1991,4,4,2,4,1,0,1,3,4,3,0,0
INM00042170,1992,2,0,1,0,9,3,7,4,5,2,8,3
INM00042170,1993,5,2,1,3,3,1,1,1,4,3,7,5
INM00042170,1994,2,6,2,2,4,3,2,2,3,1,5,2
INM00042170,1995,2,0,1,4,4,4,2,4,3,4,6,2
INM00042170,1996,0,3,1,0,3,6,0,1,1,3,3,2
INM00042170,1997,3,0,1,1,0,0,1,1,1,1,0,1
INM00042170,1998,0,1,2,1,0,0,0,1,0,0,0,0
INM00042170,1999,2,0,1,0,1,2,0,1,0,0,0,0
INM00042170,2001,0,1,1,1,0,2,1,0,1,0,2,1
INM00042170,2002,0,1,1,2,0,2,0,1,1,0,2,2
INM00042170,2003,1,0,1,1,0,0,1,0,0,0,0,0
INM00042170,2004,0,0,0,0,1,0,0,0,0,0,0,0
INM00042170,2007,0,0,0,0,2,0,0,0,0,0,0,0
INM00042170,2009,0,4,0,0,0,0,0,0,0,0,0,0
INM00042170,2010,1,0,0,0,0,0,0,0,0,0,0,0
INM00042170,2013,0,0,0,0,1,0,0,0,0,0,0,0
INM00042170,2015,0,0,0,0,0,0,0,0,0,0,0,193
INM00042170,2016,245,217,244,239,248,240,244,244,239,246,235,242
INM00042170,2017,244,221,247,236,242,233,236,236,232,238,230,236
INM00042170,2018,241,221,247,234,244,235,239,244,223,240,236,244
INM00042170,2019,246,224,239,240,246,237,246,247,238,248,235,240
INM00042170,2020,237,227,245,233,245,234,245,241,235,248,240,247
INM00042170,2021,247,212,248,239,247,238,247,248,240,248,240,248
INM00042170,2022,246,223,248,238,241,238,243,246,233,243,240,247
INM00042170,2023,244,223,244,239,248,230,245,241,228,247,237,231
INM00042170,2024,248,231,244,215,244,237,237,243,235,247,238,244
INM00042170,2025,247,215,245,240,247,234,245,229,223,244,238,246
INM00042170,2026,243,207,0,0,0,0,0,0,0,0,0,0
INM00042026,1944,0,0,0,0,0,56,62,60,60,0,0,0
INM00042026,1945,0,0,0,0,0,58,56,56,60,0,0,0
INM00042026,1946,0,0,0,0,0,40,30,46,50,0,0,0
INM00042026,1947,0,0,0,0,0,60,52,36,16,0,0,0
INM00042026,1955,0,0,0,0,12,18,22,22,24,0,0,0
INM00042026,1956,0,0,0,0,0,17,18,13,14,3,15,41
INM00042026,1957,21,20,23,22,20,21,20,28,25,20,17,25
INM00042026,1958,18,21,22,26,24,26,25,25,27,27,29,22
INM00042026,1959,21,19,26,27,26,25,22,27,27,27,27,23
INM00042026,1960,0,0,0,0,0,19,22,24,21,23,0,0
INM00042026,1961,0,0,0,0,0,20,28,21,27,0,0,0
INM00042026,1962,0,0,0,0,0,21,26,28,21,0,0,0
INM00042026,1963,0,0,0,1,0,45,51,47,48,0,0,0
INM00042026,1973,26,14,16,22,14,16,26,14,21,17,17,10
INM00042026,1974,11,4,8,16,17,28,27,29,28,19,11,1
INM00042026,1975,5,3,2,5,2,0,0,12,23,20,0,1
INM00042026,1976,0,0,0,11,26,21,11,10,7,0,2,5
INM00042026,1977,5,3,8,7,16,36,32,39,30,21,16,13
INM00042026,1978,16,13,18,25,26,28,27,36,33,0,0,0
INM00042026,1979,0,0,1,1,0,1,0,0,1,0,0,0
INM00042026,1983,0,0,0,0,0,0,0,2,4,2,4,2
INM00042026,1984,1,3,1,4,1,3,1,0,3,0,0,1
INM00042026,1985,3,6,4,3,9,5,9,9,6,11,4,1
INM00042026,1986,10,3,3,4,3,0,2,7,1,3,0,6
INM00042026,1987,3,3,3,1,4,1,0,0,4,0,1,2
INM00042026,1988,3,3,0,0,0,0,1,2,2,0,0,1
INM00042026,1989,0,1,0,0,0,0,0,0,0,0,0,0
INM00042026,1990,1,0,0,0,0,0,0,0,0,0,0,0
INM00042026,2001,0,0,0,0,0,0,0,0,0,0,1,0
INM00042026,2003,0,0,1,0,0,0,0,0,0,0,0,0
INM00042026,2015,0,0,0,0,0,0,0,0,0,0,0,22
INM00042026,2016,30,27,32,30,30,30,17,25,20,32,30,28
INM00042026,2017,37,28,35,30,30,26,28,22,25,28,30,27
INM00042026,2018,29,29,31,29,31,32,30,31,32,31,32,30
INM00042026,2019,36,34,31,31,33,34,32,8,8,17,30,30
INM00042026,2020,33,28,34,30,28,36,47,60,55,54,55,60
INM00042026,2021,55,49,57,58,58,54,58,60,56,59,60,58
INM00042026,2022,60,54,59,59,60,58,58,60,58,57,59,59
INM00042026,2023,62,56,60,60,59,47,46,40,44,41,31,32
INM00042026,2024,32,33,34,33,36,38,33,42,54,61,57,61
INM00042026,2025,61,54,59,59,60,58,60,56,53,59,59,62
INM00042026,2026,62,51,0,0,0,0,0,0,0,0,0,0
INM00042217,2019,6,84,90,90,91,90,93,94,116,124,120,124
INM00042217,2020,124,116,116,120,120,120,111,123,118,114,118,124
INM00042217,2021,117,103,124,119,122,115,123,120,120,124,116,123
INM00042217,2022,123,112,123,120,122,119,115,122,118,120,120,124
INM00042217,2023,124,112,120,120,124,114,124,120,117,125,117,111
INM00042217,2024,123,115,124,108,123,120,107,122,119,124,120,122
INM00042217,2025,124,111,123,119,123,118,122,115,109,123,120,124
INM00042217,2026,124,104,0,0,0,0,0,0,0,0,0,0
INM00042029,1944,54,54,58,58,58,56,54,56,52,58,58,58
INM00042029,1945,62,52,60,60,60,54,56,58,58,62,58,54
INM00042029,1946,58,48,56,38,40,32,28,40,38,30,20,44
INM00042029,1947,0,36,56,60,62,58,58,34,12,40,42,32
INM00042029,1948,14,12,14,28,12,10,10,30,36,46,6,8
INM00042029,1955,0,0,0,0,7,17,16,16,12,8,0,0
INM00042029,1956,2,0,0,0,1,14,10,3,10,8,5,5
INM00042029,1957,4,8,1,0,1,4,10,18,8,5,1,1
INM00042029,1958,0,4,2,0,9,20,18,16,21,6,1,1
INM00042029,1959,3,2,2,1,7,17,25,6,3,6,0,0
INM00042029,1960,0,0,0,0,5,14,9,11,14,22,0,0
INM00042029,1961,0,0,0,0,1,8,10,0,7,8,3,1
INM00042029,1962,0,1,0,0,1,7,16,7,6,3,7,2
INM00042029,1963,0,0,0,0,6,9,19,17,15,16,7,0
INM00042029,1974,0,0,0,0,0,4,1,4,0,0,0,0
INM00042029,2015,0,0,0,0,0,0,0,0,0,0,0,1
INM00042029,2016,1,0,0,0,0,0,0,0,0,0,0,0
INM00042029,2018,0,0,0,2,1,0,0,0,0,0,0,0
INM00042029,2020,0,0,0,0,0,0,0,0,0,1,0,0
INM00042029,2021,0,1,0,0,0,0,0,0,0,0,0,1
INM00042029,2025,0,0,0,0,0,0,0,83,647,742,602,0
INM00042257,2002,0,0,0,1,0,0,0,0,0,1,0,1
INM00042257,2023,0,0,0,0,0,0,0,0,0,0,0,1
INM00042257,2024,0,0,0,0,0,0,0,0,0,2,0,0
INM00042030,1944,50,48,58,56,52,56,62,72,110,110,108,100
INM00042030,1945,100,92,68,100,118,112,116,110,116,122,108,116
INM00042030,1946,112,88,82,78,84,90,80,86,92,72,66,100
INM00042030,1947,76,84,94,98,104,104,102,74,26,62,72,68
INM00042030,1948,52,42,26,48,18,0,0,0,0,0,0,2
INM00042030,1955,0,0,0,1,13,23,51,29,15,10,5,9
INM00042030,1956,6,0,6,5,13,13,9,10,8,9,18,55
INM00042030,1957,7,2,7,2,7,5,8,17,8,9,6,9
INM00042030,1958,2,10,10,10,16,14,15,17,23,9,9,13
INM00042030,1959,15,16,16,18,16,20,21,18,7,5,10,15
INM00042030,1960,17,19,11,20,14,22,11,19,24,22,16,27
INM00042030,1961,19,15,17,14,13,9,16,5,14,10,11,5
INM00042030,1962,17,16,13,10,4,6,5,5,9,4,7,6
INM00042030,1963,9,3,1,3,6,9,8,14,12,10,6,9
INM00042030,2002,0,0,1,0,0,0,0,1,0,0,0,0
INM00042030,2003,1,0,0,0,0,0,0,0,0,0,0,0
INM00042030,2007,0,0,0,1,0,0,0,0,0,0,0,0
INM00042249,1973,42,39,42,32,33,30,31,31,30,34,30,23
INM00042249,1974,33,42,37,31,23,36,39,33,33,35,38,33
INM00042249,1975,23,31,29,33,29,27,33,30,27,22,33,32
INM00042249,1976,20,19,32,32,35,40,33,34,24,19,17,36
INM00042249,1977,36,36,43,38,42,42,39,50,44,43,49,48
INM00042249,1978,43,51,45,46,49,45,49,42,48,1,0,0
INM00042249,1979,2,3,1,1,1,1,1,2,0,0,1,1
INM00042249,1980,1,0,0,0,0,0,0,0,0,0,0,0
INM00042249,1983,0,0,0,0,12,5,2,1,9,15,20,19
INM00042249,1984,23,24,24,31,26,26,35,34,30,27,30,20
INM00042249,1985,32,25,27,26,25,33,27,28,26,28,18,16
INM00042249,1986,23,20,15,21,14,9,15,11,14,9,17,27
INM00042249,1987,18,21,18,17,16,9,12,4,12,1,4,11
INM00042249,1988,14,9,7,1,1,4,10,11,5,3,1,7
INM00042249,1989,4,5,2,6,3,1,1,2,1,3,8,7
INM00042249,1990,5,3,5,0,0,0,0,0,0,0,0,0
INM00042249,2009,0,1,0,0,0,0,0,0,0,0,0,0
INM00042249,2015,0,0,0,0,0,0,0,0,0,0,0,22
INM00042249,2016,30,27,30,47,51,46,50,51,51,39,41,48
INM00042249,2017,54,51,59,50,53,48,50,52,50,56,53,56
INM00042249,2018,59,47,47,51,60,58,60,58,53,59,47,60
INM00042249,2019,58,49,46,55,54,58,58,54,46,59,58,54
INM00042249,2020,58,54,56,50,56,59,57,59,47,60,55,62
INM00042249,2021,55,51,59,60,59,58,62,63,56,61,60,60
INM00042249,2022,62,55,59,56,55,53,53,55,55,57,57,59
INM00042249,2023,59,55,60,44,38,42,35,36,39,42,41,44
INM00042249,2024,52,38,33,34,42,33,46,46,42,53,54,42
INM00042249,2025,43,41,52,48,47,50,43,39,38,44,45,48
INM00042249,2026,56,52,0,0,0,0,0,0,0,0,0,0
INM00042060,2001,0,0,0,0,0,0,0,0,0,0,1,0
INM00042060,2003,0,1,0,0,0,0,0,0,0,0,0,0
INM00042060,2018,0,0,3,0,0,0,0,0,0,0,0,0
INM00042258,2002,0,1,0,0,0,2,1,0,0,0,0,0
INM00042258,2003,1,0,0,0,0,0,0,0,0,0,0,0
INM00042258,2018,0,43,31,38,33,30,34,33,42,48,37,0
INM00042258,2023,0,0,0,0,0,0,0,0,0,0,1,0
INM00042258,2024,0,1,0,0,0,0,9,10,0,0,0,0
INI0000VOVR,1944,114,116,120,118,112,120,122,124,118,122,118,122
INI0000VOVR,1945,124,110,124,116,118,114,116,116,120,124,116,120
INI0000VOVR,1946,124,102,120,102,112,106,106,116,118,96,88,116
INI0000VOVR,1947,116,104,118,120,122,118,116,122,118,120,116,120
INI0000VOVR,1948,122,116,124,120,122,114,118,124,120,118,106,120
INI0000VOVR,1973,105,89,96,68,81,89,97,85,91,84,84,91
INI0000VOVR,1974,79,79,94,91,92,88,82,81,86,61,61,73
INI0000VOVR,1975,88,78,80,50,67,61,86,79,63,62,63,62
INI0000VOVR,1976,72,59,81,70,82,62,73,77,71,60,75,75
INI0000VOVR,1977,82,82,95,90,80,77,88,100,91,92,86,86
INI0000VOVR,1978,95,94,120,105,125,112,126,114,109,1,1,2
INI0000VOVR,1979,0,0,2,0,0,0,0,0,0,0,0,0
INI0000VOVR,1983,0,26,32,31,47,45,19,6,22,37,42,40
INI0000VOVR,1984,51,59,87,83,85,88,106,83,76,70,69,41
INI0000VOVR,1985,48,46,43,40,42,46,34,45,40,39,31,34
INI0000VOVR,1986,42,40,33,42,21,18,28,24,19,26,30,37
INI0000VOVR,1987,43,34,36,31,26,12,19,13,14,3,13,21
INI0000VOVR,1988,32,28,9,2,6,10,23,13,9,3,11,18
INI0000VOVR,1989,9,24,11,24,17,6,16,10,6,11,14,13
INI0000VOVR,1990,17,13,11,7,9,12,9,6,1,4,1,4
INI0000VOVR,1991,7,4,4,3,0,2,0,0,0,0,0,0
INI0000VOVR,1992,0,0,0,0,0,0,7,2,0,2,6,1
INI0000VOVR,1993,1,0,9,8,6,8,8,9,12,5,3,8
INI0000VOVR,1994,6,9,8,7,10,3,1,1,1,4,2,3
INI0000VOVR,1995,1,0,22,37,36,32,35,40,24,2,3,5
INI0000VOVR,1996,1,5,4,6,0,0,0,0,5,10,16,12
INI0000VOVR,1997,15,25,17,7,6,1,0,2,0,0,0,0
INI0000VOVR,1998,0,0,12,12,0,0,1,0,0,0,0,0
INI0000VOVR,2000,0,0,0,0,0,0,0,0,0,1,0,0
INI0000VOVR,2009,0,1,0,0,0,0,0,1,27,30,30,31
INI0000VOVR,2010,31,27,31,30,31,29,30,30,30,28,30,30
INI0000VOVR,2011,31,28,30,30,31,25,31,30,27,30,30,30
INI0000VOVR,2012,31,28,31,30,31,30,31,30,30,31,29,31
INI0000VOVR,2013,31,28,31,30,31,30,31,31,30,31,31,30
INI0000VOVR,2014,31,28,32,30,31,30,31,31,29,31,30,30
INI0000VOVR,2015,31,27,30,30,31,29,31,31,29,64,88,93
INI0000VOVR,2016,93,82,91,89,93,90,93,93,90,93,90,93
INI0000VOVR,2017,93,84,93,90,93,90,93,91,90,93,88,93
INI0000VOVR,2018,93,84,93,83,92,89,88,93,87,91,89,92
INI0000VOVR,2019,93,84,92,117,123,119,122,124,118,123,119,124
INI0000VOVR,2020,123,116,123,119,117,120,124,124,117,120,119,124
INI0000VOVR,2021,120,105,123,117,124,116,122,116,112,123,120,109
INI0000VOVR,2022,108,112,116,118,114,111,89,93,90,92,120,124
INI0000VOVR,2023,124,111,121,93,99,97,120,122,117,122,119,115
INI0000VOVR,2024,121,107,123,110,121,110,118,109,102,119,108,106
INI0000VOVR,2025,98,95,109,114,116,110,118,108,107,116,117,123
INI0000VOVR,2026,118,103,0,0,0,0,0,0,0,0,0,0
INM00042063,2017,0,0,0,0,0,0,0,0,1,0,0,0
INM00042063,2018,0,0,1,0,0,0,0,0,0,0,0,0
INM00042063,2020,0,0,1,0,0,0,0,0,0,0,0,0
INM00042063,2023,0,0,0,0,0,0,0,1,0,0,0,0
INI0000VOBL,2008,0,0,0,0,0,0,363,1308,1234,1274,1298,1355
INI0000VOBL,2009,1408,1334,1492,1427,1560,1475,1538,1557,1549,1560,1611,1591
INI0000VOBL,2010,1548,468,104,138,175,91,192,202,164,996,1413,1487
INI0000VOBL,2011,1454,1289,1375,1362,1468,1428,1333,1489,1381,1453,1432,1621
INI0000VOBL,2012,1587,1451,1497,1466,1599,1697,1732,1695,1559,1595,1522,1623
INI0000VOBL,2013,1577,1361,1504,1397,1455,1401,1401,1394,792,1548,1542,528
INI0000VOBL,2014,0,403,1497,1464,1511,1478,1540,1584,1497,1536,1498,1562
INI0000VOBL,2015,1610,1384,1551,1502,1531,1498,1547,1541,1499,1522,1484,1423
INI0000VOBL,2016,1438,1356,1476,1443,1502,1458,1510,1532,1432,1482,1439,1531
INI0000VOBL,2017,1494,1347,1472,1461,1531,1500,1592,1533,1480,1502,1443,1509
INI0000VOBL,2018,1492,1362,1512,1435,1513,1500,1527,1535,1342,1512,1460,1499
INI0000VOBL,2019,1513,1354,1491,1474,1524,1519,1562,1512,1433,1489,1444,1509
INI0000VOBL,2020,1503,1395,1473,1463,1520,1431,1471,1485,1365,1426,1437,1493
INI0000VOBL,2021,1480,1209,1486,1465,1495,1471,1517,1508,1453,1498,1450,1499
INI0000VOBL,2022,1496,1352,1494,1446,1506,1440,1493,1490,1437,1468,1449,1461
INI0000VOBL,2023,1495,1326,1474,1427,1450,1414,1496,1468,1403,1477,1440,1489
INI0000VOBL,2024,1494,1393,1484,1420,1482,1437,1441,1467,1404,1486,1430,1460
INI0000VOBL,2025,1431,1301,1445,1399,1394,1347,1385,1293,1257,1392,1425,1488
INI0000VOBL,2026,1474,1235,0,0,0,0,0,0,0,0,0,0
INM00042062,1973,20,21,16,8,9,6,14,18,9,12,15,14
INM00042062,1974,22,24,17,17,6,15,16,12,11,11,16,11
INM00042062,1975,8,4,5,0,3,0,0,0,0,0,0,0
INM00042062,1988,0,0,0,0,0,0,0,0,0,0,3,6
INM00042062,1989,3,5,3,6,6,5,6,5,6,8,5,6
INM00042062,1990,5,5,1,2,1,3,5,5,3,4,4,0
INM00042062,1991,1,1,3,1,1,4,0,5,2,2,0,5
INM00042062,1992,2,0,4,2,3,1,3,1,1,1,0,4
INM00042062,1993,1,0,0,5,2,4,5,4,3,4,3,3
INM00042062,1994,3,1,2,2,3,1,5,3,0,2,3,0
INM00042062,1995,2,2,3,2,2,0,1,2,6,3,4,4
INM00042062,1996,2,2,3,2,2,7,2,4,3,6,5,7
INM00042062,1997,3,3,2,1,1,3,1,1,3,0,1,1
INM00042062,1998,1,2,1,0,1,2,3,2,0,0,0,1
INM00042062,1999,0,1,0,0,1,1,1,0,0,0,0,0
INM00042062,2000,0,0,0,0,0,0,0,0,0,1,0,0
INM00042062,2003,0,0,0,0,0,1,0,0,0,0,0,0
INM00042062,2009,0,1,0,0,0,0,0,0,0,0,0,0
INM00042062,2015,0,0,0,0,0,0,0,0,0,0,0,43
INM00042062,2016,57,51,48,55,59,56,58,55,50,54,53,57
INM00042062,2017,53,53,55,54,60,55,56,60,57,60,51,58
INM00042062,2018,59,52,57,48,58,56,59,60,51,53,56,60
INM00042062,2019,61,54,56,55,57,57,59,57,55,59,57,58
INM00042062,2020,58,57,58,56,56,57,58,60,56,55,58,59
INM00042062,2021,57,49,62,58,59,56,59,60,54,57,51,45
INM00042062,2022,47,51,56,49,43,57,53,52,55,49,46,55
INM00042062,2023,50,51,55,43,39,40,47,38,41,27,4,22
INM00042062,2024,45,26,25,38,42,54,47,48,56,58,56,56
INM00042062,2025,58,49,47,49,57,50,54,51,37,48,53,54
INM00042062,2026,55,49,0,0,0,0,0,0,0,0,0,0
INM00042137,1973,7,16,17,7,10,8,16,7,10,10,7,10
INM00042137,1974,12,4,9,10,7,10,10,9,8,10,9,7
INM00042137,1975,11,2,3,3,5,6,9,6,2,0,2,0
INM00042137,2001,0,0,0,0,0,0,0,0,0,0,2,1
INM00042137,2002,0,0,0,1,0,2,0,1,0,0,0,0
INM00042137,2003,1,1,1,0,1,0,0,0,0,0,0,0
INM00042137,2009,0,1,0,0,0,0,0,0,0,0,0,0
INM00042137,2015,0,0,0,0,0,0,0,0,0,0,0,1
INM00042137,2016,3,29,45,39,42,35,43,47,1,0,0,0
INM00042137,2017,0,1,0,0,3,25,44,44,36,37,24,26
INM00042137,2018,24,17,26,29,24,30,35,33,31,28,20,2
INM00042137,2019,31,35,32,11,0,1,4,0,13,21,22,34
INM00042137,2020,37,34,24,39,46,50,49,43,50,48,43,46
INM00042137,2021,56,50,61,59,61,58,60,36,25,23,21,25
INM00042137,2022,26,24,24,26,26,24,24,27,24,23,23,27
INM00042137,2023,26,23,26,25,26,26,26,26,25,23,23,24
INM00042137,2024,23,24,23,22,26,21,21,24,25,24,21,24
INM00042137,2025,25,24,24,25,25,25,26,23,20,25,23,24
INM00042137,2026,27,21,0,0,0,0,0,0,0,0,0,0
INM00042146,1973,21,18,7,14,6,9,11,6,12,11,11,11
INM00042146,1974,15,10,11,18,7,6,6,6,14,13,17,14
INM00042146,1975,11,11,8,8,3,9,17,11,14,14,13,15
INM00042146,1976,7,10,18,15,21,17,18,15,6,1,4,13
INM00042146,1977,15,21,24,19,17,14,10,13,17,19,22,25
INM00042146,1978,22,21,26,27,21,17,17,18,22,0,1,0
INM00042146,1979,0,1,0,0,0,0,0,0,0,0,0,0
INM00042075,2018,0,0,0,0,0,0,0,0,1,0,0,0
INM00042075,2019,0,0,0,0,0,0,0,0,0,1,0,0
INM00042075,2020,0,0,0,0,0,1,1,0,0,0,0,0
INM00042075,2021,0,0,0,0,2,0,0,0,0,0,0,0
INM00042075,2022,0,0,0,0,0,0,0,0,1,0,0,0
INM00042075,2024,0,1,0,0,0,0,0,0,0,0,0,0
INM00042074,2002,0,2,0,0,1,0,0,0,0,0,0,0
INM00042074,2003,0,0,0,1,0,0,1,0,0,0,0,0
INM00042074,2005,0,0,0,0,0,0,0,1,0,0,0,0
INM00042074,2016,0,0,0,0,1,0,0,0,0,0,0,0
INM00042143,1973,29,25,20,21,1,4,5,4,8,12,11,7
INM00042143,1974,9,10,8,7,4,1,5,4,10,11,13,8
INM00042143,1975,0,1,7,3,3,4,10,7,0,1,0,0
INM00042143,2002,0,1,0,0,0,0,0,1,0,0,0,0
INM00042143,2009,0,1,0,0,0,0,0,0,0,0,0,0
INM00042143,2015,0,0,0,0,0,0,0,0,0,0,0,41
INM00042143,2016,55,41,18,50,47,54,45,55,53,53,54,42
INM00042143,2017,46,44,26,15,54,43,53,55,56,54,54,58
INM00042143,2018,56,40,55,48,61,54,57,53,53,51,53,58
INM00042143,2019,55,54,48,51,59,57,51,55,51,59,57,59
INM00042143,2020,61,54,54,59,57,59,59,58,53,60,59,61
INM00042143,2021,58,49,58,53,54,59,61,62,60,61,57,61
INM00042143,2022,57,49,60,57,58,58,61,58,57,50,57,54
INM00042143,2023,55,52,57,59,56,53,56,55,54,57,56,55
INM00042143,2024,53,54,58,42,60,60,60,61,57,62,60,60
INM00042143,2025,62,55,62,60,61,59,61,58,56,61,60,61
INM00042143,2026,62,52,0,0,0,0,0,0,0,0,0,0
INM00042151,1983,0,0,0,0,0,0,0,0,0,1,1,3
INM00042151,1984,0,0,0,0,1,0,2,0,0,0,0,0
INM00042151,2002,0,0,1,0,0,0,0,0,0,0,0,0
INM00042151,2020,0,0,0,0,0,0,1,0,1,0,0,0
INM00042151,2023,0,0,1,0,0,0,0,0,0,0,0,0
INM00042065,1999,0,1,0,0,0,0,0,0,1,0,0,0
INM00042065,2000,1,0,0,0,0,0,1,0,0,0,0,0
INM00042065,2001,0,0,0,1,1,2,0,0,1,0,0,0
INM00042065,2002,1,0,0,0,0,0,0,2,0,1,0,1
INM00042065,2003,0,0,0,1,0,0,0,0,0,0,0,0
INM00042065,2009,0,1,0,0,0,0,0,0,0,0,0,0
INM00042065,2015,0,0,0,0,0,0,0,0,0,0,0,39
INM00042065,2016,57,48,52,51,48,49,48,57,48,53,46,50
INM00042065,2017,54,49,57,50,53,42,46,55,51,47,48,49
INM00042065,2018,48,44,46,36,43,40,49,53,43,46,49,52
INM00042065,2019,42,21,55,55,59,58,60,58,52,61,57,61
INM00042065,2020,60,55,57,55,56,56,57,60,56,59,58,59
INM00042065,2021,59,50,61,59,61,60,61,61,60,59,58,61
INM00042065,2022,62,55,62,59,57,58,62,62,59,59,60,61
INM00042065,2023,62,56,61,58,24,46,56,57,57,62,54,25
INM00042065,2024,42,56,56,49,61,60,59,58,59,60,56,48
INM00042065,2025,56,53,61,57,62,58,59,52,53,62,58,59
INM00042065,2026,62,51,0,0,0,0,0,0,0,0,0,0
INI0000VOTK,2016,0,0,550,589,632,545,585,511,571,551,493,460
INI0000VOTK,2017,576,574,534,616,610,632,581,481,229,430,453,447
INI0000VOTK,2018,449,433,486,479,448,466,497,644,601,688,689,707
INI0000VOTK,2019,690,613,637,644,666,631,631,646,662,690,721,717
INI0000VOTK,2020,735,660,512,6,60,313,470,546,623,600,603,616
INI0000VOTK,2021,595,541,626,486,490,425,530,540,553,574,523,621
INI0000VOTK,2022,616,479,583,589,597,593,536,559,582,592,601,593
INI0000VOTK,2023,600,534,586,485,572,549,578,571,572,598,587,558
INI0000VOTK,2024,607,561,597,514,604,542,504,550,454,584,566,594
INI0000VOTK,2025,560,522,561,692,670,644,700,658,613,697,612,646
INI0000VOTK,2026,665,570,0,0,0,0,0,0,0,0,0,0
INM00042262,2024,0,0,0,1,0,0,0,0,0,3,0,0
INM00042078,1959,0,0,0,0,0,21,28,24,24,28,27,26
INM00042078,1960,26,27,28,27,29,27,25,25,28,25,30,31
INM00042078,1961,29,19,31,25,29,30,29,30,27,28,27,23
INM00042078,1962,24,27,27,29,30,25,29,26,24,27,28,29
INM00042078,1963,59,54,59,58,61,54,58,52,54,60,55,53
INM00042078,2001,0,0,0,0,0,0,0,0,0,0,2,0
INM00042078,2002,0,0,0,0,0,1,0,0,0,0,0,0
INM00042078,2003,0,1,0,0,0,0,0,0,0,0,0,0
INM00042078,2009,0,1,0,0,0,0,0,0,0,0,0,0
INM00042078,2016,0,4,9,29,31,29,30,29,28,31,28,29
INM00042078,2017,28,27,31,29,30,24,29,28,25,30,26,29
INM00042078,2018,30,27,29,27,29,28,29,31,27,30,27,29
INM00042078,2019,31,24,28,28,29,28,30,29,27,31,29,28
INM00042078,2020,29,29,29,27,27,28,50,59,55,55,52,62
INM00042078,2021,60,51,62,59,62,58,62,61,59,62,60,61
INM00042078,2022,60,54,63,59,59,59,60,62,59,60,60,61
INM00042078,2023,62,56,60,58,60,55,60,58,58,61,60,58
INM00042078,2024,62,56,60,50,61,57,61,60,55,62,59,59
INM00042078,2025,63,51,60,60,61,58,59,56,56,62,60,62
INM00042078,2026,57,49,0,0,0,0,0,0,0,0,0,0
INI0000VOTP,2015,0,0,0,0,0,0,0,0,0,0,0,466
INI0000VOTP,2016,514,424,539,616,626,729,688,719,807,958,918,822
INI0000VOTP,2017,881,848,948,869,900,908,964,923,901,882,904,919
INI0000VOTP,2018,929,864,969,949,1000,978,930,999,898,1022,1007,1010
INI0000VOTP,2019,1034,912,998,961,1028,925,1019,970,917,918,794,919
INI0000VOTP,2020,943,886,774,391,467,665,776,729,697,768,868,893
INI0000VOTP,2021,865,741,867,844,771,729,913,924,917,955,918,970
INI0000VOTP,2022,933,850,923,928,978,934,851,950,916,958,951,969
INI0000VOTP,2023,1008,888,949,469,563,860,838,856,847,910,823,873
INI0000VOTP,2024,934,851,950,811,940,872,843,825,665,851,809,878
INI0000VOTP,2025,782,746,833,928,927,876,871,875,861,992,927,994
INI0000VOTP,2026,874,790,0,0,0,0,0,0,0,0,0,0
INM00042140,1944,58,58,60,56,56,60,60,74,118,118,118,122
INM00042140,1945,122,108,116,118,120,112,114,116,112,122,114,118
INM00042140,1946,124,102,114,118,122,110,80,92,98,86,80,118
INM00042140,1947,106,106,114,114,120,112,118,112,98,88,116,122
INM00042140,1948,122,112,122,118,112,114,122,122,120,118,112,122
INM00042140,1973,50,39,41,28,26,19,32,38,21,21,31,21
INM00042140,1974,34,46,31,16,9,7,12,20,34,30,25,25
INM00042140,1975,7,12,11,5,4,5,22,13,22,15,23,23
INM00042140,1976,23,18,24,25,21,12,21,19,7,7,3,20
INM00042140,1977,28,30,35,31,39,40,34,31,33,39,46,39
INM00042140,1978,40,45,42,46,44,37,48,42,38,0,1,0
INM00042140,1979,1,0,0,0,0,0,0,0,0,0,0,0
INM00042140,1983,0,0,0,0,0,0,0,0,3,11,16,14
INM00042140,1984,13,13,19,13,6,9,14,15,12,6,6,9
INM00042140,1985,7,7,12,10,13,7,5,10,26,34,23,9
INM00042140,1986,12,15,16,11,11,3,6,7,5,8,12,8
INM00042140,1987,5,12,14,4,16,5,6,3,6,1,3,3
INM00042140,1988,1,3,1,0,0,1,1,2,0,1,0,0
INM00042140,1989,1,1,1,1,3,2,2,3,1,0,3,2
INM00042140,1990,1,0,2,0,1,0,0,0,0,0,0,0
INM00042140,2003,0,0,0,0,0,1,0,0,0,0,0,0
INM00042140,2004,0,0,0,0,0,0,0,0,0,0,0,1
INM00042140,2014,0,0,0,0,0,0,0,0,0,0,1,0
INM00042140,2018,0,0,0,0,0,0,0,1,0,0,0,0
INI0000VORY,2015,0,0,0,0,0,0,0,0,0,0,0,506
INI0000VORY,2016,650,512,604,769,791,751,794,669,780,745,772,668
INI0000VORY,2017,626,526,590,574,542,569,617,624,572,523,511,536
INI0000VORY,2018,774,740,850,884,951,919,906,956,864,969,945,982
INI0000VORY,2019,971,861,976,934,980,941,992,975,884,999,1000,972
INI0000VORY,2020,1007,959,823,331,432,658,852,890,865,869,919,942
INI0000VORY,2021,922,814,938,923,875,836,957,935,932,989,1000,1033
INI0000VORY,2022,995,864,1018,984,1007,971,884,987,976,986,983,988
INI0000VORY,2023,1022,909,977,690,973,949,1028,1022,982,1034,967,951
INI0000VORY,2024,988,926,1019,894,1029,979,965,983,905,1022,937,988
INI0000VORY,2025,953,867,957,997,1007,969,991,959,889,1036,999,1045
INI0000VORY,2026,1036,866,0,0,0,0,0,0,0,0,0,0
INM00042096,1973,45,41,47,32,33,31,34,34,31,32,35,28
INM00042096,1974,31,46,44,36,26,38,37,32,29,30,34,29
INM00042096,1975,39,30,36,29,29,38,50,32,32,28,30,29
INM00042096,1976,23,16,35,25,37,36,34,25,16,6,6,22
INM00042096,1977,29,31,30,36,43,44,46,46,40,50,41,45
INM00042096,1978,42,45,49,44,45,44,40,42,46,1,2,0
INM00042096,1979,0,0,0,1,0,1,2,2,0,1,1,1
INM00042096,1980,1,1,0,0,0,0,0,0,0,0,0,0
INM00042096,1983,0,0,0,0,0,0,0,0,9,16,12,18
INM00042096,1984,15,18,23,19,14,15,28,15,17,14,18,7
INM00042096,1985,21,25,23,26,13,20,19,19,0,2,0,0
INM00042096,1986,15,24,11,17,13,3,18,15,8,8,13,22
INM00042096,1987,24,12,4,0,0,0,0,0,0,1,0,0
INM00042096,1988,0,1,1,2,0,1,2,0,0,0,0,0
INM00042096,1989,0,0,0,0,1,1,1,0,0,1,0,1
INM00042096,1990,3,0,1,0,0,0,0,0,0,0,0,0
INM00042096,2003,0,0,0,0,0,0,1,0,0,0,0,0
INM00042097,2003,0,0,0,0,1,0,0,0,0,0,0,0
INM00042097,2020,0,1,0,0,0,0,0,0,0,0,0,0
INM00042409,1974,0,1,1,1,0,2,3,1,1,0,0,0
INM00042409,2009,0,1,0,0,0,0,0,0,0,0,0,0
INM00042409,2015,0,0,0,0,0,0,0,0,0,0,0,36
INM00042409,2016,39,40,31,23,15,40,45,38,33,37,57,53
INM00042409,2017,52,44,54,47,49,42,50,43,50,53,53,55
INM00042409,2018,55,37,0,0,0,0,0,0,0,0,0,0
INM00042409,2019,0,0,0,0,0,0,0,0,0,0,0,55
INM00042409,2020,57,44,31,7,46,49,38,39,30,35,36,29
INM00042409,2021,19,0,27,15,4,0,21,51,52,45,41,39
INM00042409,2022,23,21,45,30,29,27,25,10,0,4,32,33
INM00042409,2023,29,14,0,0,0,0,0,0,0,0,0,0
INM00042296,2015,0,0,0,0,0,0,0,0,0,0,0,47
INM00042296,2016,53,56,58,57,55,57,56,45,53,53,56,53
INM00042296,2017,55,49,49,49,57,47,42,54,56,45,51,60
INM00042296,2018,56,49,56,52,59,54,51,61,54,57,57,41
INM00042296,2019,54,55,53,54,59,57,56,58,59,58,57,58
INM00042296,2020,59,52,58,54,58,57,60,62,57,61,58,59
INM00042296,2021,58,51,62,59,62,57,59,58,60,62,60,61
INM00042296,2022,61,56,62,58,58,60,62,62,59,57,58,61
INM00042296,2023,62,55,57,56,59,59,61,57,58,61,59,56
INM00042296,2024,61,58,61,54,62,60,59,62,59,63,60,61
INM00042296,2025,63,55,62,59,61,59,60,56,55,61,60,60
INM00042296,2026,52,50,0,0,0,0,0,0,0,0,0,0
INM00042081,2002,0,0,0,0,0,0,0,0,1,0,1,2
INM00042081,2003,0,1,0,0,1,1,1,0,0,0,0,0
INM00042081,2009,0,1,0,0,0,0,0,0,0,0,0,0
INM00042081,2010,1,0,0,0,0,0,0,0,0,0,0,0
INM00042081,2013,0,0,0,0,1,0,0,0,0,0,0,0
INM00042081,2015,0,0,0,0,0,0,0,0,0,0,0,97
INM00042081,2016,123,104,119,115,116,115,116,123,116,122,114,116
INM00042081,2017,119,109,118,112,121,115,117,119,114,119,117,115
INM00042081,2018,122,106,114,112,117,115,112,119,113,118,117,120
INM00042081,2019,119,107,122,116,118,115,123,119,116,120,116,114
INM00042081,2020,113,109,114,113,119,113,122,121,112,120,116,120
INM00042081,2021,117,104,121,119,120,117,124,122,119,122,117,122
INM00042081,2022,122,110,123,119,119,119,119,123,119,117,120,122
INM00042081,2023,122,111,120,115,114,114,120,119,116,121,112,106
INM00042081,2024,123,114,121,104,123,118,116,119,118,122,116,100
INM00042081,2025,114,108,122,115,123,116,122,113,108,123,119,117
INM00042081,2026,124,104,0,0,0,0,0,0,0,0,0,0
INM00042104,1988,0,0,0,0,0,0,0,0,0,2,1,1
INM00042104,1989,0,1,2,1,1,1,2,1,3,1,0,2
INM00042104,1990,2,2,2,3,0,0,0,0,0,0,0,0
INM00042104,2015,0,0,0,0,0,0,0,0,0,0,0,24
INM00042104,2016,32,26,29,31,31,28,31,30,28,31,28,28
INM00042104,2017,29,28,31,29,29,26,25,25,27,30,27,30
INM00042104,2018,30,28,31,29,30,26,22,26,26,30,27,29
INM00042104,2019,31,24,27,30,29,26,28,27,27,31,29,29
INM00042104,2020,29,28,29,25,37,54,47,46,55,57,58,59
INM00042104,2021,54,49,61,56,61,53,57,57,60,56,50,52
INM00042104,2022,51,53,54,53,43,46,55,46,46,53,52,50
INM00042104,2023,44,51,51,46,55,48,50,53,47,54,40,49
INM00042104,2024,48,52,56,42,55,54,53,50,54,61,56,57
INM00042104,2025,56,51,56,54,58,56,59,56,53,61,58,54
INM00042104,2026,54,50,0,0,0,0,0,0,0,0,0,0
INI0000VOHS,2008,0,0,0,0,0,0,193,378,503,549,520,572
INI0000VOHS,2009,574,556,664,1196,1246,1370,1411,1406,1324,1031,1302,1305
INI0000VOHS,2010,1257,1097,1328,897,1346,1312,1292,1325,1234,1306,1163,1285
INI0000VOHS,2011,1286,1139,1323,1308,1359,1327,1358,1344,1353,1323,1278,1336
INI0000VOHS,2012,1322,1252,1322,1273,1381,1350,1357,1377,1293,1235,1159,1246
INI0000VOHS,2013,1273,1162,1341,1292,1404,1247,1362,1331,1272,1278,1198,1231
INI0000VOHS,2014,1244,1151,1307,1247,1294,1317,1305,1326,1054,1230,1212,1272
INI0000VOHS,2015,1284,1152,1305,1182,1326,1228,1342,1331,1212,1209,1152,1278
INI0000VOHS,2016,1381,1227,1353,1302,1408,1355,1401,1410,1356,1389,1222,1279
INI0000VOHS,2017,1386,1221,1313,1104,1373,1310,1410,1333,1330,1347,1354,1412
INI0000VOHS,2018,1390,1276,1416,1340,1388,1350,1342,1426,1284,1411,1376,1429
INI0000VOHS,2019,1425,1252,1405,1414,1413,1342,1456,1470,1361,1465,1383,1465
INI0000VOHS,2020,1446,1362,1318,739,1019,1386,1448,1449,1396,1414,1415,1486
INI0000VOHS,2021,1472,1213,1468,1401,1437,1421,1431,1457,1408,1458,1436,1471
INI0000VOHS,2022,1480,1328,1478,1424,1460,1406,1460,1406,1402,1440,1421,1414
INI0000VOHS,2023,1466,1309,1456,993,1214,1387,1434,1437,1357,1455,1402,1453
INI0000VOHS,2024,1446,1333,1415,1372,1400,1334,1324,1317,1267,1390,1301,1366
INI0000VOHS,2025,1361,1210,1366,1379,1409,1344,1392,1321,1231,1403,1371,1426
INI0000VOHS,2026,1441,1241,0,0,0,0,0,0,0,0,0,0
INM00042261,1942,0,0,0,0,0,0,0,79,327,342,563,744
INM00042261,1943,719,668,744,719,744,720,744,743,720,744,720,739
INM00042261,1944,693,696,744,720,744,720,742,744,720,744,720,742
INM00042261,1945,744,672,744,719,744,720,744,744,720,743,720,744
INM00042261,1946,744,468,403,60,62,52,43,42,44,43,40,60
INM00042261,1947,60,54,60,58,59,58,57,60,56,58,56,57
INM00042261,1948,59,54,60,58,57,59,60,60,60,58,59,58
INM00042261,1954,62,56,61,59,62,58,61,58,59,61,59,59
INM00042261,1955,61,54,60,60,62,55,60,54,58,62,59,62
INM00042261,1956,62,58,58,60,56,59,61,59,59,60,58,60
INM00042261,1957,53,53,53,55,54,52,88,93,89,90,90,93
INM00042261,1958,91,84,93,90,90,90,87,90,90,93,87,92
INM00042261,1959,47,47,57,53,56,58,55,61,51,51,45,44
INM00042261,1960,46,50,55,55,55,50,31,29,30,30,29,31
INM00042261,1961,30,26,31,23,30,29,31,28,28,31,29,24
INM00042261,1962,52,42,42,47,50,51,53,42,47,51,42,41
INM00042261,1963,59,55,60,56,62,59,59,57,58,60,54,60
INM00042261,1973,101,117,139,142,82,74,99,88,116,64,84,82
INM00042261,1974,123,102,127,127,68,62,48,60,76,122,106,95
INM00042261,1975,14,81,134,71,65,86,91,113,141,92,109,118
INM00042261,1976,115,101,144,102,142,128,122,157,123,115,111,136
INM00042261,1977,142,138,168,181,175,154,124,154,135,136,135,165
INM00042261,1978,178,168,198,165,167,171,143,127,185,184,169,185
INM00042261,1979,181,174,191,181,172,167,200,176,185,187,194,203
INM00042261,1980,197,188,182,198,194,148,151,189,196,221,203,186
INM00042261,1981,198,173,191,159,180,146,169,179,195,200,195,188
INM00042261,1982,191,174,203,192,121,153,89,105,175,158,61,185
INM00042261,1983,171,172,197,181,137,76,112,118,164,95,187,152
INM00042261,1984,170,87,104,128,194,180,198,164,111,161,179,196
INM00042261,1985,181,169,173,171,146,145,118,147,199,200,142,131
INM00042261,1986,112,99,131,122,156,155,173,79,140,130,166,103
INM00042261,1987,93,75,156,103,139,88,72,143,152,45,150,140
INM00042261,1988,84,159,55,71,39,64,109,85,164,160,171,156
INM00042261,1989,89,115,100,159,83,94,105,98,75,106,106,73
INM00042261,1990,115,125,23,58,3,9,19,40,41,24,31,11
INM00042261,1991,14,5,54,71,18,4,5,2,51,26,47,121
INM00042261,1992,98,158,145,161,114,70,82,79,67,51,42,99
INM00042261,1993,138,75,2,8,5,18,51,66,33,7,2,21
INM00042261,1994,46,34,20,9,9,5,96,98,18,0,2,7
INM00042261,1995,27,33,22,9,0,3,45,51,62,102,29,27
INM00042261,1996,47,21,42,12,39,8,71,50,31,82,43,46
INM00042261,1997,37,1,21,17,12,17,29,52,58,46,24,33
INM00042261,1998,25,35,23,26,11,47,51,72,24,59,50,46
INM00042261,1999,18,45,35,45,45,21,67,57,74,95,51,52
INM00042261,2000,51,55,64,48,65,50,102,105,91,58,61,48
INM00042261,2001,57,67,76,49,76,59,106,94,79,56,48,52
INM00042261,2002,70,46,38,63,66,55,78,85,95,74,46,58
INM00042261,2003,65,33,43,33,29,57,79,97,80,92,64,60
INM00042261,2004,51,62,68,48,43,76,118,101,110,76,49,64
INM00042261,2005,59,70,75,70,77,81,112,49,100,70,53,57
INM00042261,2006,56,41,73,57,69,63,93,110,106,74,77,53
INM00042261,2007,62,34,55,55,25,27,104,99,104,79,63,63
INM00042261,2008,97,73,56,40,79,82,105,98,111,138,114,108
INM00042261,2009,97,99,110,114,115,92,120,122,116,132,98,108
INM00042261,2010,103,107,120,112,103,111,113,109,113,117,116,117
INM00042261,2011,112,104,119,115,118,96,113,119,114,120,110,116
INM00042261,2012,113,109,118,110,119,113,117,117,114,128,111,112
INM00042261,2013,107,103,120,118,118,113,122,120,109,123,115,123
INM00042261,2014,114,109,118,111,113,118,113,122,109,121,113,118
INM00042261,2015,116,105,114,117,124,116,123,123,120,124,118,120
INM00042261,2016,147,113,141,237,167,135,448,480,301,272,182,144
INM00042261,2017,207,597,691,553,466,497,412,515,421,357,117,122
INM00042261,2018,121,105,124,87,121,121,115,117,114,200,506,318
INM00042261,2019,208,324,326,262,562,541,528,537,453,647,105,26
INM00042261,2020,23,21,38,18,9,12,327,480,549,426,34,4
INM00042261,2021,2,177,180,114,6,4,2,2,1,6,1,0
INM00042261,2022,0,0,0,0,0,8,0,2,19,48,49,30
INM00042261,2023,49,7,19,22,80,64,31,66,55,56,21,95
INM00042261,2024,377,469,314,71,67,140,114,128,160,107,111,137
INM00042261,2025,23,14,2,5,40,65,72,99,93,105,56,30
INM00042261,2026,46,77,0,0,0,0,0,0,0,0,0,0
INM00042107,1999,0,0,0,0,0,0,1,1,0,0,0,0
INM00042107,2000,0,0,1,0,0,0,0,0,0,0,0,0
INM00042107,2001,0,0,0,1,0,0,0,0,1,0,0,0
INM00042107,2002,0,0,1,0,1,0,1,0,0,0,0,2
INM00042108,1999,0,0,0,1,0,0,0,0,0,0,0,0
INM00042108,2000,1,0,0,0,0,0,0,0,0,0,0,0
INM00042108,2001,0,1,1,0,0,0,0,0,2,0,1,0
INM00042108,2002,0,0,0,0,0,0,0,0,0,1,0,0
INM00042108,2003,0,0,1,0,0,0,0,0,0,0,0,0
INM00042108,2019,0,1,0,0,0,0,0,0,0,0,0,0
INM00042108,2023,0,0,0,0,0,0,1,1,0,0,0,0
INM00042220,1974,0,0,0,3,0,0,1,0,0,0,0,0
INM00042220,2003,0,0,0,0,0,0,1,0,0,0,0,0
INM00042220,2009,0,2,0,0,0,0,0,0,0,0,0,0
INM00042220,2011,0,0,0,0,0,0,1,0,0,0,0,0
INM00042220,2015,0,0,0,0,0,0,0,0,0,0,0,119
INM00042220,2016,155,142,146,148,149,146,149,150,148,152,147,154
INM00042220,2017,153,139,153,149,154,147,153,153,149,154,147,152
INM00042220,2018,155,139,154,145,92,86,88,90,81,107,130,152
INM00042220,2019,145,138,100,117,155,149,153,152,150,155,152,155
INM00042220,2020,155,145,151,150,156,149,155,155,148,151,148,155
INM00042220,2021,153,127,153,147,151,148,151,154,150,155,150,152
INM00042220,2022,154,139,152,149,154,148,154,154,145,149,148,154
INM00042220,2023,153,137,152,150,155,146,153,144,141,148,140,131
INM00042220,2024,143,134,145,126,174,180,184,186,177,186,180,183
INM00042220,2025,186,166,186,180,186,178,178,173,168,186,180,182
INM00042220,2026,186,156,0,0,0,0,0,0,0,0,0,0
INM00042079,2013,0,0,0,0,1,0,0,0,0,0,0,0
INM00042079,2015,0,0,0,0,0,0,0,0,0,0,0,190
INM00042079,2016,241,218,237,228,240,231,237,237,231,240,230,240
INM00042079,2017,233,190,207,226,193,179,190,181,190,194,174,182
INM00042079,2018,180,163,185,169,181,141,147,166,146,136,131,147
INM00042079,2019,125,136,181,234,242,237,239,242,232,242,235,235
INM00042079,2020,243,231,218,160,180,177,226,246,236,248,238,246
INM00042079,2021,247,207,247,236,244,237,247,248,239,248,238,247
INM00042079,2022,246,221,248,237,240,237,244,244,237,239,237,245
INM00042079,2023,241,222,242,237,242,231,243,241,232,240,229,219
INM00042079,2024,245,227,242,207,244,235,236,243,232,246,234,243
INM00042079,2025,243,208,239,236,240,232,244,229,222,246,237,236
INM00042079,2026,229,202,0,0,0,0,0,0,0,0,0,0
INM00042110,2019,0,0,1,0,0,0,0,0,0,0,0,0
INM00042353,2020,0,0,0,0,0,0,0,1,0,0,0,0
INM00042353,2022,0,0,1,0,0,0,0,0,0,0,0,0
INM00042274,1973,34,36,37,28,20,11,26,24,21,19,26,18
INM00042274,1974,21,25,24,21,10,8,11,14,9,3,10,1
INM00042274,1975,1,6,14,11,9,13,21,18,18,17,24,22
INM00042274,1976,8,12,22,18,32,23,29,29,24,17,13,27
INM00042274,1977,28,30,37,29,42,41,38,41,37,37,41,34
INM00042274,1978,41,42,48,41,38,43,34,43,39,0,2,0
INM00042274,1979,0,0,0,0,0,0,2,0,0,0,0,0
INM00042274,1983,0,0,0,0,8,1,1,1,1,3,11,5
INM00042274,1984,3,7,9,7,3,2,15,9,8,5,3,5
INM00042274,1985,4,0,9,10,2,3,2,1,3,6,2,5
INM00042274,1986,3,0,1,1,1,0,1,2,2,0,1,1
INM00042274,1987,1,1,0,0,0,0,0,1,4,0,0,0
INM00042274,1988,0,0,0,0,0,1,0,0,1,0,1,0
INM00042274,2002,0,0,0,1,0,0,0,0,0,0,0,0
INM00042274,2016,0,0,0,0,0,1,0,0,0,0,0,0
INM00042274,2017,0,0,0,0,0,0,0,0,0,1,0,0
INM00042116,1973,29,33,27,21,7,8,16,6,12,14,11,8
INM00042116,1974,13,8,14,5,3,5,3,3,3,1,3,5
INM00042116,1975,8,8,8,4,2,2,6,14,15,13,19,11
INM00042116,1976,5,10,9,17,26,19,14,13,8,4,8,11
INM00042116,1977,11,6,7,22,14,18,17,22,25,23,12,10
INM00042116,1978,13,17,12,6,3,2,13,14,12,0,0,0
INM00042116,1979,0,0,0,0,1,1,0,1,0,0,0,0
INM00042116,2002,0,0,0,0,1,0,0,0,0,1,0,0
INM00042116,2003,0,0,0,1,0,1,0,0,0,0,0,0
INM00042265,1944,114,116,116,116,114,110,112,122,120,116,116,120
INM00042265,1945,124,110,124,112,114,110,110,110,112,124,116,120
INM00042265,1946,120,96,120,112,122,84,44,66,86,78,70,108
INM00042265,1947,102,96,104,116,120,98,98,108,92,106,114,110
INM00042265,1948,114,110,124,116,102,112,122,122,114,118,116,122
INM00042265,1973,28,27,32,15,7,7,12,7,7,9,4,5
INM00042265,1974,5,9,7,9,0,4,2,1,0,2,8,3
INM00042265,1975,3,4,2,2,1,0,0,0,10,11,21,12
INM00042265,1976,16,13,18,22,32,27,26,21,9,3,7,15
INM00042265,1977,25,25,25,22,31,27,25,37,31,37,38,37
INM00042265,1978,37,38,49,43,31,35,42,38,38,1,0,1
INM00042265,1979,0,1,0,0,2,0,1,1,0,1,0,1
INM00042265,1983,0,0,0,0,0,0,0,0,0,8,8,16
INM00042265,1984,7,8,9,2,0,3,2,4,5,2,1,2
INM00042265,1985,3,6,3,3,2,4,2,1,6,11,1,2
INM00042265,1986,4,2,6,11,3,1,7,5,9,4,9,6
INM00042265,1987,4,10,15,3,10,6,2,1,5,2,2,1
INM00042265,1988,3,1,1,1,1,1,9,2,3,2,0,2
INM00042265,1989,1,3,8,2,2,0,2,0,3,2,3,3
INM00042265,1990,2,0,1,2,0,0,0,0,0,0,0,0
INM00042265,2002,0,0,0,0,1,0,0,0,0,0,0,1
INM00042265,2003,1,0,0,0,0,0,0,0,0,0,0,0
INM00042265,2020,0,0,0,0,0,0,0,0,0,0,1,0
INM00042265,2021,0,0,1,0,0,0,0,0,0,0,0,0
INM00042117,1999,0,1,1,0,1,1,1,0,0,0,1,1
INM00042117,2000,0,1,1,0,0,0,0,0,0,0,0,0
INM00042117,2001,0,0,0,1,0,0,1,0,0,0,0,2
INM00042117,2002,0,0,0,0,1,1,0,1,0,1,0,1
INM00042117,2003,0,1,0,0,0,0,0,0,0,0,0,0
INM00042117,2015,0,0,0,0,0,0,0,0,0,0,0,1
INM00042117,2016,0,0,0,0,1,0,0,0,0,0,0,0
INM00042117,2020,0,0,1,0,0,0,0,0,0,0,0,0
INM00042266,2009,0,1,0,0,0,0,0,0,0,0,0,0
INM00042266,2015,0,0,0,0,0,0,0,0,0,0,0,42
INM00042266,2016,52,50,55,52,47,52,51,54,57,57,56,43
INM00042266,2017,46,46,57,55,50,48,54,53,55,57,51,58
INM00042266,2018,58,50,61,51,60,54,60,59,55,55,56,59
INM00042266,2019,58,55,56,52,59,56,61,60,49,57,58,58
INM00042266,2020,60,54,55,58,60,58,58,57,53,62,59,61
INM00042266,2021,59,52,58,53,58,57,60,61,55,60,56,60
INM00042266,2022,54,53,61,56,59,58,61,58,55,46,53,52
INM00042266,2023,56,53,54,53,52,51,55,54,55,55,55,51
INM00042266,2024,54,54,58,42,58,57,60,63,58,61,58,61
INM00042266,2025,59,54,62,58,61,56,61,58,53,62,57,62
INM00042266,2026,62,52,0,0,0,0,0,0,0,0,0,0
INM00042121,2001,0,0,0,0,0,0,0,0,0,1,0,0
INM00042121,2002,0,0,0,0,1,0,0,1,0,1,0,1
INM00042121,2005,0,0,0,0,0,0,0,0,0,1,0,0
INM00042121,2011,0,0,0,0,0,0,0,0,1,0,0,0
INM00042121,2021,0,0,3,1,0,0,0,0,0,0,0,0
INM00042270,1973,19,21,26,19,4,6,18,3,8,7,13,12
INM00042270,1974,9,18,11,9,5,3,6,5,4,2,0,0
INM00042270,1975,0,0,0,0,0,0,0,12,12,8,21,13
INM00042270,1976,10,11,22,20,36,30,29,20,4,5,3,14
INM00042270,1977,27,26,38,24,45,37,28,43,36,43,38,39
INM00042270,1978,37,41,42,39,39,32,39,37,33,1,0,0
INM00042270,1979,0,0,0,0,0,1,0,0,0,0,0,0
INM00042270,1983,0,0,0,0,0,0,0,0,0,9,16,16
INM00042270,1984,7,13,17,10,4,4,12,14,7,7,3,3
INM00042270,1985,7,7,7,11,6,5,4,11,11,18,9,8
INM00042270,1986,13,5,10,5,5,0,8,13,13,6,10,8
INM00042270,1987,7,14,10,5,12,2,4,0,4,3,3,2
INM00042270,1988,3,3,0,0,1,2,1,0,0,1,2,0
INM00042270,1989,0,0,1,0,0,0,0,0,0,0,2,0
INM00042270,2002,0,0,0,0,0,1,0,0,0,0,0,0
INM00042270,2009,0,1,0,0,0,0,0,0,0,0,0,0
INM00042270,2016,0,0,0,0,0,0,1,0,0,0,0,0
INM00042270,2017,0,0,1,0,0,0,0,1,0,1,1,0
INM00042270,2024,0,0,0,9,59,54,50,51,50,50,52,53
INM00042270,2025,57,52,55,54,58,55,59,53,54,61,58,51
INM00042270,2026,52,49,0,0,0,0,0,0,0,0,0,0
INM00042083,1944,110,112,116,116,114,120,122,122,100,120,118,122
INM00042083,1945,114,108,118,114,112,112,116,112,116,118,114,114
INM00042083,1946,122,98,120,98,102,100,80,104,104,76,76,122
INM00042083,1947,122,110,122,114,106,92,100,104,82,106,112,122
INM00042083,1948,114,112,122,114,120,110,122,122,114,118,120,118
INM00042083,1949,33,53,62,60,62,59,62,60,59,62,59,62
INM00042083,1950,61,56,62,60,61,60,59,62,60,61,60,61
INM00042083,1951,62,55,62,60,62,59,60,59,60,62,60,60
INM00042083,1952,62,57,62,60,62,60,60,62,60,61,60,61
INM00042083,1953,62,56,61,59,62,60,61,61,60,62,59,62
INM00042083,1954,62,56,62,59,61,58,1,60,60,62,60,60
INM00042083,1955,62,54,61,60,62,58,62,62,60,59,59,61
INM00042083,1956,62,56,61,60,62,60,61,60,59,61,57,57
INM00042083,1957,54,55,61,59,60,57,58,60,59,61,59,60
INM00042083,1958,60,50,56,56,60,57,58,61,58,1,59,61
INM00042083,1959,61,55,58,54,59,56,58,60,55,59,55,59
INM00042083,1960,59,56,0,59,58,56,49,57,54,58,57,61
INM00042083,1961,58,53,60,48,59,1,53,57,54,0,0,0
INM00042083,1962,1,54,0,1,61,57,1,57,0,0,0,1
INM00042083,1963,60,52,60,55,62,56,0,0,0,0,0,0
INM00042083,1973,55,49,50,43,34,33,45,39,39,42,41,37
INM00042083,1974,47,49,39,49,33,40,48,43,42,40,40,39
INM00042083,1975,42,35,44,36,38,48,49,39,38,28,36,30
INM00042083,1976,19,24,33,30,39,45,34,37,30,24,16,33
INM00042083,1977,40,32,46,42,49,45,49,47,42,49,46,45
INM00042083,1978,50,46,44,43,52,48,41,44,44,0,1,0
INM00042083,1979,1,2,0,0,0,1,0,0,0,0,0,0
INM00042083,1983,0,0,0,0,11,8,6,2,9,21,17,19
INM00042083,1984,19,20,29,27,28,34,40,23,31,28,28,16
INM00042083,1985,37,32,32,37,28,29,29,36,30,35,18,22
INM00042083,1986,24,25,24,30,23,11,20,10,8,13,15,26
INM00042083,1987,23,16,27,19,15,7,9,3,15,1,6,4
INM00042083,1988,20,16,5,1,3,8,16,10,0,0,0,0
INM00042083,1989,0,1,2,6,1,0,1,0,3,1,2,6
INM00042083,1990,2,0,1,0,0,0,0,0,0,0,0,0
INM00042083,2002,0,0,0,0,0,0,1,0,0,0,0,0
INM00042083,2003,0,0,0,0,0,0,1,0,0,0,0,0
INM00042083,2004,0,0,0,0,1,0,0,0,0,0,0,0
INM00042083,2007,0,0,0,0,1,0,0,1,0,0,0,0
INM00042083,2008,0,0,0,0,0,0,0,0,0,1,1,0
INM00042083,2009,1,2,0,0,0,0,0,0,0,0,0,0
INM00042083,2013,0,0,0,0,1,0,0,0,0,0,0,0
INM00042083,2015,0,0,0,0,0,0,0,0,0,0,0,97
INM00042083,2016,122,110,119,119,119,115,120,118,115,121,116,121
INM00042083,2017,120,108,112,116,116,116,120,121,118,120,117,115
INM00042083,2018,121,111,119,113,119,117,120,121,115,120,118,121
INM00042083,2019,122,110,120,118,119,118,119,120,117,122,117,115
INM00042083,2020,116,114,123,116,121,118,123,121,113,124,119,124
INM00042083,2021,120,107,123,118,121,118,124,121,120,124,120,123
INM00042083,2022,121,112,123,119,123,118,119,124,118,122,120,123
INM00042083,2023,113,111,121,117,123,115,116,118,108,119,92,104
INM00042083,2024,116,113,121,99,121,119,120,116,110,122,118,118
INM00042083,2025,114,110,124,118,123,115,123,112,109,123,119,119
INM00042083,2026,119,103,0,0,0,0,0,0,0,0,0,0
INM00042279,2016,0,0,0,0,0,0,0,1,1,0,0,0
INM00042279,2017,0,0,1,0,0,0,2,0,0,0,1,1
INM00042279,2018,0,0,0,0,0,0,0,0,0,1,0,0
INM00042279,2019,0,0,0,0,0,0,0,0,1,0,0,0
INM00042279,2023,0,0,0,0,0,0,0,0,0,0,1,2
INM00042279,2025,0,0,0,0,0,0,0,30,52,58,56,54
INM00042279,2026,41,50,0,0,0,0,0,0,0,0,0,0
INM00043071,2015,0,0,0,0,0,0,0,0,0,0,0,39
INM00043071,2016,47,46,46,42,39,50,39,45,40,28,6,44
INM00043071,2017,33,35,36,37,38,35,30,29,34,19,11,29
INM00043071,2018,36,36,37,32,45,47,31,28,32,31,25,46
INM00043071,2019,43,42,42,41,45,40,45,41,15,3,7,14
INM00043071,2020,20,13,15,19,10,12,15,21,16,15,11,18
INM00043071,2021,21,16,10,9,0,7,8,11,11,10,12,24
INM00043071,2022,43,44,8,39,36,46,31,47,47,35,42,41
INM00043071,2023,5,23,41,32,41,42,49,49,46,45,49,48
INM00043071,2024,52,47,51,44,49,48,50,50,47,52,52,53
INM00043071,2025,54,53,57,59,57,56,60,56,55,61,60,53
INM00043071,2026,58,52,0,0,0,0,0,0,0,0,0,0
INA00749249,1944,0,304,742,719,469,0,0,0,0,0,0,0
INM00042114,1998,0,0,0,0,0,0,0,0,0,0,0,1
INM00042114,1999,0,0,0,0,0,0,0,0,0,1,0,0
INM00042114,2002,0,0,0,0,0,0,1,0,1,0,0,0
INM00042114,2003,0,0,0,0,0,0,0,0,1,0,0,0
INM00042114,2007,0,0,0,0,1,0,0,0,0,0,0,0
INM00042114,2009,0,1,0,0,0,0,0,0,0,0,0,0
INM00042114,2013,0,0,0,0,1,0,0,0,0,0,0,0
INM00042114,2015,0,0,0,0,0,0,0,0,0,0,0,71
INM00042114,2016,94,87,90,86,93,90,94,91,89,93,90,91
INM00042114,2017,90,85,92,90,93,87,88,92,89,90,88,94
INM00042114,2018,90,83,91,87,91,88,91,92,84,91,90,95
INM00042114,2019,93,83,92,117,121,119,122,123,115,125,117,122
INM00042114,2020,118,113,117,120,123,120,124,122,118,122,118,122
INM00042114,2021,124,102,124,119,120,119,120,124,120,123,120,119
INM00042114,2022,124,110,120,117,122,118,124,121,118,122,119,123
INM00042114,2023,121,111,121,115,119,117,123,123,117,122,120,114
INM00042114,2024,123,116,123,106,123,120,122,123,119,125,120,122
INM00042114,2025,123,111,123,120,124,119,123,114,111,124,120,124
INM00042114,2026,124,103,0,0,0,0,0,0,0,0,0,0
INM00042122,1944,56,58,60,58,57,57,60,62,59,60,59,62
INM00042122,1945,62,56,60,60,59,58,58,57,60,62,57,61
INM00042122,1946,62,48,61,42,43,46,46,49,49,37,38,58
INM00042122,1947,58,55,59,58,61,58,49,32,11,28,26,18
INM00042122,1948,27,31,33,35,34,20,31,16,32,24,22,27
INM00042122,2001,0,0,0,0,0,0,0,0,1,0,0,0
INM00042122,2002,0,0,1,0,0,0,0,0,0,0,0,0
INM00042122,2003,0,0,0,0,0,0,1,0,0,0,0,0
INM00042122,2022,0,0,0,0,0,0,0,1,0,0,0,0
INM00042190,2002,0,0,0,0,0,0,1,0,0,0,0,0
INI0000VERK,2021,0,0,4,0,0,0,0,0,0,0,0,0
INI0000VERK,2023,330,286,274,190,170,199,178,232,265,327,266,254
INI0000VERK,2024,294,321,354,325,359,375,347,386,609,613,597,584
INI0000VERK,2025,613,424,373,263,400,410,371,335,300,369,402,431
INI0000VERK,2026,459,353,0,0,0,0,0,0,0,0,0,0
INI0000VEKR,2016,0,0,3,0,0,0,0,0,0,0,0,0
INI0000VELP,2010,0,0,0,0,0,0,3,0,0,0,0,0
INI0000VELP,2015,0,0,0,6,0,0,0,0,0,0,0,246
INI0000VELP,2016,240,198,344,280,321,309,327,282,291,361,338,384
INI0000VELP,2017,351,296,349,381,436,278,398,388,403,419,393,435
INI0000VELP,2018,431,376,408,345,364,170,153,213,318,320,390,365
INI0000VELP,2019,373,355,333,316,360,352,393,303,384,473,441,570
INI0000VELP,2020,634,554,510,575,551,541,600,566,615,567,564,630
INI0000VELP,2021,551,465,552,515,483,330,371,363,431,369,420,372
INI0000VELP,2022,433,445,481,472,470,443,459,474,506,472,495,514
INI0000VELP,2023,519,504,623,575,635,582,634,593,535,634,611,594
INI0000VELP,2024,664,597,670,615,638,641,579,622,562,622,590,582
INI0000VELP,2025,555,502,524,449,472,470,512,492,466,546,544,563
INI0000VELP,2026,569,461,0,0,0,0,0,0,0,0,0,0
INA00420341,1944,54,50,58,52,54,56,62,66,106,114,104,102
INA00420341,1945,104,94,68,94,122,106,114,112,114,116,112,111
INA00420341,1946,108,84,78,54,40,40,40,48,80,54,64,90
INA00420341,1947,48,56,102,100,104,116,114,82,26,68,82,74
INA00420341,1948,46,48,14,34,10,0,0,0,0,0,2,0
INA00420341,1956,60,55,39,44,52,46,54,50,50,57,49,53
INA00420341,1957,50,46,40,12,38,39,36,33,51,43,31,44
INA00420341,1958,39,48,46,42,55,53,54,57,52,1,54,37
INA00420341,1959,49,37,33,38,45,44,42,48,35,43,48,49
INA00420341,1960,45,48,1,43,44,40,46,48,48,51,52,54
INA00420341,1961,46,33,49,39,37,1,39,22,30,0,0,0
INA00420341,1962,0,36,0,1,49,33,0,55,0,0,0,1
INA00420341,1963,49,49,53,54,53,47,0,0,0,0,0,0
INI0000VIBN,2018,0,5,0,0,0,0,0,0,0,0,3,0
INA00420551,1955,23,18,4,7,6,2,4,0,2,1,1,1
INA00420551,1956,2,0,10,21,17,14,15,24,17,21,14,14
INA00420551,1957,17,13,10,7,9,6,9,11,14,10,13,9
INA00420551,1958,3,11,5,3,6,1,2,1,9,9,18,16
INA00420551,1959,12,16,10,2,16,18,16,21,16,18,14,19
INA00420551,1960,16,19,14,17,18,9,18,17,22,18,24,15
INA00420551,1961,19,16,17,21,15,12,20,19,19,17,17,16
INA00420551,1962,17,14,17,16,21,15,20,14,15,21,17,15
INA00420551,1963,22,17,22,16,17,13,17,22,28,36,34,37
INA00420551,1973,113,145,148,141,130,123,115,74,77,123,127,122
INA00420551,1974,119,128,159,109,132,117,6,1,0,0,0,0
INA00420551,1987,0,0,0,0,0,0,0,0,6,2,5,1
INA00420551,1988,7,3,4,6,4,9,4,1,3,9,3,7
INA00420551,1989,6,4,5,6,3,3,5,7,8,4,8,5
INA00420551,1990,6,4,7,7,2,4,6,5,7,10,2,1
INA00420551,1991,5,2,2,1,3,7,1,0,0,0,0,0
INI0000VEKU,2016,0,0,0,0,0,0,0,0,2,0,0,0
INI0000VEKU,2017,0,1,0,0,0,0,0,0,0,0,0,0
INI0000VEKU,2021,0,0,0,3,0,0,0,0,0,6,0,0
INI0000VEKU,2022,0,0,0,0,0,0,0,1,15,48,50,36
INI0000VEKU,2023,42,8,20,18,79,76,34,62,59,55,20,110
INI0000VEKU,2024,556,579,441,100,86,153,39,79,63,35,50,29
INI0000VEKU,2025,10,10,8,1,0,0,1,0,0,0,0,0
INI0000VOAR,2020,2,0,0,0,0,0,0,0,0,1,0,0
INI0000VOAR,2021,0,0,0,35,1,0,273,605,532,609,560,580
INI0000VOAR,2022,450,318,305,163,273,289,481,398,420,465,515,506
INI0000VOAR,2023,544,377,373,82,18,288,385,394,12,0,379,288
INI0000VOAR,2024,370,430,451,397,387,447,390,383,299,286,236,18
INI0000VOAR,2025,30,263,92,76,53,22,28,164,120,101,68,289
INI0000VOAR,2026,214,343,0,0,0,0,0,0,0,0,0,0
INA00420981,1944,28,27,28,30,29,29,30,31,30,30,30,30
INA00420981,1945,30,28,31,29,27,27,29,29,28,31,28,28
INA00420981,1946,31,22,31,50,49,49,45,48,53,39,39,61
INA00420981,1947,58,56,52,55,58,53,56,30,29,56,56,62
INA00420981,1948,62,57,59,58,56,56,59,59,58,60,57,61
INI0000VABP,1944,58,58,60,60,56,60,58,62,59,62,59,61
INI0000VABP,1945,62,54,62,58,61,54,58,58,59,60,58,58
INI0000VABP,1946,62,50,60,60,61,59,53,62,60,48,46,62
INI0000VABP,1947,62,52,62,60,62,58,59,61,60,60,59,62
INI0000VABP,1948,62,58,62,60,58,59,59,60,59,58,60,61
INI0000VABP,1954,62,56,62,59,61,58,60,58,57,62,58,60
INI0000VABP,1955,61,55,61,59,60,58,59,57,59,61,60,62
INI0000VABP,1956,62,58,59,58,60,60,60,59,60,60,59,60
INI0000VABP,1957,83,72,81,66,71,57,145,142,144,152,148,144
INI0000VABP,1958,144,134,152,145,153,150,151,150,147,148,137,134
INI0000VABP,1959,65,70,77,79,67,66,70,70,65,60,61,67
INI0000VABP,1960,60,65,79,74,71,66,64,70,62,64,61,62
INI0000VABP,1961,96,94,132,131,137,125,125,136,128,142,136,135
INI0000VABP,1962,147,136,140,140,144,138,141,147,140,136,147,148
INI0000VABP,1963,62,55,62,58,60,57,61,61,58,60,60,59
INI0000VABP,1973,165,146,194,150,156,169,167,152,142,150,138,150
INI0000VABP,1974,176,153,156,166,170,161,155,144,149,168,155,150
INI0000VABP,1975,151,151,174,148,119,133,148,155,162,147,171,162
INI0000VABP,1976,158,131,183,148,149,148,160,170,147,164,161,153
INI0000VABP,1977,162,167,185,171,169,158,184,192,188,181,187,191
INI0000VABP,1978,204,185,223,207,212,216,216,229,198,204,188,192
INI0000VABP,1979,201,185,204,221,220,154,184,180,228,228,212,225
INI0000VABP,1980,224,208,213,207,184,210,216,204,205,221,218,231
INI0000VABP,1981,225,209,222,197,211,175,201,219,204,221,218,223
INI0000VABP,1982,197,204,221,200,212,194,218,193,206,212,216,228
INI0000VABP,1983,211,197,229,210,226,205,208,218,214,225,236,243
INI0000VABP,1984,220,216,234,212,225,225,190,221,229,228,225,231
INI0000VABP,1985,231,211,235,211,185,201,171,226,207,216,193,219
INI0000VABP,1986,217,196,222,227,236,197,190,205,213,206,206,231
INI0000VABP,1987,226,209,240,227,232,220,217,226,208,236,217,227
INI0000VABP,1988,220,198,216,203,223,204,199,213,193,168,200,197
INI0000VABP,1989,203,198,207,201,215,192,182,206,208,208,202,226
INI0000VABP,1990,214,194,207,215,170,145,188,200,185,215,208,225
INI0000VABP,1991,220,181,219,201,211,191,216,185,210,199,190,210
INI0000VABP,1992,180,184,198,165,168,166,185,190,186,184,167,191
INI0000VABP,1993,165,138,206,198,193,221,231,232,212,218,197,219
INI0000VABP,1994,213,176,187,201,212,189,189,208,186,204,218,222
INI0000VABP,1995,190,188,183,170,217,205,226,224,211,224,207,221
INI0000VABP,1996,231,216,229,213,227,205,204,221,219,223,217,229
INI0000VABP,1997,222,199,209,200,218,207,211,210,207,212,205,207
INI0000VABP,1998,166,178,204,187,204,205,184,195,210,217,215,225
INI0000VABP,1999,213,206,222,205,221,204,220,207,206,191,206,202
INI0000VABP,2000,212,190,179,184,206,194,203,196,182,195,208,231
INI0000VABP,2001,231,211,229,218,230,211,238,226,234,231,219,232
INI0000VABP,2002,228,213,234,229,233,215,235,238,234,235,236,236
INI0000VABP,2003,249,214,238,234,240,226,240,225,213,222,225,235
INI0000VABP,2004,233,216,243,227,227,226,222,227,226,230,221,230
INI0000VABP,2005,227,220,238,235,236,215,216,229,227,235,227,226
INI0000VABP,2006,213,185,222,232,233,226,238,238,230,227,229,220
INI0000VABP,2007,226,203,233,213,214,220,227,234,230,233,230,237
INI0000VABP,2008,232,214,236,222,245,234,240,232,235,242,233,231
INI0000VABP,2009,244,219,240,233,240,215,230,242,228,241,236,242
INI0000VABP,2010,245,224,243,239,246,236,235,246,237,247,239,245
INI0000VABP,2011,245,224,245,238,247,200,246,247,239,247,240,247
INI0000VABP,2012,247,232,247,238,248,238,246,244,240,247,240,246
INI0000VABP,2013,247,222,248,236,244,237,242,247,237,245,237,248
INI0000VABP,2014,248,224,247,239,248,240,244,247,239,248,240,248
INI0000VABP,2015,248,223,247,240,247,238,247,248,237,247,240,623
INI0000VABP,2016,765,671,798,770,814,516,256,328,482,712,444,501
INI0000VABP,2017,672,577,666,746,743,734,799,847,775,847,788,829
INI0000VABP,2018,767,766,830,772,682,689,757,723,644,701,652,672
INI0000VABP,2019,827,764,858,851,697,846,732,910,849,798,879,992
INI0000VABP,2020,978,905,831,272,303,518,640,735,716,672,600,724
INI0000VABP,2021,651,697,842,809,794,814,814,956,945,933,956,1016
INI0000VABP,2022,992,884,970,990,1007,916,892,1003,964,955,890,914
INI0000VABP,2023,959,631,903,956,944,902,1014,898,866,937,679,808
INI0000VABP,2024,913,901,987,843,1000,429,245,245,238,247,239,244
INI0000VABP,2025,247,220,351,795,1214,1085,1114,1081,925,964,1050,1063
INI0000VABP,2026,1125,911,0,0,0,0,0,0,0,0,0,0
INA00424060,1945,0,0,0,0,0,6,744,743,714,0,0,0
INA00424060,1946,0,0,0,0,0,16,0,0,0,0,0,0
INA00424060,1954,61,55,60,58,60,60,60,53,55,58,60,60
INA00424060,1955,59,54,60,60,54,54,53,52,57,61,59,60
INA00424060,1956,57,57,55,58,57,56,58,56,58,55,56,58
INA00424060,1957,48,35,44,45,38,42,44,35,39,38,40,47
INA00424060,1958,47,39,42,40,45,34,44,38,38,40,31,36
INA00424060,1959,39,35,37,35,35,22,30,36,33,30,38,42
INA00424060,1960,37,29,40,38,29,24,17,23,29,26,28,28
INA00424060,1961,30,23,28,25,26,27,24,28,27,29,28,22
INA00424060,1962,34,42,31,38,40,29,37,33,38,37,40,37
INA00424060,1963,60,54,55,54,55,55,54,57,55,59,56,55
INI0000VEVZ,2021,0,0,2,0,0,0,0,0,0,0,0,0
INA00426201,1986,0,0,1,2,2,3,2,1,1,1,2,2
INA00426201,1987,1,0,0,0,7,2,2,3,0,4,2,1
INA00426201,1988,5,2,1,4,4,4,6,2,0,3,2,3
INA00426201,1989,5,5,4,5,4,7,5,7,4,5,4,3
INA00426201,1990,6,1,2,3,3,2,0,5,6,3,1,5
INA00426201,1991,6,4,3,1,3,2,6,0,0,0,0,0
INI0000VIAG,2009,0,0,0,0,0,0,0,0,0,2,0,0
INA00424511,1944,116,116,114,118,112,120,122,124,120,118,118,120
INA00424511,1945,120,112,118,114,116,108,114,114,118,116,114,120
INA00424511,1946,124,100,120,120,120,98,84,78,90,86,82,116
INA00424511,1947,106,104,122,114,116,118,116,108,100,112,116,120
INA00424511,1948,116,114,122,114,108,116,118,120,116,118,120,118
INA00424511,1954,62,54,62,59,62,60,61,58,60,62,59,48
INA00424511,1955,60,53,59,60,61,60,59,58,57,61,60,62
INA00424511,1956,60,57,62,60,59,60,62,59,59,62,59,61
INA00424511,1957,83,70,81,77,83,71,142,145,148,150,146,143
INA00424511,1958,148,134,150,148,148,145,146,146,140,146,129,132
INA00424511,1959,70,64,77,78,62,67,69,63,67,54,53,67
INA00424511,1960,60,66,72,73,74,53,28,29,30,27,27,30
INA00424511,1961,95,86,136,134,129,123,139,133,126,143,128,132
INA00424511,1962,145,137,142,127,142,134,135,141,137,142,140,142
INA00424511,1963,60,56,58,56,55,56,55,58,55,57,54,59
INA00424511,1973,92,75,91,88,65,58,56,50,76,82,53,65
INA00424511,1974,49,49,71,48,38,42,35,50,46,41,34,23
INA00424511,1975,34,19,30,28,38,29,51,58,71,77,62,57
INA00424511,1976,59,67,64,29,10,20,26,25,16,12,8,0
INA00424511,1977,1,1,0,0,1,1,0,0,0,0,0,0
INA00424511,1978,0,1,0,1,1,0,0,0,0,0,0,0
INA00428021,1944,390,696,738,0,0,0,0,0,6,743,720,744
INA00428021,1945,740,672,744,718,744,714,0,0,654,744,700,226
INI0000VEKO,2014,0,0,0,0,0,0,0,0,0,0,1,0
INI0000VEKO,2016,0,0,486,502,164,214,147,137,139,270,321,342
INI0000VEKO,2017,194,147,272,284,150,131,158,199,136,158,120,126
INI0000VEKO,2018,122,119,130,121,123,118,114,142,119,120,121,131
INI0000VEKO,2019,124,117,116,118,122,126,129,123,105,125,118,124
INI0000VEKO,2020,120,110,108,89,88,107,105,104,102,103,90,108
INI0000VEKO,2021,108,93,114,104,101,94,105,112,108,110,115,107
INI0000VEKO,2022,102,109,115,107,111,113,99,113,98,110,109,99
INI0000VEKO,2023,97,103,106,132,161,106,118,114,100,107,88,73
INI0000VEKO,2024,95,99,117,88,110,102,81,109,104,93,90,92
INI0000VEKO,2025,94,94,104,103,102,100,99,102,335,389,371,373
INI0000VEKO,2026,369,307,0,0,0,0,0,0,0,0,0,0
INI0000VEMR,2016,0,34,201,176,144,78,98,97,63,77,75,70
INI0000VEMR,2017,105,116,95,111,85,81,56,102,19,21,8,4
INI0000VEMR,2018,29,1,0,0,77,194,197,175,138,151,146,141
INI0000VEMR,2019,155,76,81,60,87,103,76,100,85,70,73,36
INI0000VEMR,2020,60,93,79,5,9,61,57,53,72,73,74,112
INI0000VEMR,2021,85,10,81,105,117,110,121,129,122,305,237,319
INI0000VEMR,2022,259,328,411,387,394,422,363,427,410,438,399,416
INI0000VEMR,2023,366,426,389,317,314,285,310,104,210,319,324,334
INI0000VEMR,2024,386,385,368,296,339,320,293,341,392,408,437,420
INI0000VEMR,2025,528,466,496,372,438,398,513,501,421,434,439,489
INI0000VEMR,2026,444,390,0,0,0,0,0,0,0,0,0,0
INA00431301,1989,0,0,0,0,0,0,1,0,0,0,0,0
INA00433081,1976,0,0,0,0,0,0,0,2,0,0,0,0
INI0000VEJT,1943,0,0,0,208,401,393,588,581,570,588,720,744
INI0000VEJT,1944,741,684,742,719,743,709,744,743,718,744,720,742
INI0000VEJT,1945,744,671,744,716,740,718,744,744,713,231,0,0
INI0000VEJT,1974,0,0,0,0,0,0,6,0,0,0,0,0
INI0000VEJT,1980,0,0,1,0,0,1,0,0,0,0,0,0
INI0000VEJT,2016,0,0,0,0,0,0,0,2,0,0,0,0
INI0000VEJT,2017,1,0,0,0,0,0,0,0,0,0,0,0
INI0000VEJT,2018,6,0,8,6,2,1,0,5,0,0,0,0
INI0000VEJT,2021,0,0,0,13,0,0,0,0,0,4,1,0
INI0000VEJT,2022,0,0,0,0,0,0,0,1,18,51,56,40
INI0000VEJT,2023,49,9,24,25,80,83,39,72,55,64,34,124
INI0000VEJT,2024,509,611,475,88,80,141,51,78,62,43,46,41
INI0000VEJT,2025,14,16,7,1,0,0,1,0,0,0,0,0
INI0000VEPY,2018,0,0,42,0,0,32,0,0,155,308,309,329
INI0000VEPY,2019,265,324,329,431,434,402,402,403,408,400,329,364
INI0000VEPY,2020,370,346,266,123,345,354,346,329,342,345,356,362
INI0000VEPY,2021,346,316,347,357,360,346,365,363,347,376,362,385
INI0000VEPY,2022,392,349,380,341,386,358,335,377,354,354,179,173
INI0000VEPY,2023,185,221,289,330,336,277,256,231,279,460,380,194
INI0000VEPY,2024,189,159,181,259,314,336,295,353,391,419,485,483
INI0000VEPY,2025,497,491,499,370,476,485,445,365,355,421,461,433
INI0000VEPY,2026,439,352,0,0,0,0,0,0,0,0,0,0
INA00749234,1943,0,0,0,0,0,0,0,0,0,0,0,44
INA00749234,1944,100,80,100,100,100,100,100,100,87,94,99,60
INI0000VETZ,1944,58,55,58,53,51,57,55,57,59,59,59,61
INI0000VETZ,1945,61,55,62,56,58,54,55,58,59,62,57,61
INI0000VETZ,1946,61,51,59,58,62,59,35,41,57,48,46,62
INI0000VETZ,1947,62,54,60,60,60,60,60,62,57,62,54,61
INI0000VETZ,1948,60,54,59,57,44,56,59,61,58,58,59,62
INI0000VETZ,1954,62,56,62,58,61,59,60,59,59,60,58,60
INI0000VETZ,1955,61,52,58,58,59,57,57,57,57,60,59,61
INI0000VETZ,1956,60,57,58,56,58,59,60,58,56,61,55,59
INI0000VETZ,1957,54,41,63,53,46,44,87,89,88,91,86,93
INI0000VETZ,1958,93,83,89,87,89,86,91,90,88,89,89,91
INI0000VETZ,1959,60,59,64,51,42,33,44,50,49,42,47,56
INI0000VETZ,1960,44,43,45,43,33,23,21,31,32,38,32,35
INI0000VETZ,1961,45,35,44,41,48,46,51,46,55,49,49,47
INI0000VETZ,1962,54,46,48,52,52,44,52,53,52,51,39,56
INI0000VETZ,1963,56,53,58,53,59,57,55,58,51,56,56,58
INI0000VETZ,2004,0,0,0,0,0,0,0,0,0,1,0,0
INI0000VETZ,2010,0,0,0,0,0,0,1,0,0,0,0,0
INI0000VETZ,2016,0,0,0,0,0,0,0,3,0,0,0,3
INI0000VETZ,2017,0,1,0,0,0,0,0,0,0,0,0,0
INI0000VETZ,2021,0,0,0,0,0,0,0,0,0,4,0,0
INI0000VETZ,2022,0,0,0,0,0,0,0,1,47,67,64,63
INI0000VETZ,2023,93,31,70,83,129,79,81,91,88,79,31,142
INI0000VETZ,2024,542,524,309,93,89,152,45,113,47,59,66,58
INI0000VETZ,2025,19,18,2,1,0,0,1,0,0,0,0,0
INA00428081,1944,0,0,6,720,744,719,744,744,720,744,720,744
INA00428081,1945,744,672,744,720,744,720,744,744,718,504,720,744
INA00428081,1946,722,672,744,590,583,0,0,0,0,0,0,0
INA00428081,1974,0,0,0,0,0,0,0,2,1,0,0,0
INI0000VELR,1943,0,0,0,0,0,0,0,0,0,0,0,104
INI0000VELR,1944,404,381,407,390,0,0,0,0,0,0,0,0
INI0000VELR,1973,34,20,31,18,16,15,28,21,14,25,30,30
INI0000VELR,1974,31,34,31,9,9,34,16,11,33,41,22,67
INI0000VELR,1975,32,17,26,44,45,52,3,6,5,6,20,17
INI0000VELR,1976,17,26,50,37,28,28,28,19,17,14,37,47
INI0000VELR,1977,33,30,54,49,49,36,49,39,46,47,56,53
INI0000VELR,1978,56,33,37,38,40,37,62,47,37,48,55,90
INI0000VELR,1979,105,87,86,82,95,105,82,106,106,112,99,83
INI0000VELR,1980,105,106,125,93,108,96,71,114,79,108,77,64
INI0000VELR,1981,69,47,91,127,72,69,65,69,59,79,82,67
INI0000VELR,1982,63,66,65,70,63,65,75,72,73,69,78,55
INI0000VELR,1983,64,52,83,70,71,38,51,75,70,77,78,74
INI0000VELR,1984,82,60,62,57,41,19,60,58,61,62,34,25
INI0000VELR,1985,28,24,26,18,34,18,35,41,27,50,35,15
INI0000VELR,1986,37,30,34,33,30,29,24,7,5,10,8,58
INI0000VELR,1987,94,98,124,124,150,134,140,157,139,155,132,136
INI0000VELR,1988,102,120,108,131,123,106,102,102,99,99,100,137
INI0000VELR,1989,112,29,20,28,25,44,75,56,66,114,59,33
INI0000VELR,1990,21,113,132,104,102,131,148,151,151,187,146,169
INI0000VELR,1991,175,159,168,132,149,163,172,177,175,185,195,187
INI0000VELR,1992,192,185,191,169,154,164,192,193,198,193,177,180
INI0000VELR,1993,160,167,190,173,178,69,1,2,79,152,162,161
INI0000VELR,1994,143,144,147,133,144,147,179,155,154,180,163,166
INI0000VELR,1995,146,135,153,132,140,122,151,167,166,185,164,163
INI0000VELR,1996,166,163,161,141,159,144,161,147,93,145,111,129
INI0000VELR,1997,114,112,91,73,62,80,68,0,23,118,61,1
INI0000VELR,1998,0,2,8,110,73,45,10,78,110,122,133,133
INI0000VELR,1999,119,106,116,86,69,77,93,105,115,140,139,135
INI0000VELR,2000,124,120,131,132,118,105,116,129,128,32,108,162
INI0000VELR,2001,162,148,156,141,160,147,162,157,152,142,151,155
INI0000VELR,2002,162,137,159,140,132,138,153,166,157,114,2,0
INI0000VELR,2003,1,0,0,1,2,2,0,0,0,0,0,0
INI0000VELR,2004,0,0,0,0,0,0,1,0,0,0,0,0
INI0000VELR,2005,0,1,0,10,44,17,101,117,119,198,170,193
INI0000VELR,2006,188,186,202,202,146,115,135,203,198,213,201,198
INI0000VELR,2007,191,188,197,191,169,170,192,172,183,202,186,191
INI0000VELR,2008,193,176,191,187,207,200,199,205,201,211,203,205
INI0000VELR,2009,203,192,207,202,217,189,212,208,204,215,201,213
INI0000VELR,2010,214,187,212,201,208,204,207,212,204,213,198,206
INI0000VELR,2011,210,191,211,199,223,166,202,210,200,214,204,211
INI0000VELR,2012,211,197,214,202,210,206,210,214,208,214,203,210
INI0000VELR,2013,215,192,205,214,229,204,216,211,212,217,206,229
INI0000VELR,2014,243,224,246,240,246,238,244,248,238,247,237,246
INI0000VELR,2015,247,222,224,208,212,209,214,215,207,215,210,215
INI0000VELR,2016,216,261,329,317,346,278,266,269,228,336,375,449
INI0000VELR,2017,393,360,499,484,536,443,424,521,478,499,487,491
INI0000VELR,2018,461,375,311,314,284,269,371,350,348,363,355,357
INI0000VELR,2019,414,444,456,444,490,465,465,491,485,526,464,542
INI0000VELR,2020,550,513,497,400,398,450,488,436,461,490,490,536
INI0000VELR,2021,517,460,529,489,489,430,448,476,482,498,550,595
INI0000VELR,2022,586,526,574,525,537,506,534,560,538,562,603,606
INI0000VELR,2023,614,531,579,590,615,569,599,595,573,590,575,567
INI0000VELR,2024,620,583,623,570,608,583,564,613,602,647,621,617
INI0000VELR,2025,614,493,500,417,495,488,525,491,451,532,519,529
INI0000VELR,2026,531,447,0,0,0,0,0,0,0,0,0,0
INA00433951,1974,0,0,0,0,0,0,2,88,104,107,59,85
INA00433951,1975,132,107,124,118,115,115,111,138,119,106,129,112
INA00433951,1976,89,86,118,94,136,121,127,129,127,150,123,133
INA00433951,1977,126,148,180,173,138,91,141,134,165,85,87,179
INA00433951,1978,194,182,110,151,142,155,145,135,185,174,183,180
INA00433951,1979,127,109,117,122,121,120,116,113,129,152,117,140
INA00433951,1980,90,90,118,118,102,131,130,162,187,158,162,142
INA00433951,1981,1,0,0,0,1,1,1,1,0,2,0,1
INI0000VICG,2006,0,0,0,0,0,0,0,2,8,5,4,4
INI0000VICG,2007,2,3,7,6,2,0,3,0,0,0,0,0
INI0000VICG,2008,1,6,4,0,0,0,0,0,0,0,0,0
INI0000VICG,2009,0,0,0,0,0,0,3,0,0,0,0,0
INI0000VICG,2010,1,0,0,0,0,0,0,0,0,0,0,0
INI0000VICG,2011,0,0,0,0,0,0,0,0,0,4,0,0
INI0000VICG,2015,0,0,0,0,0,0,0,0,0,0,0,245
INI0000VICG,2016,257,148,207,121,135,122,241,113,232,127,186,192
INI0000VICG,2017,335,428,422,392,242,352,316,271,451,241,0,0
INI0000VICG,2018,0,0,4,5,4,7,5,1,0,176,515,312
INI0000VICG,2019,105,375,266,252,573,541,536,522,424,639,78,0
INI0000VICG,2020,0,0,0,0,5,12,344,508,570,449,28,0
INI0000VICG,2021,0,187,182,120,5,0,0,0,0,5,1,0
INI0000VICG,2022,0,0,0,0,0,9,0,1,14,47,50,33
INI0000VICG,2023,61,6,19,20,83,70,30,66,58,52,24,110
INI0000VICG,2024,586,571,372,80,73,123,40,55,30,24,38,19
INI0000VICG,2025,7,4,2,0,0,0,1,0,0,0,5,0
INA00749239,1943,0,0,0,0,0,0,0,0,0,0,6,743
INA00749239,1944,744,431,743,426,0,0,0,0,0,0,0,0
INA00749235,1942,0,0,0,0,0,0,0,0,0,0,330,332
INA00749235,1943,341,555,743,718,744,672,377,744,720,744,720,744
INA00749235,1944,743,696,744,696,743,720,744,744,720,744,720,744
INA00749235,1945,744,672,744,687,0,0,0,0,0,0,0,0
INI0000VIBT,2017,0,0,1,0,0,0,0,0,0,0,0,0
INI0000VIBT,2022,0,0,0,0,0,0,0,1,0,0,0,0
INI0000VIBT,2023,1,0,0,0,1,0,0,0,0,0,0,0
INI0000VIBT,2025,0,0,0,0,0,0,1,0,0,0,0,0
INA00749241,1944,694,694,744,718,742,720,744,742,657,743,720,743
INA00749241,1945,743,671,743,720,744,720,744,743,66,0,0,0
INA00749242,1944,0,6,744,312,740,719,744,744,720,744,720,744
INA00749242,1945,740,671,744,720,682,719,744,744,497,0,0,0
INI0000VIBR,2004,0,0,0,0,0,0,16,12,8,34,31,21
INI0000VIBR,2005,19,21,22,30,27,17,7,6,10,16,20,14
INI0000VIBR,2006,5,8,3,10,9,15,6,10,8,4,8,11
INI0000VIBR,2007,16,25,13,11,5,5,0,0,0,0,3,3
INI0000VIBR,2008,0,1,2,3,1,1,0,1,1,2,0,1
INI0000VIBR,2009,0,0,1,0,0,0,0,0,0,0,0,0
INI0000VIBR,2011,0,0,0,0,0,0,0,0,0,3,0,0
INI0000VIBR,2015,0,0,0,0,0,0,0,0,0,0,0,133
INI0000VIBR,2016,261,267,298,273,271,292,281,297,285,305,266,272
INI0000VIBR,2017,288,288,315,274,262,272,290,279,227,201,0,0
INI0000VIBR,2018,0,0,3,14,5,0,0,0,0,127,302,189
INI0000VIBR,2019,49,226,292,274,329,266,221,231,178,284,55,0
INI0000VIBR,2020,0,0,3,0,0,7,38,91,163,213,64,55
INI0000VIBR,2021,78,140,221,95,82,78,68,58,44,33,23,7
INI0000VIBR,2022,0,216,41,23,132,215,23,255,283,284,275,311
INI0000VIBR,2023,291,254,266,283,271,281,404,299,280,316,255,269
INI0000VIBR,2024,248,280,352,332,411,333,289,367,348,384,380,344
INI0000VIBR,2025,380,317,325,132,1,7,224,80,0,164,343,352
INI0000VIBR,2026,355,307,0,0,0,0,0,0,0,0,0,0
INA00749243,1945,557,672,744,719,744,719,742,744,714,0,0,0
INI0000VICX,1944,57,58,59,57,58,60,62,61,60,60,59,61
INI0000VICX,1945,62,56,60,57,57,57,57,58,60,62,56,61
INI0000VICX,1946,60,51,61,60,62,50,51,56,56,46,45,60
INI0000VICX,1947,59,55,60,60,61,59,60,56,53,60,57,61
INI0000VICX,1948,58,54,58,58,56,54,59,58,57,61,56,58
INI0000VICX,1973,103,129,148,106,89,129,99,116,89,88,92,91
INI0000VICX,1974,90,89,107,118,94,105,95,92,89,90,111,65
INI0000VICX,1975,83,89,113,96,120,103,110,104,66,68,84,69
INI0000VICX,1976,67,48,80,69,105,86,73,59,67,71,70,76
INI0000VICX,1977,66,69,83,65,95,103,80,106,91,83,85,86
INI0000VICX,1978,88,71,91,66,93,64,68,87,80,1,3,2
INI0000VICX,1979,4,4,1,4,5,6,11,2,3,1,2,2
INI0000VICX,1980,3,2,4,2,3,1,4,1,0,5,2,3
INI0000VICX,1981,5,5,5,1,4,0,2,3,2,1,3,4
INI0000VICX,1982,2,3,7,3,3,5,4,4,5,2,5,11
INI0000VICX,1983,3,15,33,37,31,43,13,6,4,27,45,30
INI0000VICX,1984,33,30,36,64,33,45,22,57,35,59,65,38
INI0000VICX,1985,45,60,56,45,50,32,37,41,35,52,37,14
INI0000VICX,1986,34,38,50,47,20,18,36,31,28,31,34,37
INI0000VICX,1987,37,41,52,25,46,16,30,9,22,5,16,20
INI0000VICX,1988,33,45,17,7,7,10,41,31,13,16,18,12
INI0000VICX,1989,18,30,17,27,19,8,23,14,11,22,23,21
INI0000VICX,1990,18,16,16,3,9,9,13,13,3,8,6,5
INI0000VICX,1991,6,5,3,4,2,2,1,6,7,2,2,3
INI0000VICX,1992,2,1,1,5,7,3,1,4,3,1,1,4
INI0000VICX,1993,5,2,4,1,1,4,2,9,1,2,2,4
INI0000VICX,1994,3,4,8,1,1,6,2,4,5,1,1,2
INI0000VICX,1995,5,2,1,3,3,2,1,3,2,1,1,1
INI0000VICX,1996,3,2,2,3,0,6,2,1,1,1,2,0
INI0000VICX,1997,0,0,1,1,1,0,0,1,2,5,1,1
INI0000VICX,1998,0,1,1,0,0,0,0,1,1,1,1,1
INI0000VICX,1999,0,0,0,0,1,0,0,0,1,0,0,0
INI0000VICX,2001,0,0,0,0,2,0,0,0,0,0,1,0
INI0000VICX,2002,0,0,0,1,0,0,1,3,1,0,0,0
INI0000VICX,2003,1,0,0,0,0,1,0,0,0,0,0,0
INI0000VICX,2004,0,0,0,0,0,0,1,0,0,0,0,1
INI0000VICX,2005,2,2,11,0,3,0,2,0,0,0,0,0
INI0000VICX,2007,0,0,0,0,0,0,0,1,0,0,0,0
INI0000VICX,2008,0,0,0,0,0,1,0,0,0,1,0,0
INI0000VICX,2009,0,0,0,0,0,0,0,0,1,0,0,0
INI0000VICX,2010,0,1,0,0,0,5,30,24,26,24,24,25
INI0000VICX,2011,28,26,21,24,31,23,24,28,25,19,24,27
INI0000VICX,2012,27,28,26,28,28,24,30,30,28,30,30,31
INI0000VICX,2013,31,26,28,26,25,26,27,28,27,30,27,30
INI0000VICX,2014,31,26,30,27,30,26,25,27,29,28,29,29
INI0000VICX,2015,29,25,30,26,27,28,28,31,27,29,26,49
INI0000VICX,2016,53,55,58,59,51,52,51,56,56,57,57,49
INI0000VICX,2017,50,51,55,57,57,52,57,54,56,58,57,60
INI0000VICX,2018,59,53,61,52,59,58,60,59,56,59,58,60
INI0000VICX,2019,61,55,59,59,61,58,60,61,51,62,59,60
INI0000VICX,2020,59,56,55,58,60,59,58,56,52,62,57,62
INI0000VICX,2021,58,52,59,58,59,59,61,60,57,61,60,61
INI0000VICX,2022,59,54,62,31,9,9,20,7,26,51,58,57
INI0000VICX,2023,57,55,56,57,58,54,59,56,56,55,56,55
INI0000VICX,2024,56,57,60,44,60,53,50,50,51,50,52,48
INI0000VICX,2025,50,48,49,44,50,47,47,49,50,57,51,54
INI0000VICX,2026,50,47,0,0,0,0,0,0,0,0,0,0
INA00749247,1943,0,0,0,0,0,0,0,0,0,0,0,6
INA00749247,1944,742,440,0,0,0,0,0,0,0,0,0,0
INI0000VEBN,1973,93,91,92,65,64,49,39,32,48,65,59,49
INI0000VEBN,1974,67,61,67,59,34,40,56,46,64,53,66,65
INI0000VEBN,1975,74,62,82,69,69,68,76,35,8,17,54,43
INI0000VEBN,1976,42,40,54,49,66,65,41,30,32,62,45,59
INI0000VEBN,1977,53,62,69,47,77,47,62,68,57,69,72,63
INI0000VEBN,1978,69,69,68,77,76,70,77,73,74,3,2,1
INI0000VEBN,1979,4,3,3,2,4,2,8,4,3,1,0,2
INI0000VEBN,1980,0,5,1,1,2,3,3,5,1,3,3,1
INI0000VEBN,1981,1,0,1,0,2,3,2,4,0,0,1,2
INI0000VEBN,1982,0,0,0,1,0,0,0,0,0,0,0,0
INI0000VEBN,1983,0,13,11,27,23,22,8,2,4,20,16,19
INI0000VEBN,1984,22,30,49,44,31,24,39,34,48,54,31,22
INI0000VEBN,1985,44,39,33,37,28,33,34,41,35,26,26,28
INI0000VEBN,1986,29,28,34,36,22,11,26,10,12,7,9,20
INI0000VEBN,1987,32,35,35,19,15,10,15,4,8,3,6,17
INI0000VEBN,1988,36,25,10,4,3,7,21,22,16,6,11,9
INI0000VEBN,1989,1,10,7,12,9,5,5,2,1,10,14,13
INI0000VEBN,1990,20,13,10,5,10,5,5,8,2,5,8,4
INI0000VEBN,1991,12,7,3,7,5,0,4,4,2,1,0,2
INI0000VEBN,1992,3,3,0,1,13,0,3,0,1,1,5,3
INI0000VEBN,1993,5,2,2,3,4,5,3,5,9,10,7,13
INI0000VEBN,1994,10,12,14,13,11,5,0,0,10,4,7,6
INI0000VEBN,1995,6,7,35,48,53,39,40,49,24,2,1,4
INI0000VEBN,1996,3,4,5,382,354,262,317,243,235,315,353,331
INI0000VEBN,1997,344,273,287,310,269,237,345,278,310,386,399,351
INI0000VEBN,1998,380,386,467,474,444,434,431,354,371,469,433,464
INI0000VEBN,1999,348,394,453,439,448,386,467,419,415,401,480,477
INI0000VEBN,2000,505,431,426,471,471,370,522,491,450,526,482,533
INI0000VEBN,2001,509,583,523,534,612,587,585,545,525,527,505,534
INI0000VEBN,2002,527,501,533,455,439,390,375,350,404,425,377,245
INI0000VEBN,2003,215,341,433,388,479,493,461,523,484,524,487,452
INI0000VEBN,2004,451,456,531,480,508,485,579,571,469,470,371,399
INI0000VEBN,2005,489,358,406,476,393,437,333,356,534,515,437,458
INI0000VEBN,2006,469,405,451,496,511,497,440,519,477,548,498,482
INI0000VEBN,2007,468,477,504,549,556,529,593,544,487,544,449,564
INI0000VEBN,2008,526,500,552,513,546,476,482,422,518,538,506,489
INI0000VEBN,2009,488,426,527,513,480,451,575,650,609,596,570,585
INI0000VEBN,2010,587,523,578,571,494,494,498,551,539,451,515,606
INI0000VEBN,2011,579,499,571,601,613,544,619,595,516,528,483,569
INI0000VEBN,2012,552,562,574,592,561,491,554,600,596,617,565,619
INI0000VEBN,2013,622,529,589,568,601,559,583,567,579,559,517,534
INI0000VEBN,2014,563,552,616,642,648,640,613,624,611,643,606,641
INI0000VEBN,2015,677,569,472,610,657,642,674,484,116,123,116,132
INI0000VEBN,2016,156,142,1030,1104,1151,1102,1119,1112,1073,1128,1060,1087
INI0000VEBN,2017,1087,1003,1100,995,1046,1120,1192,1184,1176,1224,1164,1185
INI0000VEBN,2018,1194,1085,1204,1148,1194,1153,1152,1150,1078,1175,1169,1132
INI0000VEBN,2019,1158,1097,1166,1147,1168,1177,1208,1198,1160,1242,1141,1119
INI0000VEBN,2020,1185,1150,1097,633,705,895,920,984,1036,1118,1091,1106
INI0000VEBN,2021,1067,906,1098,1105,1111,1069,1112,1094,1085,1142,1121,1161
INI0000VEBN,2022,1091,1015,1158,1135,1208,1175,1168,1227,1212,1231,1188,1219
INI0000VEBN,2023,1227,1132,1248,1307,1331,1286,1356,1344,1290,1345,1311,1289
INI0000VEBN,2024,1295,1274,1456,1383,1411,1308,1233,1318,1333,1409,1373,1378
INI0000VEBN,2025,1404,1272,1416,1207,828,930,1030,767,650,615,689,634
INI0000VEBN,2026,916,523,0,0,0,0,0,0,0,0,0,0
INA00749251,1943,0,0,0,0,0,0,0,0,0,0,0,1
INA00749251,1944,373,687,371,359,0,0,0,0,0,0,0,0
INI0000VIHR,1944,116,116,118,118,116,120,124,124,120,120,118,122
INI0000VIHR,1945,120,110,120,114,114,110,116,114,120,122,114,112
INI0000VIHR,1946,124,100,118,92,84,92,92,90,90,74,66,88
INI0000VIHR,1947,122,110,108,112,120,98,106,90,40,88,98,116
INI0000VIHR,1948,110,108,108,108,112,114,118,114,120,118,116,116
INI0000VIHR,1954,62,56,62,60,60,57,60,59,59,61,57,60
INI0000VIHR,1955,62,55,60,58,61,60,59,57,59,62,58,61
INI0000VIHR,1956,61,58,61,59,59,60,61,61,60,60,57,61
INI0000VIHR,1957,84,71,83,78,80,73,141,146,147,151,146,147
INI0000VIHR,1958,147,133,151,144,149,142,141,144,144,148,134,137
INI0000VIHR,1959,65,68,80,80,74,74,74,69,73,68,69,59
INI0000VIHR,1960,66,71,74,75,77,50,33,30,27,31,28,30
INI0000VIHR,1961,101,98,144,127,142,132,144,145,131,146,134,137
INI0000VIHR,1962,144,137,143,140,152,143,148,143,137,148,146,151
INI0000VIHR,1963,60,54,61,58,60,57,59,55,57,60,56,60
INI0000VIHR,1973,158,141,161,152,142,140,136,141,136,147,130,123
INI0000VIHR,1974,136,134,148,134,120,112,137,126,130,131,103,116
INI0000VIHR,1975,141,122,140,117,113,125,146,147,150,138,151,133
INI0000VIHR,1976,134,123,136,140,135,124,112,154,132,139,112,126
INI0000VIHR,1977,137,147,167,157,159,146,165,183,160,168,153,164
INI0000VIHR,1978,148,157,190,181,174,173,173,181,173,150,143,138
INI0000VIHR,1979,141,136,158,196,200,184,201,190,194,198,173,187
INI0000VIHR,1980,193,176,183,178,191,186,186,203,184,175,165,175
INI0000VIHR,1981,170,143,176,182,176,188,190,194,150,177,171,195
INI0000VIHR,1982,177,184,219,211,198,173,190,188,201,199,211,202
INI0000VIHR,1983,196,186,213,193,187,175,174,180,183,176,156,165
INI0000VIHR,1984,178,166,181,171,176,172,193,186,169,175,155,170
INI0000VIHR,1985,162,164,179,175,171,167,173,177,184,174,176,181
INI0000VIHR,1986,167,165,183,178,197,176,184,185,176,194,163,173
INI0000VIHR,1987,183,162,194,159,182,179,177,187,178,194,178,178
INI0000VIHR,1988,161,161,173,168,181,182,184,180,168,109,123,137
INI0000VIHR,1989,162,147,160,182,181,170,163,180,175,197,184,194
INI0000VIHR,1990,200,163,221,179,184,176,207,208,178,204,173,192
INI0000VIHR,1991,221,199,203,207,212,204,221,207,213,214,223,225
INI0000VIHR,1992,223,198,223,220,183,184,203,197,165,230,212,238
INI0000VIHR,1993,210,192,230,215,208,217,193,198,209,230,207,206
INI0000VIHR,1994,227,204,261,234,222,214,231,229,222,226,212,232
INI0000VIHR,1995,225,205,218,230,228,185,213,218,205,216,212,234
INI0000VIHR,1996,231,196,233,219,218,204,208,220,208,222,208,237
INI0000VIHR,1997,218,204,204,201,217,185,218,218,214,219,222,221
INI0000VIHR,1998,193,195,223,222,225,208,203,200,212,214,219,228
INI0000VIHR,1999,187,210,227,205,225,219,222,196,226,220,214,192
INI0000VIHR,2000,207,223,232,222,244,219,233,237,235,231,215,207
INI0000VIHR,2001,228,212,213,220,236,223,226,231,207,220,213,227
INI0000VIHR,2002,234,214,231,226,237,208,233,237,220,233,225,238
INI0000VIHR,2003,229,209,236,227,229,206,231,234,216,232,225,222
INI0000VIHR,2004,238,225,239,229,238,232,235,242,229,234,222,241
INI0000VIHR,2005,238,222,241,237,234,232,239,234,233,232,231,239
INI0000VIHR,2006,230,217,243,236,245,232,241,240,224,245,238,234
INI0000VIHR,2007,235,215,232,235,229,229,233,222,231,233,231,239
INI0000VIHR,2008,239,219,236,227,233,223,235,242,229,243,232,238
INI0000VIHR,2009,239,218,243,226,233,204,244,236,213,244,237,243
INI0000VIHR,2010,244,221,244,238,242,236,233,238,236,240,235,243
INI0000VIHR,2011,242,218,241,237,238,197,234,223,217,241,220,217
INI0000VIHR,2012,211,215,239,234,229,197,219,230,212,233,222,238
INI0000VIHR,2013,229,212,246,228,240,235,242,240,232,238,236,247
INI0000VIHR,2014,246,218,242,223,246,238,232,238,228,237,234,245
INI0000VIHR,2015,246,218,242,237,241,233,237,240,237,248,236,242
INI0000VIHR,2016,241,203,239,235,246,235,240,236,232,245,236,247
INI0000VIHR,2017,244,223,239,235,246,232,241,234,231,238,229,231
INI0000VIHR,2018,236,211,233,220,226,219,223,222,211,225,221,228
INI0000VIHR,2019,225,206,225,230,241,214,237,243,226,243,229,237
INI0000VIHR,2020,214,220,244,231,243,235,244,242,234,246,238,244
INI0000VIHR,2021,244,214,246,237,243,238,247,247,237,244,239,247
INI0000VIHR,2022,242,220,240,235,238,231,240,233,234,237,236,236
INI0000VIHR,2023,234,219,243,232,237,226,240,237,225,241,228,229
INI0000VIHR,2024,246,225,240,209,240,236,235,242,226,244,230,235
INI0000VIHR,2025,244,212,243,222,239,227,241,220,210,234,231,226
INI0000VIHR,2026,233,201,0,0,0,0,0,0,0,0,0,0
INM00042080,1959,0,0,0,0,0,21,24,26,23,26,27,24
INM00042080,1960,27,28,26,24,26,24,18,26,25,27,26,29
INM00042080,1961,25,15,26,24,29,27,24,27,25,27,27,21
INM00042080,1962,26,24,26,27,28,26,28,28,26,26,28,29
INM00042080,1963,62,55,57,55,55,54,50,52,56,57,52,44
INM00042080,1973,54,46,46,43,33,38,38,43,41,46,43,36
INM00042080,1974,44,42,47,43,41,33,43,46,46,38,34,42
INM00042080,1975,46,31,39,8,31,32,37,38,43,40,44,40
INM00042080,1976,47,34,35,36,29,37,32,37,25,11,22,31
INM00042080,1977,26,51,48,26,44,43,46,52,48,45,53,52
INM00042080,1978,46,46,53,21,1,33,48,42,42,52,42,56
INM00042080,1979,43,42,44,55,62,18,3,35,39,36,37,37
INM00042080,1980,45,39,40,51,57,56,53,52,51,53,53,55
INM00042080,1981,54,54,55,58,50,48,60,55,55,61,61,58
INM00042080,1982,55,47,48,53,57,50,59,51,52,59,56,58
INM00042080,1983,59,54,57,50,52,55,55,61,57,60,55,62
INM00042080,1984,54,36,49,36,1,39,60,51,55,60,54,58
INM00042080,1985,32,36,55,59,1,0,1,2,21,58,59,52
INM00042080,1986,59,46,52,55,39,50,56,45,3,41,51,52
INM00042080,1987,41,40,52,50,32,47,48,47,36,38,53,49
INM00042080,1988,48,42,40,52,42,48,44,49,37,21,36,30
INM00042080,1989,21,15,20,32,33,41,29,25,21,34,39,34
INM00042080,1990,45,36,39,28,21,23,29,19,20,19,18,31
INM00042080,1991,23,19,28,32,21,20,22,28,28,20,25,37
INM00042080,1992,33,17,24,22,25,24,29,16,0,1,2,0
INM00042080,1993,2,0,2,1,0,0,1,0,1,2,2,1
INM00042080,1994,1,0,1,1,2,0,0,0,0,1,1,1
INM00042080,1995,1,1,1,1,2,0,0,0,0,0,0,0
INM00042080,1996,1,0,1,0,0,0,0,0,0,0,2,0
INM00042080,1997,0,0,0,1,0,0,2,0,0,0,0,1
INM00042080,1998,0,0,0,0,0,0,0,0,1,0,0,0
INM00042080,1999,0,0,0,0,0,0,1,0,0,0,0,0
INM00042080,2002,0,0,0,0,0,0,0,0,0,0,0,1
INM00042080,2003,0,2,0,0,1,0,0,0,0,0,0,0
INM00042080,2006,0,0,0,0,0,0,0,0,2,0,0,0
INM00042080,2008,1,0,0,0,0,0,0,0,0,0,0,0
INM00042080,2015,0,0,0,0,0,0,0,0,0,0,0,1
INA00749252,1944,6,696,744,186,0,0,0,0,156,378,720,741
INA00749252,1945,377,0,486,720,737,0,0,0,0,0,0,0
INA00749244,1943,0,0,1,322,402,397,376,344,392,438,718,743
INA00749244,1944,742,693,742,719,742,720,744,744,717,744,720,743
INA00749244,1945,744,672,743,715,743,717,743,744,717,337,0,0
INA00749246,1943,0,0,0,0,0,0,0,0,0,0,6,743
INA00749246,1944,743,695,743,720,744,718,744,744,719,744,720,744
INA00749246,1945,744,672,744,713,743,720,744,742,720,403,0,0
INM00042237,1944,78,78,78,74,76,78,92,72,118,118,118,122
INM00042237,1945,124,108,122,116,122,114,114,116,74,120,116,118
INM00042237,1946,120,102,122,116,114,100,84,74,88,86,86,116
INM00042237,1947,100,100,104,78,112,116,112,116,102,116,114,116
INM00042237,1948,120,108,120,120,108,108,120,122,118,118,118,120
INM00042237,1973,46,43,41,37,34,33,27,31,30,35,37,27
INM00042237,1974,40,42,44,45,20,31,43,32,38,37,36,35
INM00042237,1975,37,30,43,30,27,33,44,38,33,31,36,31
INM00042237,1976,25,22,32,33,41,42,39,41,24,20,16,32
INM00042237,1977,36,36,41,34,39,39,44,41,39,47,46,40
INM00042237,1978,51,48,48,39,43,45,47,44,46,0,1,0
INM00042237,1979,1,2,1,1,0,1,2,0,0,0,2,0
INM00042237,1980,1,0,0,0,0,0,0,0,0,0,0,0
INM00042237,1983,0,0,0,0,7,9,1,2,6,16,15,20
INM00042237,1984,16,27,27,34,19,25,34,31,24,34,25,17
INM00042237,1985,28,26,22,25,20,24,32,33,18,28,25,19
INM00042237,1986,26,24,14,20,11,6,16,10,7,16,11,20
INM00042237,1987,16,16,14,10,16,10,5,5,11,1,4,13
INM00042237,1988,16,17,5,2,1,4,13,7,7,1,4,6
INM00042237,1989,0,5,3,9,1,0,5,1,4,2,4,6
INM00042237,1990,3,1,3,0,0,0,0,0,0,0,0,0
INM00042237,2009,0,1,0,0,0,0,0,0,0,0,0,0
INM00042237,2015,0,0,0,0,0,0,0,0,0,0,0,16
INM00042237,2016,29,23,28,21,31,22,28,24,24,24,26,20
INM00042237,2017,28,29,30,29,31,21,37,35,32,44,42,53
INM00042237,2018,53,53,76,52,59,47,45,55,46,54,49,57
INM00042237,2019,61,40,47,52,54,56,56,53,50,55,54,53
INM00042237,2020,56,50,52,58,62,58,57,55,50,55,49,59
INM00042237,2021,56,49,55,55,54,50,58,55,50,56,54,52
INM00042237,2022,54,51,50,50,47,46,47,50,45,49,50,52
INM00042237,2023,53,48,55,39,34,33,31,33,34,35,37,36
INM00042237,2024,39,33,29,29,38,27,35,35,33,45,48,38
INM00042237,2025,39,34,46,40,39,43,33,33,35,37,37,43
INM00042237,2026,49,44,0,0,0,0,0,0,0,0,0,0
INI0000VIGG,2015,0,0,0,0,0,0,0,0,0,0,0,207
INI0000VIGG,2016,300,228,292,297,347,337,325,273,324,302,284,294
INI0000VIGG,2017,259,234,290,356,357,361,362,347,345,253,0,0
INI0000VIGG,2018,0,0,4,14,5,0,0,0,0,143,255,191
INI0000VIGG,2019,41,252,274,365,390,371,338,344,262,335,49,0
INI0000VIGG,2020,0,0,3,0,0,86,93,99,179,250,114,84
INI0000VIGG,2021,99,240,312,114,79,73,76,47,54,51,23,14
INI0000VIGG,2022,0,226,65,47,218,350,47,297,404,429,429,422
INI0000VIGG,2023,415,384,436,463,485,431,472,482,492,512,429,403
INI0000VIGG,2024,455,423,481,445,508,457,445,507,477,522,495,493
INI0000VIGG,2025,519,439,491,214,1,8,407,127,1,236,511,530
INI0000VIGG,2026,488,434,0,0,0,0,0,0,0,0,0,0
INI0000VABI,2011,0,0,0,0,0,0,1,0,0,0,0,0
INI0000VABI,2015,0,0,0,0,0,0,0,0,0,0,0,96
INI0000VABI,2016,122,114,121,119,119,118,121,123,117,123,119,123
INI0000VABI,2017,121,112,123,121,123,117,122,122,116,118,114,123
INI0000VABI,2018,122,112,124,119,124,120,121,124,109,120,118,122
INI0000VABI,2019,124,112,120,119,122,120,122,123,118,124,118,124
INI0000VABI,2020,123,116,118,120,124,120,125,124,118,123,119,125
INI0000VABI,2021,124,101,122,120,123,119,124,123,119,123,120,124
INI0000VABI,2022,123,112,124,120,123,118,124,124,119,123,120,124
INI0000VABI,2023,124,111,122,120,124,118,122,124,117,123,119,115
INI0000VABI,2024,122,116,124,108,123,120,122,123,118,124,121,241
INI0000VABI,2025,245,219,244,239,247,235,238,229,221,244,239,247
INI0000VABI,2026,243,205,0,0,0,0,0,0,0,0,0,0
INI0000VASU,1944,57,58,60,58,57,60,62,62,60,59,58,62
INI0000VASU,1945,62,55,61,59,60,56,57,58,59,59,56,55
INI0000VASU,1946,61,51,61,59,62,59,56,62,59,47,43,60
INI0000VASU,1947,48,36,57,60,60,59,60,61,57,62,59,41
INI0000VASU,1948,51,58,61,60,57,60,60,60,57,58,57,61
INI0000VASU,1954,61,55,62,59,62,59,62,60,60,62,60,61
INI0000VASU,1955,61,54,60,59,60,59,60,58,60,62,60,62
INI0000VASU,1956,62,58,62,59,60,58,62,62,60,62,60,58
INI0000VASU,1957,84,71,78,75,73,66,146,145,141,148,143,141
INI0000VASU,1958,149,133,150,143,148,145,147,149,145,148,128,140
INI0000VASU,1959,67,67,80,71,67,64,73,66,63,50,58,56
INI0000VASU,1960,62,63,66,61,64,52,30,31,30,30,30,31
INI0000VASU,1961,92,81,133,121,123,122,129,135,130,141,111,133
INI0000VASU,1962,141,133,129,127,134,141,141,145,140,138,136,143
INI0000VASU,1963,62,56,62,59,61,60,58,58,59,61,60,60
INI0000VASU,2014,0,0,0,0,0,0,0,1,0,0,0,0
INI0000VASU,2016,4,1,76,29,41,27,23,0,0,19,44,0
INI0000VASU,2017,0,0,84,80,166,253,60,147,145,429,595,947
INI0000VASU,2018,813,760,931,880,937,831,745,892,852,918,843,905
INI0000VASU,2019,895,846,976,1214,1367,1242,1405,1333,1256,1278,1106,1227
INI0000VASU,2020,1234,1144,909,363,478,764,473,697,789,770,832,993
INI0000VASU,2021,941,811,1007,919,922,882,961,973,957,1005,1069,1018
INI0000VASU,2022,1042,938,1088,1030,1074,1039,889,1037,965,980,963,840
INI0000VASU,2023,935,873,978,743,811,865,939,960,914,1028,1015,960
INI0000VASU,2024,1122,1025,1148,997,1072,1022,961,1083,1024,1049,1051,1028
INI0000VASU,2025,1126,963,1029,624,1148,1171,1265,1128,983,1109,1255,1319
INI0000VASU,2026,1449,1180,0,0,0,0,0,0,0,0,0,0
INI0000VARK,1944,116,116,120,118,116,118,124,124,120,118,116,124
INI0000VARK,1945,124,110,122,120,124,114,116,116,118,120,116,122
INI0000VARK,1946,124,102,122,120,124,116,98,122,114,96,90,122
INI0000VARK,1947,120,98,124,118,124,120,110,122,114,104,120,112
INI0000VARK,1948,120,114,122,120,114,120,124,122,118,120,118,122
INI0000VARK,1954,62,55,62,58,62,60,62,60,60,61,59,61
INI0000VARK,1955,62,53,61,57,59,60,60,58,60,60,60,62
INI0000VARK,1956,61,57,62,57,57,51,62,60,60,62,59,60
INI0000VARK,1957,58,50,55,50,56,49,43,37,48,47,46,42
INI0000VARK,1958,56,50,53,56,52,50,54,51,54,50,39,40
INI0000VARK,1959,47,43,55,58,46,53,56,56,51,51,46,45
INI0000VARK,1960,50,50,52,50,52,43,31,29,30,30,30,31
INI0000VARK,1961,29,26,31,25,29,29,29,30,30,30,29,24
INI0000VARK,1962,43,47,45,49,50,47,42,40,43,49,44,48
INI0000VARK,1963,59,56,60,60,61,59,58,60,60,59,60,61
INI0000VARK,1973,107,93,114,101,112,99,143,141,138,150,130,148
INI0000VARK,1974,153,142,174,168,166,156,171,158,142,145,141,132
INI0000VARK,1975,136,136,159,134,141,141,148,158,125,110,118,129
INI0000VARK,1976,123,132,153,120,144,133,145,168,154,155,160,174
INI0000VARK,1977,183,166,197,189,191,180,198,201,208,198,178,201
INI0000VARK,1978,182,192,218,200,215,204,223,217,204,209,203,197
INI0000VARK,1979,200,170,200,222,219,221,218,199,216,213,218,226
INI0000VARK,1980,225,210,226,202,224,198,205,216,208,213,216,224
INI0000VARK,1981,212,209,228,210,212,196,182,208,165,202,192,216
INI0000VARK,1982,189,196,204,196,196,195,204,196,192,216,204,191
INI0000VARK,1983,206,176,212,179,188,203,181,212,203,212,208,200
INI0000VARK,1984,198,194,214,196,180,178,130,195,212,204,178,192
INI0000VARK,1985,210,196,212,186,184,189,165,181,194,195,215,185
INI0000VARK,1986,205,184,200,193,201,160,149,147,171,170,138,169
INI0000VARK,1987,183,187,194,174,207,192,188,196,201,227,211,187
INI0000VARK,1988,194,201,190,205,204,177,172,184,187,141,198,195
INI0000VARK,1989,186,184,186,195,231,206,189,223,200,219,207,222
INI0000VARK,1990,227,201,229,223,190,212,220,220,217,240,213,220
INI0000VARK,1991,225,209,234,227,216,215,228,234,225,223,220,223
INI0000VARK,1992,230,225,209,219,228,224,230,225,229,222,224,234
INI0000VARK,1993,228,216,235,227,232,232,240,239,223,236,223,227
INI0000VARK,1994,223,213,237,238,224,226,221,226,224,221,233,232
INI0000VARK,1995,231,219,221,229,235,220,232,233,221,243,225,233
INI0000VARK,1996,227,214,238,230,241,226,232,231,225,228,233,236
INI0000VARK,1997,236,214,227,213,231,206,232,237,228,238,197,223
INI0000VARK,1998,213,202,228,218,236,218,221,215,223,238,221,235
INI0000VARK,1999,220,212,221,212,229,200,218,223,211,213,218,214
INI0000VARK,2000,214,219,225,204,232,197,198,225,208,230,211,213
INI0000VARK,2001,236,213,234,216,239,220,227,231,225,242,227,236
INI0000VARK,2002,239,212,219,229,234,212,235,235,230,229,234,244
INI0000VARK,2003,240,219,233,233,234,208,237,231,217,227,234,234
INI0000VARK,2004,222,223,244,233,243,225,238,241,231,223,234,218
INI0000VARK,2005,237,215,240,237,246,228,225,226,231,238,230,235
INI0000VARK,2006,233,214,245,234,241,218,237,245,238,242,233,233
INI0000VARK,2007,245,218,233,237,234,228,239,228,229,233,228,234
INI0000VARK,2008,234,224,242,236,246,233,240,244,237,243,232,238
INI0000VARK,2009,241,218,242,234,242,220,245,246,238,247,235,248
INI0000VARK,2010,246,219,244,231,242,230,234,245,220,241,236,245
INI0000VARK,2011,246,220,237,239,242,197,242,237,236,247,239,243
INI0000VARK,2012,244,231,243,237,247,233,248,246,238,247,234,245
INI0000VARK,2013,245,222,246,239,246,238,247,247,239,248,238,245
INI0000VARK,2014,248,224,248,240,248,240,247,247,239,247,240,247
INI0000VARK,2015,248,222,246,240,244,238,247,245,237,248,240,247
INI0000VARK,2016,248,230,247,303,280,271,277,278,313,383,375,351
INI0000VARK,2017,347,323,366,292,318,310,323,358,368,424,410,435
INI0000VARK,2018,406,355,378,356,370,342,357,348,331,360,375,411
INI0000VARK,2019,358,326,336,340,318,330,315,347,359,375,415,415
INI0000VARK,2020,431,345,324,240,253,245,267,288,303,342,375,385
INI0000VARK,2021,388,357,436,462,370,352,422,475,442,463,530,525
INI0000VARK,2022,493,449,510,475,487,486,458,466,480,491,462,473
INI0000VARK,2023,498,428,458,397,456,448,483,446,319,246,238,235
INI0000VARK,2024,248,231,245,215,245,240,240,244,235,247,238,245
INI0000VARK,2025,245,220,248,246,247,235,243,231,224,246,236,248
INI0000VARK,2026,244,205,0,0,0,0,0,0,0,0,0,0
INI0000VAGO,2018,0,0,0,0,0,1,0,0,0,0,0,0
INI0000VEMN,1942,0,0,0,0,0,0,233,383,396,473,698,741
INI0000VEMN,1943,733,670,742,718,742,719,742,743,720,744,720,744
INI0000VEMN,1944,744,696,744,720,744,720,744,744,720,744,720,744
INI0000VEMN,1945,744,672,744,720,744,720,744,744,720,744,700,722
INI0000VEMN,1946,678,361,401,178,118,114,76,76,114,92,92,124
INI0000VEMN,1947,124,112,120,118,122,118,118,122,120,118,114,122
INI0000VEMN,1948,118,108,118,106,106,120,114,124,118,116,116,122
INI0000VEMN,1954,62,54,61,60,59,58,59,60,57,62,59,62
INI0000VEMN,1955,61,54,59,60,60,60,59,58,59,62,59,60
INI0000VEMN,1956,61,57,58,59,56,59,57,57,56,58,59,58
INI0000VEMN,1957,51,38,44,42,26,37,127,120,116,125,117,124
INI0000VEMN,1958,125,109,121,119,123,122,122,121,117,121,119,124
INI0000VEMN,1959,45,43,43,34,30,27,32,32,29,36,34,39
INI0000VEMN,1960,39,42,37,36,30,26,23,25,34,38,41,41
INI0000VEMN,1961,78,64,103,87,94,91,83,90,96,97,97,111
INI0000VEMN,1962,125,119,120,107,108,110,116,111,115,107,89,117
INI0000VEMN,1963,59,54,59,51,58,56,53,56,54,51,58,58
INI0000VEMN,1973,142,86,114,96,135,98,105,104,132,134,140,157
INI0000VEMN,1974,156,141,158,138,115,125,144,119,106,107,108,95
INI0000VEMN,1975,162,123,88,79,65,100,104,116,134,160,180,163
INI0000VEMN,1976,166,150,164,122,104,110,100,146,141,102,123,144
INI0000VEMN,1977,146,141,144,113,85,130,107,130,163,143,125,146
INI0000VEMN,1978,117,146,173,133,167,162,171,149,138,170,146,171
INI0000VEMN,1979,162,146,150,143,162,162,164,162,177,164,130,113
INI0000VEMN,1980,133,137,139,162,174,168,130,177,164,169,150,127
INI0000VEMN,1981,149,117,124,169,144,140,110,87,41,113,100,124
INI0000VEMN,1982,119,96,72,86,73,97,118,82,86,77,69,66
INI0000VEMN,1983,117,114,124,133,103,87,88,96,108,127,120,139
INI0000VEMN,1984,156,123,120,53,96,63,165,112,148,141,84,109
INI0000VEMN,1985,125,115,95,40,66,73,93,108,126,99,93,119
INI0000VEMN,1986,135,89,45,98,101,42,44,25,15,20,7,122
INI0000VEMN,1987,110,108,150,124,161,133,130,152,89,180,153,173
INI0000VEMN,1988,140,91,42,125,140,142,100,140,112,108,114,143
INI0000VEMN,1989,129,101,159,163,139,125,156,159,148,131,130,149
INI0000VEMN,1990,135,162,173,145,119,151,149,181,164,192,159,193
INI0000VEMN,1991,186,180,200,165,176,176,182,177,191,185,186,178
INI0000VEMN,1992,185,164,164,162,179,157,174,166,197,183,181,182
INI0000VEMN,1993,178,160,177,193,194,158,186,163,166,198,172,168
INI0000VEMN,1994,183,172,198,162,185,192,194,181,187,200,188,191
INI0000VEMN,1995,169,162,173,196,189,156,170,199,188,208,208,213
INI0000VEMN,1996,191,196,74,125,151,145,187,191,177,191,215,227
INI0000VEMN,1997,203,201,158,156,167,178,179,154,164,190,173,172
INI0000VEMN,1998,161,163,188,102,141,115,119,125,163,158,173,185
INI0000VEMN,1999,160,158,160,144,58,127,129,169,169,155,180,172
INI0000VEMN,2000,197,182,194,159,187,191,159,99,114,195,204,199
INI0000VEMN,2001,197,195,226,177,206,150,159,184,152,197,211,186
INI0000VEMN,2002,194,175,155,118,187,171,100,227,212,179,196,192
INI0000VEMN,2003,80,100,120,94,107,125,155,152,139,176,165,192
INI0000VEMN,2004,103,188,202,207,214,196,157,172,193,204,213,197
INI0000VEMN,2005,209,208,201,211,206,224,234,232,237,236,217,229
INI0000VEMN,2006,215,216,245,232,206,214,239,240,229,236,231,227
INI0000VEMN,2007,226,219,229,222,218,196,227,223,189,231,212,224
INI0000VEMN,2008,223,204,221,221,240,237,238,239,228,241,234,238
INI0000VEMN,2009,241,220,240,233,243,212,245,242,236,245,238,248
INI0000VEMN,2010,242,222,247,237,247,236,235,245,238,244,237,245
INI0000VEMN,2011,246,221,242,237,247,198,241,244,237,246,237,247
INI0000VEMN,2012,245,230,249,239,244,237,245,248,239,256,238,248
INI0000VEMN,2013,247,219,240,238,244,237,244,239,238,246,230,245
INI0000VEMN,2014,246,224,246,240,247,239,247,248,239,254,239,245
INI0000VEMN,2015,248,223,247,239,244,236,247,246,237,244,240,452
INI0000VEMN,2016,547,489,591,539,547,480,514,467,466,486,487,532
INI0000VEMN,2017,509,442,557,655,725,636,703,713,720,707,731,726
INI0000VEMN,2018,685,624,696,687,775,730,737,715,674,735,703,724
INI0000VEMN,2019,742,645,713,747,866,864,877,854,822,830,809,817
INI0000VEMN,2020,835,774,781,564,591,888,919,893,864,824,816,839
INI0000VEMN,2021,807,667,819,796,779,748,808,847,846,818,802,830
INI0000VEMN,2022,825,748,820,791,813,788,766,812,782,756,761,779
INI0000VEMN,2023,767,669,732,712,754,707,737,752,699,737,721,696
INI0000VEMN,2024,781,706,748,658,714,684,672,727,760,786,857,1098
INI0000VEMN,2025,1103,988,1041,896,1077,1022,1074,1037,975,1105,1083,1130
INI0000VEMN,2026,1104,925,0,0,0,0,0,0,0,0,0,0
INI0000VABV,1893,31,28,31,29,31,30,31,30,30,31,29,31
INI0000VABV,1894,31,28,31,30,31,30,0,0,0,0,0,0
INI0000VABV,2011,1,0,0,0,0,0,0,0,0,0,0,0
INI0000VABV,2015,0,0,0,0,0,0,0,0,0,0,0,25
INI0000VABV,2016,35,35,42,17,29,19,88,98,69,59,71,54
INI0000VABV,2017,70,69,59,90,93,87,81,94,117,137,130,179
INI0000VABV,2018,122,145,143,149,210,116,161,235,261,290,267,226
INI0000VABV,2019,229,188,188,186,185,202,247,212,200,207,215,347
INI0000VABV,2020,348,330,207,0,0,3,30,127,154,247,276,432
INI0000VABV,2021,396,273,301,242,246,215,262,339,404,325,335,320
INI0000VABV,2022,264,266,239,190,294,293,265,311,332,245,372,304
INI0000VABV,2023,309,273,274,258,279,276,271,277,263,284,330,351
INI0000VABV,2024,405,336,417,344,344,276,377,450,406,421,461,438
INI0000VABV,2025,440,417,397,284,369,287,282,271,260,243,293,270
INI0000VABV,2026,255,171,0,0,0,0,0,0,0,0,0,0
INI0000VADU,2016,0,0,0,0,0,0,0,0,0,0,55,62
INI0000VADU,2017,61,56,62,60,62,59,62,61,60,62,59,62
INI0000VADU,2018,62,56,62,59,62,60,61,61,56,60,60,62
INI0000VADU,2019,62,56,73,82,79,102,63,64,62,62,60,61
INI0000VADU,2020,62,58,61,60,62,60,62,62,59,62,60,129
INI0000VADU,2021,129,113,109,132,153,162,140,140,154,150,163,126
INI0000VADU,2022,76,56,169,211,258,267,242,265,241,189,247,139
INI0000VADU,2023,147,166,190,118,199,217,301,286,286,314,498,456
INI0000VADU,2024,504,457,499,426,446,445,452,501,486,490,471,493
INI0000VADU,2025,484,420,436,272,448,486,455,448,395,484,461,475
INI0000VADU,2026,502,433,0,0,0,0,0,0,0,0,0,0
INI0000VERP,1944,56,58,60,60,57,59,61,61,59,61,59,60
INI0000VERP,1945,60,53,61,60,57,58,58,58,60,62,58,60
INI0000VERP,1946,62,51,61,59,60,59,53,62,60,46,45,58
INI0000VERP,1947,61,49,62,60,60,55,60,60,60,62,59,59
INI0000VERP,1948,60,55,61,59,61,56,61,62,59,58,60,59
INI0000VERP,1954,60,56,62,60,60,60,60,58,60,62,60,62
INI0000VERP,1955,62,55,61,60,60,58,60,58,60,62,60,62
INI0000VERP,1956,62,58,62,60,60,60,62,60,60,60,59,60
INI0000VERP,1957,79,76,76,67,66,65,141,147,145,145,139,141
INI0000VERP,1958,145,128,146,141,148,144,138,143,142,146,134,137
INI0000VERP,1959,68,65,75,78,60,62,65,67,65,60,54,68
INI0000VERP,1960,60,62,63,71,63,63,54,54,52,58,52,58
INI0000VERP,1961,84,88,134,116,124,119,121,124,131,132,127,129
INI0000VERP,1962,142,132,140,134,139,135,144,152,140,142,137,141
INI0000VERP,1963,60,56,59,58,59,58,59,60,59,61,59,59
INI0000VERP,1973,174,158,190,149,167,173,189,150,153,154,149,164
INI0000VERP,1974,165,165,184,174,189,179,173,171,162,179,160,161
INI0000VERP,1975,176,155,172,150,147,147,169,173,164,148,178,161
INI0000VERP,1976,155,153,180,144,155,159,180,177,161,167,157,173
INI0000VERP,1977,172,174,192,177,184,171,191,200,196,193,191,193
INI0000VERP,1978,202,195,228,220,220,218,225,228,194,200,197,207
INI0000VERP,1979,209,183,215,216,232,204,224,205,222,231,223,230
INI0000VERP,1980,235,225,232,224,218,216,220,205,207,225,222,226
INI0000VERP,1981,219,209,219,192,210,183,207,218,208,195,215,219
INI0000VERP,1982,196,198,227,203,216,194,225,204,203,215,220,224
INI0000VERP,1983,228,199,233,195,222,195,206,213,202,232,230,235
INI0000VERP,1984,216,208,230,205,215,219,181,211,227,227,218,227
INI0000VERP,1985,212,207,215,205,185,205,152,203,168,165,171,200
INI0000VERP,1986,212,187,199,213,212,154,134,142,199,201,176,204
INI0000VERP,1987,203,190,209,224,218,206,200,211,202,204,206,203
INI0000VERP,1988,215,161,197,187,216,203,167,206,191,158,201,196
INI0000VERP,1989,197,201,189,198,215,179,132,183,207,199,185,214
INI0000VERP,1990,213,200,204,198,161,115,195,158,137,196,158,219
INI0000VERP,1991,199,181,194,201,202,187,205,179,208,196,170,208
INI0000VERP,1992,169,177,185,149,165,166,160,181,182,185,154,194
INI0000VERP,1993,152,119,173,186,167,209,230,225,202,219,197,200
INI0000VERP,1994,171,184,173,184,192,147,166,187,169,180,194,166
INI0000VERP,1995,191,189,171,164,179,191,224,223,209,225,185,209
INI0000VERP,1996,222,149,2,4,3,2,0,1,1,0,0,0
INI0000VERP,2002,0,0,0,0,0,0,0,0,1,0,0,0
INI0000VERP,2006,0,0,0,1,0,1,0,0,0,0,0,0
INI0000VERP,2007,1,0,0,0,0,0,1,1,0,0,0,0
INI0000VERP,2008,0,0,0,0,0,1,0,0,0,0,0,0
INI0000VERP,2010,1,0,0,0,0,0,0,0,0,0,0,0
INI0000VERP,2015,0,0,0,0,0,0,0,0,0,0,0,1
INI0000VERP,2016,1,0,470,607,700,582,618,604,563,652,630,644
INI0000VERP,2017,599,527,515,456,560,535,554,428,556,492,530,571
INI0000VERP,2018,526,572,639,555,566,457,535,626,466,510,510,588
INI0000VERP,2019,585,521,489,608,513,483,500,489,533,569,515,535
INI0000VERP,2020,528,506,476,226,380,390,387,369,356,341,338,328
INI0000VERP,2021,374,350,434,394,362,395,467,639,807,1001,1022,1042
INI0000VERP,2022,1007,889,951,913,930,992,935,1089,1045,1021,1007,1053
INI0000VERP,2023,1043,934,1001,963,1000,937,1014,1014,966,1039,987,962
INI0000VERP,2024,1077,954,1044,921,1026,945,906,1047,987,1026,1044,1059
INI0000VERP,2025,1057,926,987,871,1032,976,1019,986,918,1040,1040,1107
INI0000VERP,2026,1062,886,0,0,0,0,0,0,0,0,0,0
INI0000VAJM,2016,0,0,0,0,0,0,1,0,0,0,0,0
INI0000VAJM,2018,0,0,0,4,0,0,0,0,0,0,0,0
INI0000VAJM,2021,0,0,0,0,0,0,0,0,0,0,1,0
INI0000VAJM,2022,0,0,0,0,0,0,0,1,14,47,49,39
INI0000VAJM,2023,66,7,26,32,85,88,33,74,59,65,29,125
INI0000VAJM,2024,752,717,495,89,79,143,57,96,49,35,49,35
INI0000VAJM,2025,8,11,7,1,0,0,1,0,0,0,0,0
INI0000VIBY,1944,58,58,58,60,58,58,80,82,116,120,116,120
INI0000VIBY,1945,124,110,122,112,120,114,116,116,120,124,112,118
INI0000VIBY,1946,120,102,122,118,120,94,86,78,82,86,88,120
INI0000VIBY,1947,118,110,116,112,104,114,108,116,100,116,118,120
INI0000VIBY,1948,120,114,122,118,108,114,120,118,116,118,112,114
INI0000VIBY,1954,59,55,62,60,62,60,61,57,59,61,58,60
INI0000VIBY,1955,61,55,61,59,62,57,58,54,58,61,58,62
INI0000VIBY,1956,62,56,62,60,56,59,61,57,59,60,56,59
INI0000VIBY,1957,90,72,78,80,83,79,141,141,145,155,156,144
INI0000VIBY,1958,154,135,158,145,149,142,142,146,144,152,130,131
INI0000VIBY,1959,78,72,92,85,62,69,62,64,70,58,65,70
INI0000VIBY,1960,70,71,77,67,75,63,65,69,67,74,57,60
INI0000VIBY,1961,100,97,152,135,146,138,134,145,132,142,137,142
INI0000VIBY,1962,148,133,147,141,151,136,147,152,145,145,142,151
INI0000VIBY,1963,57,53,60,56,55,50,56,55,52,58,54,60
INI0000VIBY,1973,163,146,176,170,185,171,166,166,153,171,156,170
INI0000VIBY,1974,169,167,182,174,117,109,62,71,73,102,88,82
INI0000VIBY,1975,88,75,108,86,70,94,103,111,115,119,140,101
INI0000VIBY,1976,98,92,126,127,152,146,124,153,133,138,125,138
INI0000VIBY,1977,136,134,140,134,131,133,151,144,138,136,148,135
INI0000VIBY,1978,140,146,167,172,151,155,153,152,138,129,132,140
INI0000VIBY,1979,139,131,150,175,206,171,195,192,193,198,170,194
INI0000VIBY,1980,175,157,178,157,176,165,160,147,143,145,164,163
INI0000VIBY,1981,155,136,152,177,150,147,133,142,120,121,149,178
INI0000VIBY,1982,135,126,153,151,124,93,124,121,88,148,150,129
INI0000VIBY,1983,48,106,138,121,111,62,103,87,113,139,151,158
INI0000VIBY,1984,126,101,145,130,79,57,110,106,100,99,56,101
INI0000VIBY,1985,107,64,122,84,53,62,47,70,84,108,115,73
INI0000VIBY,1986,76,59,88,97,72,41,66,69,97,59,57,61
INI0000VIBY,1987,62,70,79,86,72,81,92,91,92,74,60,39
INI0000VIBY,1988,39,28,31,56,68,46,6,12,16,14,34,28
INI0000VIBY,1989,10,12,31,21,13,19,37,16,17,43,45,37
INI0000VIBY,1990,53,41,51,3,6,3,7,9,22,27,0,25
INI0000VIBY,1991,44,38,25,6,20,10,28,12,25,13,25,35
INI0000VIBY,1992,46,139,118,118,79,93,157,154,170,194,124,132
INI0000VIBY,1993,139,136,123,145,152,150,141,176,134,164,146,152
INI0000VIBY,1994,129,134,151,125,108,159,142,201,185,175,138,158
INI0000VIBY,1995,164,150,147,165,164,46,144,156,170,152,195,186
INI0000VIBY,1996,116,125,131,79,156,139,144,122,174,200,175,194
INI0000VIBY,1997,182,151,169,144,78,120,59,73,42,173,123,133
INI0000VIBY,1998,61,25,13,72,128,103,108,114,58,158,131,150
INI0000VIBY,1999,81,71,133,134,121,117,162,160,142,188,166,97
INI0000VIBY,2000,84,173,133,198,210,178,179,171,168,189,138,202
INI0000VIBY,2001,163,182,183,167,161,195,195,171,176,191,91,91
INI0000VIBY,2002,89,75,82,92,99,91,144,134,150,177,150,160
INI0000VIBY,2003,158,121,72,153,200,195,221,211,197,238,206,235
INI0000VIBY,2004,185,219,233,215,216,224,233,222,213,209,227,238
INI0000VIBY,2005,217,196,235,232,239,228,223,208,211,244,231,239
INI0000VIBY,2006,236,211,236,232,206,171,224,203,227,243,227,228
INI0000VIBY,2007,233,114,145,212,207,194,181,175,201,210,200,190
INI0000VIBY,2008,207,169,217,216,221,223,206,213,233,240,229,214
INI0000VIBY,2009,231,202,227,233,238,211,219,228,204,235,202,226
INI0000VIBY,2010,236,215,240,228,241,222,227,216,236,236,227,238
INI0000VIBY,2011,233,221,242,216,195,153,169,197,110,126,139,165
INI0000VIBY,2012,170,138,135,119,203,140,121,120,113,121,116,122
INI0000VIBY,2013,120,167,176,176,180,175,185,181,175,181,172,184
INI0000VIBY,2014,237,208,238,223,238,233,221,220,219,233,219,234
INI0000VIBY,2015,228,195,227,229,244,231,236,236,223,228,223,236
INI0000VIBY,2016,241,215,232,223,242,232,239,239,233,244,233,226
INI0000VIBY,2017,232,205,237,225,234,222,222,216,178,182,178,179
INI0000VIBY,2018,183,166,182,170,177,177,183,182,176,180,176,213
INI0000VIBY,2019,227,207,228,213,236,230,235,239,233,241,232,242
INI0000VIBY,2020,229,220,243,237,244,237,244,243,232,248,240,247
INI0000VIBY,2021,248,212,247,239,247,238,245,247,240,248,239,248
INI0000VIBY,2022,248,223,246,236,242,237,244,246,251,285,281,272
INI0000VIBY,2023,275,230,256,250,293,281,258,282,282,288,240,304
INI0000VIBY,2024,690,718,629,287,302,361,269,297,282,270,277,260
INI0000VIBY,2025,254,219,248,240,247,235,247,231,223,246,238,247
INI0000VIBY,2026,242,207,0,0,0,0,0,0,0,0,0,0
INI0000VAKE,2017,0,0,0,0,0,0,0,0,0,1,0,0
INI0000VAKE,2022,0,0,0,0,0,0,0,0,0,0,1,0
INI0000VAKE,2023,0,0,0,0,0,0,0,1,2,0,0,0
INI0000VAKE,2024,0,0,1,0,0,0,0,0,0,0,0,0
INI0000VAGD,1973,42,36,42,32,35,30,41,40,34,32,38,28
INI0000VAGD,1974,37,37,42,39,32,39,36,36,34,29,31,35
INI0000VAGD,1975,33,27,35,30,31,31,35,36,35,28,30,26
INI0000VAGD,1976,30,25,38,28,18,27,21,18,17,5,12,22
INI0000VAGD,1977,33,26,30,33,30,21,32,36,24,35,35,38
INI0000VAGD,1978,43,37,42,40,38,46,48,43,44,0,1,1
INI0000VAGD,1979,2,0,2,1,2,1,2,1,1,0,1,1
INI0000VAGD,1980,0,1,1,1,1,1,0,0,1,1,0,0
INI0000VAGD,1983,0,0,0,0,0,0,0,0,14,17,17,13
INI0000VAGD,1984,22,22,19,20,20,18,21,18,28,31,30,13
INI0000VAGD,1985,22,23,21,18,13,23,13,11,18,16,25,17
INI0000VAGD,1986,29,23,6,25,17,11,10,20,22,18,22,29
INI0000VAGD,1987,29,23,28,21,27,12,10,1,10,1,5,13
INI0000VAGD,1988,26,14,6,3,2,4,14,8,8,1,1,2
INI0000VAGD,1989,1,6,3,5,6,0,6,5,2,6,6,8
INI0000VAGD,1990,5,2,3,1,1,4,3,0,2,2,1,6
INI0000VAGD,1991,3,2,2,0,3,0,1,3,3,0,0,1
INI0000VAGD,1992,1,1,2,1,1,0,4,1,0,0,0,3
INI0000VAGD,1993,1,0,1,0,0,0,3,1,1,0,0,2
INI0000VAGD,1994,2,1,2,1,0,3,2,3,0,2,0,1
INI0000VAGD,1995,0,1,0,0,3,0,0,1,0,1,0,1
INI0000VAGD,1996,0,0,1,0,2,0,0,1,1,2,2,0
INI0000VAGD,1997,0,1,0,0,0,2,0,0,0,0,0,0
INI0000VAGD,2001,0,0,0,0,0,0,0,0,1,3,1,0
INI0000VAGD,2002,0,0,1,0,0,0,0,0,0,0,0,0
INI0000VAGD,2009,0,2,0,0,0,0,0,0,0,0,0,0
INI0000VAGD,2015,0,0,0,0,0,0,0,0,0,0,0,94
INI0000VAGD,2016,122,113,120,121,120,119,123,124,119,124,120,124
INI0000VAGD,2017,122,111,124,114,122,116,124,123,120,123,119,123
INI0000VAGD,2018,124,112,123,116,123,120,121,122,107,121,120,120
INI0000VAGD,2019,121,111,116,119,124,120,123,122,117,124,120,123
INI0000VAGD,2020,124,115,122,116,120,115,117,121,117,124,116,122
INI0000VAGD,2021,124,107,124,120,125,120,123,124,120,122,118,122
INI0000VAGD,2022,124,111,123,119,124,118,123,123,119,123,120,123
INI0000VAGD,2023,124,111,121,120,124,118,125,121,116,123,143,431
INI0000VAGD,2024,432,477,503,450,471,450,435,475,477,492,492,497
INI0000VAGD,2025,494,453,474,340,444,456,491,462,539,721,747,641
INI0000VAGD,2026,486,296,0,0,0,0,0,0,0,0,0,0
INI0000VECX,1973,78,78,85,63,45,48,40,44,49,50,48,54
INI0000VECX,1974,75,76,63,36,43,30,55,15,14,6,9,3
INI0000VECX,1975,23,38,54,25,22,41,56,38,48,49,20,30
INI0000VECX,1976,34,38,39,37,28,27,34,37,38,7,25,39
INI0000VECX,1977,41,28,55,45,35,33,43,34,45,43,64,57
INI0000VECX,1978,50,41,50,49,39,17,35,43,17,1,37,77
INI0000VECX,1979,74,54,72,42,74,65,26,46,49,71,70,59
INI0000VECX,1980,67,53,35,59,32,3,21,26,32,33,29,16
INI0000VECX,1981,21,0,5,1,5,18,6,6,3,1,0,5
INI0000VECX,1982,5,2,1,0,0,1,0,0,0,0,0,0
INI0000VECX,1990,0,0,0,0,17,10,0,5,21,22,20,16
INI0000VECX,1991,13,26,4,1,1,16,3,4,8,7,5,27
INI0000VECX,1992,7,0,3,4,3,13,11,6,4,1,3,2
INI0000VECX,1993,1,0,0,0,0,0,2,0,0,0,0,1
INI0000VECX,1994,0,1,0,0,1,0,1,0,0,0,0,1
INI0000VECX,1995,1,1,0,1,0,1,0,0,0,0,0,1
INI0000VECX,1996,0,1,0,0,0,0,0,0,0,1,0,1
INI0000VECX,1997,0,1,0,0,1,0,1,0,0,0,0,0
INI0000VECX,1998,2,0,0,0,0,0,0,0,0,0,1,0
INI0000VECX,1999,0,0,0,0,0,0,0,0,0,1,0,0
INI0000VECX,2001,0,0,1,0,0,0,0,0,0,0,1,0
INI0000VECX,2002,1,0,0,0,0,0,0,1,0,0,0,0
INI0000VECX,2003,0,0,0,0,0,0,1,0,0,1,0,0
INI0000VECX,2004,1,0,0,0,0,0,0,0,0,0,0,0
INI0000VECX,2008,0,0,0,1,0,0,0,0,0,0,0,0
INI0000VECX,2009,0,0,0,0,0,0,0,0,0,0,0,2
INI0000VECX,2010,0,0,0,0,0,0,0,8,0,0,0,0
INI0000VECX,2011,0,2,2,0,1,1,0,0,1,0,0,3
INI0000VECX,2012,0,1,0,0,0,0,0,0,0,0,0,0
INI0000VECX,2013,0,0,0,1,0,0,0,0,1,0,0,0
INI0000VECX,2014,0,0,1,0,0,0,0,0,0,0,0,0
INI0000VECX,2015,0,1,1,0,0,0,0,0,0,0,0,0
INI0000VECX,2017,0,4,6,1,0,0,0,2,0,0,0,6
INI0000VECX,2018,5,6,43,0,12,0,0,0,0,0,10,12
INI0000VECX,2019,19,0,0,4,2,1,0,0,0,0,0,0
INI0000VECX,2020,0,0,1,1,4,2,0,0,1,0,0,0
INI0000VECX,2021,0,0,0,0,0,0,0,0,0,0,1,0
INI0000VECX,2022,0,0,0,0,0,0,0,1,11,47,48,28
INI0000VECX,2023,39,3,16,13,13,33,13,23,30,12,4,42
INI0000VECX,2024,384,470,354,61,64,130,36,69,61,39,50,31
INI0000VECX,2025,11,9,5,2,0,0,1,0,0,0,0,0
INI0000VEBS,1957,24,19,22,18,7,7,124,124,120,124,120,124
INI0000VEBS,1958,124,112,124,120,124,120,124,124,120,124,120,124
INI0000VEBS,1959,19,25,26,20,15,11,11,11,7,14,16,25
INI0000VEBS,1960,17,18,22,19,17,19,17,11,17,25,19,22
INI0000VEBS,1961,47,36,70,52,52,41,49,51,49,53,56,57
INI0000VEBS,1962,78,74,84,80,72,80,93,77,81,72,87,77
INI0000VEBS,1973,172,147,177,164,137,170,195,159,165,179,154,167
INI0000VEBS,1974,156,139,173,152,137,143,147,127,138,108,116,127
INI0000VEBS,1975,122,133,157,135,148,141,131,145,162,139,159,159
INI0000VEBS,1976,152,169,175,147,133,138,141,162,140,146,158,166
INI0000VEBS,1977,172,148,193,176,202,188,179,176,198,191,197,201
INI0000VEBS,1978,191,180,206,199,204,179,198,204,182,202,207,212
INI0000VEBS,1979,205,195,200,216,222,225,219,222,219,225,210,188
INI0000VEBS,1980,227,191,221,216,229,189,222,222,211,231,227,233
INI0000VEBS,1981,231,205,238,204,222,204,213,218,204,218,220,230
INI0000VEBS,1982,193,166,206,147,188,120,192,205,198,188,220,228
INI0000VEBS,1983,235,195,200,142,174,93,180,148,201,209,230,223
INI0000VEBS,1984,201,195,236,217,210,158,176,225,202,221,202,211
INI0000VEBS,1985,219,199,220,187,185,203,194,192,181,155,195,208
INI0000VEBS,1986,196,199,220,215,204,201,211,212,202,142,138,212
INI0000VEBS,1987,219,188,228,218,234,213,206,213,204,227,210,216
INI0000VEBS,1988,222,211,194,204,210,198,211,192,181,177,185,205
INI0000VEBS,1989,202,158,196,205,221,204,223,220,213,227,192,211
INI0000VEBS,1990,199,185,205,204,183,210,197,215,216,226,180,204
INI0000VEBS,1991,221,208,222,208,202,216,226,209,215,212,216,234
INI0000VEBS,1992,223,218,203,232,228,195,229,216,223,213,217,224
INI0000VEBS,1993,222,204,231,223,218,222,234,225,225,230,225,217
INI0000VEBS,1994,222,206,237,216,219,212,226,224,219,230,221,228
INI0000VEBS,1995,233,196,222,225,225,203,215,229,216,230,223,227
INI0000VEBS,1996,239,220,224,222,241,207,214,231,232,237,234,239
INI0000VEBS,1997,233,216,227,219,231,216,217,221,221,237,221,224
INI0000VEBS,1998,203,212,230,234,227,228,221,230,223,228,218,239
INI0000VEBS,1999,215,209,231,213,225,201,224,230,214,207,177,214
INI0000VEBS,2000,217,221,207,226,238,224,232,230,202,232,226,234
INI0000VEBS,2001,240,209,236,227,240,230,216,220,227,233,226,228
INI0000VEBS,2002,234,210,224,219,227,220,231,233,224,239,231,223
INI0000VEBS,2003,224,200,227,208,209,180,222,221,218,223,223,229
INI0000VEBS,2004,236,226,229,233,234,232,243,237,234,242,233,241
INI0000VEBS,2005,238,221,233,227,239,231,241,237,232,244,236,238
INI0000VEBS,2006,236,212,241,217,241,232,232,240,230,242,234,240
INI0000VEBS,2007,240,216,231,235,234,234,240,241,233,239,236,246
INI0000VEBS,2008,239,230,245,239,245,239,245,248,237,245,234,240
INI0000VEBS,2009,243,235,244,236,247,218,249,242,240,246,239,246
INI0000VEBS,2010,246,224,247,240,250,235,307,256,239,248,246,246
INI0000VEBS,2011,248,219,247,238,246,202,248,245,241,252,244,249
INI0000VEBS,2012,248,234,253,239,248,238,248,253,244,263,235,248
INI0000VEBS,2013,248,220,251,240,250,239,252,247,242,252,242,259
INI0000VEBS,2014,262,238,287,298,252,257,250,250,240,247,239,251
INI0000VEBS,2015,254,227,247,236,245,239,245,246,238,246,240,1114
INI0000VEBS,2016,1336,1128,1436,1411,1463,1405,1305,1310,1425,1477,1420,1461
INI0000VEBS,2017,1465,1339,1501,1449,1487,1436,1503,1491,1448,1500,1435,1483
INI0000VEBS,2018,1475,1317,1494,1400,1417,1394,1438,1479,1276,1471,1421,1478
INI0000VEBS,2019,1491,1346,1450,1416,1407,1437,1491,1461,1407,1406,1427,1480
INI0000VEBS,2020,1487,1393,1385,1012,1087,1272,1261,1252,1223,1234,1253,1320
INI0000VEBS,2021,1263,1189,1434,1434,1441,1379,1456,1446,1408,1482,1428,1488
INI0000VEBS,2022,1474,1333,1477,1378,1432,1427,1379,1467,1433,1439,1423,1455
INI0000VEBS,2023,1460,1295,1436,1383,1432,1348,1457,1462,1375,1448,1376,1363
INI0000VEBS,2024,1470,1374,1460,1278,1461,1418,1216,1373,1419,1485,1430,1455
INI0000VEBS,2025,1466,1281,1385,1130,1419,1355,1430,1371,1272,1461,1420,1476
INI0000VEBS,2026,1463,1225,0,0,0,0,0,0,0,0,0,0
INI0000VERL,2016,0,0,0,0,0,1,0,0,0,0,0,0
INI0000VAPO,2016,0,3,0,2,1,1,0,0,0,0,4,1
INI0000VAPO,2017,0,0,2,6,15,0,3,0,0,2,0,0
INI0000VAPO,2018,1,0,16,17,4,0,5,0,0,0,0,2
INI0000VAPO,2019,0,0,2,0,0,0,0,0,0,0,0,0
INI0000VAPO,2020,0,0,0,0,1,0,0,0,0,0,0,0
INI0000VAPO,2021,0,0,0,26,0,1,0,0,0,4,1,0
INI0000VAPO,2022,0,0,0,0,0,0,0,1,36,60,59,59
INI0000VAPO,2023,69,28,50,61,115,71,75,86,74,77,30,139
INI0000VAPO,2024,601,626,465,94,88,147,53,112,55,54,61,42
INI0000VAPO,2025,21,8,6,0,0,0,1,0,0,0,0,0
INI0000VAKD,1944,114,116,120,120,116,120,122,122,116,122,118,122
INI0000VAKD,1945,124,112,122,120,120,116,114,116,120,124,114,118
INI0000VAKD,1946,122,102,122,118,122,118,86,122,120,94,82,112
INI0000VAKD,1947,104,90,120,116,122,118,114,120,118,120,120,120
INI0000VAKD,1948,122,116,122,118,118,112,120,124,116,118,116,124
INI0000VAKD,1973,33,43,37,29,24,29,27,31,34,33,37,29
INI0000VAKD,1974,39,36,36,33,37,38,37,39,19,24,31,28
INI0000VAKD,1975,28,24,37,31,24,30,37,30,31,27,24,36
INI0000VAKD,1976,28,26,36,24,19,24,22,16,4,3,8,11
INI0000VAKD,1977,10,13,24,17,20,18,20,25,23,28,29,31
INI0000VAKD,1978,38,43,50,45,39,51,45,48,39,3,1,4
INI0000VAKD,1979,3,5,9,6,7,7,10,5,6,0,0,2
INI0000VAKD,1980,2,1,1,1,3,3,3,3,4,2,1,1
INI0000VAKD,1981,2,0,3,1,1,2,2,1,3,3,6,3
INI0000VAKD,1982,0,1,1,0,3,0,2,1,2,0,2,3
INI0000VAKD,1983,1,1,1,1,0,0,1,1,3,16,17,16
INI0000VAKD,1984,23,24,16,19,16,21,22,19,26,15,22,10
INI0000VAKD,1985,18,18,17,24,15,17,13,10,16,17,13,14
INI0000VAKD,1986,13,13,10,20,10,4,12,11,6,10,17,19
INI0000VAKD,1987,19,13,16,7,12,6,10,4,11,0,3,5
INI0000VAKD,1988,17,7,5,7,3,2,11,8,1,1,1,0
INI0000VAKD,1989,3,1,2,7,1,2,4,5,6,3,3,3
INI0000VAKD,1990,4,2,1,1,2,2,1,5,2,3,2,3
INI0000VAKD,1991,3,7,4,5,3,0,1,3,1,2,0,1
INI0000VAKD,1992,1,2,1,4,4,2,2,3,1,2,4,4
INI0000VAKD,1993,2,1,6,2,3,0,3,3,2,6,3,0
INI0000VAKD,1994,3,2,3,5,4,0,0,1,3,4,2,3
INI0000VAKD,1995,1,2,1,0,2,0,1,0,4,0,1,1
INI0000VAKD,1996,3,1,0,2,1,1,1,1,1,2,1,1
INI0000VAKD,1997,2,4,1,1,0,0,0,0,1,3,1,1
INI0000VAKD,1998,1,1,2,3,0,2,2,1,1,1,0,1
INI0000VAKD,1999,0,0,0,2,0,0,0,1,0,1,0,0
INI0000VAKD,2000,1,0,0,0,0,0,0,0,0,0,0,0
INI0000VAKD,2001,0,0,1,2,1,0,1,0,0,3,1,0
INI0000VAKD,2002,0,0,1,1,3,0,0,0,1,2,2,0
INI0000VAKD,2003,0,1,0,1,0,0,1,0,0,0,0,0
INI0000VAKD,2009,0,1,0,0,0,0,0,0,0,0,0,0
INI0000VAKD,2015,0,0,0,0,0,0,0,0,0,0,0,48
INI0000VAKD,2016,61,56,60,60,61,60,61,62,60,61,60,62
INI0000VAKD,2017,61,56,61,59,62,58,62,61,60,61,58,61
INI0000VAKD,2018,61,56,62,58,61,60,61,62,55,59,60,61
INI0000VAKD,2019,62,55,61,59,62,60,62,60,60,61,58,60
INI0000VAKD,2020,62,55,62,59,62,59,62,63,59,62,61,62
INI0000VAKD,2021,60,51,61,58,61,59,61,61,58,61,59,62
INI0000VAKD,2022,62,55,62,59,62,60,63,62,60,62,59,61
INI0000VAKD,2023,61,56,61,59,62,58,64,61,58,62,60,59
INI0000VAKD,2024,62,58,61,54,62,61,60,61,59,62,60,61
INI0000VAKD,2025,62,55,62,60,62,59,61,58,57,62,60,62
INI0000VAKD,2026,62,51,0,0,0,0,0,0,0,0,0,0
INI0000VITE,2017,0,3,5,0,3,0,4,0,0,0,0,1
INI0000VITE,2018,0,0,0,0,0,0,0,0,0,0,0,1
INI0000VITE,2022,0,0,0,0,0,0,0,1,0,0,0,0
INI0000VITE,2023,1,0,0,0,1,0,0,0,0,0,0,0
INI0000VITE,2024,0,0,0,0,0,0,0,28,0,0,0,0
INI0000VITE,2025,0,0,0,0,0,0,1,0,0,0,0,0
INI0000VARP,2016,0,0,0,0,0,0,0,0,1,1,1,0
INI0000VARP,2017,0,0,0,0,0,0,0,0,0,0,0,1
INI0000VARP,2018,0,2,11,8,2,0,0,0,0,0,0,0
INI0000VARP,2019,0,0,0,0,0,0,1,1,0,0,0,0
INI0000VIJU,2015,0,0,0,0,0,0,0,0,0,0,0,216
INI0000VIJU,2016,203,199,224,190,97,190,322,364,357,348,175,254
INI0000VIJU,2017,356,342,386,372,355,350,350,253,413,298,0,0
INI0000VIJU,2018,0,0,7,5,3,0,0,1,0,167,441,272
INI0000VIJU,2019,87,223,285,241,554,519,506,512,413,616,73,0
INI0000VIJU,2020,0,0,0,0,5,11,330,484,527,400,28,0
INI0000VIJU,2021,0,181,174,118,6,0,0,0,0,4,1,0
INI0000VIJU,2022,0,0,0,0,0,9,0,1,16,47,50,39
INI0000VIJU,2023,64,8,18,31,76,75,34,62,74,60,28,127
INI0000VIJU,2024,737,689,490,104,77,155,41,94,54,40,51,30
INI0000VIJU,2025,10,10,5,1,0,0,1,0,0,0,3,0
INI0000VIDN,2015,0,0,0,0,0,0,0,0,0,0,0,193
INI0000VIDN,2016,307,192,336,331,379,498,533,579,562,529,552,441
INI0000VIDN,2017,524,411,574,499,634,479,533,570,703,460,0,0
INI0000VIDN,2018,0,0,0,0,9,0,3,0,0,309,635,484
INI0000VIDN,2019,119,562,641,758,826,746,694,709,458,801,125,2
INI0000VIDN,2020,0,0,6,0,3,239,427,527,625,652,120,0
INI0000VIDN,2021,16,378,636,115,1,0,0,1,0,1,1,0
INI0000VIDN,2022,0,682,101,4,346,621,41,0,0,5,0,0
INI0000VIDN,2023,0,0,287,777,850,791,843,800,754,813,826,726
INI0000VIDN,2024,878,819,854,795,864,833,785,804,861,885,879,856
INI0000VIDN,2025,869,809,733,39,0,1,4,6,0,428,21,0
INI0000VIDN,2026,35,1,0,0,0,0,0,0,0,0,0,0
INI0000VAPR,2014,0,0,0,0,0,0,0,0,0,1,0,0
INI0000VAPR,2015,0,0,0,0,0,0,0,0,0,0,0,53
INI0000VAPR,2016,65,45,42,15,39,0,0,5,17,26,43,40
INI0000VAPR,2017,34,39,45,35,50,60,80,120,95,118,107,194
INI0000VAPR,2018,312,347,289,259,216,284,237,249,283,333,301,318
INI0000VAPR,2019,336,357,425,444,433,405,451,427,347,441,423,420
INI0000VAPR,2020,450,415,278,82,74,205,144,194,211,275,207,211
INI0000VAPR,2021,304,209,248,222,197,173,189,234,255,278,249,280
INI0000VAPR,2022,269,150,202,277,269,231,234,158,125,133,145,145
INI0000VAPR,2023,91,149,149,125,137,63,130,129,118,183,156,162
INI0000VAPR,2024,178,217,193,167,181,155,162,149,223,141,198,163
INI0000VAPR,2025,205,143,145,111,144,181,109,163,85,22,254,236
INI0000VAPR,2026,237,189,0,0,0,0,0,0,0,0,0,0
INI0000VERC,1944,116,116,118,118,110,116,118,120,120,118,116,122
INI0000VERC,1945,122,108,122,116,120,114,114,116,120,122,116,120
INI0000VERC,1946,124,100,120,110,122,118,90,96,120,94,92,122
INI0000VERC,1947,124,112,106,108,122,118,118,120,118,124,120,122
INI0000VERC,1948,122,116,124,116,112,120,120,124,116,118,118,118
INI0000VERC,1973,62,56,88,79,61,66,130,101,114,127,131,113
INI0000VERC,1974,96,81,136,122,122,80,87,75,101,76,89,64
INI0000VERC,1975,81,93,126,50,91,52,83,99,93,88,128,99
INI0000VERC,1976,113,90,122,115,97,111,117,117,101,105,110,130
INI0000VERC,1977,141,123,158,129,136,143,156,152,154,129,147,157
INI0000VERC,1978,154,149,170,121,136,127,162,155,149,137,161,148
INI0000VERC,1979,138,153,142,182,163,125,125,161,166,167,134,135
INI0000VERC,1980,125,128,148,157,111,135,131,81,59,141,187,146
INI0000VERC,1981,161,134,148,111,128,145,172,144,120,130,134,149
INI0000VERC,1982,146,110,128,93,120,97,114,142,123,138,166,172
INI0000VERC,1983,158,132,101,66,85,61,77,81,72,79,108,101
INI0000VERC,1984,96,89,105,95,76,53,98,83,90,103,87,96
INI0000VERC,1985,104,115,125,90,115,110,89,109,94,90,80,94
INI0000VERC,1986,102,84,98,101,103,102,92,78,110,48,72,91
INI0000VERC,1987,81,98,116,98,93,102,95,97,91,117,120,117
INI0000VERC,1988,121,127,111,113,116,96,109,115,107,116,110,126
INI0000VERC,1989,106,105,90,107,113,91,95,108,83,78,85,79
INI0000VERC,1990,82,90,100,78,62,88,89,101,62,92,57,62
INI0000VERC,1991,66,94,104,94,86,120,111,98,133,178,131,130
INI0000VERC,1992,157,149,122,111,115,105,81,119,137,180,173,180
INI0000VERC,1993,178,163,147,169,185,174,169,150,124,186,180,183
INI0000VERC,1994,183,118,190,187,181,161,120,175,123,180,156,152
INI0000VERC,1995,152,165,178,174,201,167,200,163,98,181,170,201
INI0000VERC,1996,198,176,192,191,205,162,154,158,157,206,195,212
INI0000VERC,1997,120,110,189,154,194,149,142,136,115,184,171,168
INI0000VERC,1998,170,171,196,199,190,195,176,190,190,208,181,197
INI0000VERC,1999,203,167,164,160,176,157,185,188,192,187,186,189
INI0000VERC,2000,199,197,174,161,167,182,211,212,184,227,220,226
INI0000VERC,2001,219,193,219,152,218,214,220,216,215,230,212,141
INI0000VERC,2002,188,197,212,219,222,203,234,230,225,235,232,224
INI0000VERC,2003,232,123,237,209,183,147,215,229,223,233,228,224
INI0000VERC,2004,217,214,236,221,239,228,236,234,233,239,178,237
INI0000VERC,2005,240,217,231,212,246,230,241,238,231,245,231,233
INI0000VERC,2006,233,219,240,238,240,233,181,233,201,239,218,234
INI0000VERC,2007,234,218,218,237,234,235,241,234,235,235,236,242
INI0000VERC,2008,242,226,238,237,240,231,237,248,237,238,235,240
INI0000VERC,2009,244,221,244,236,247,214,243,241,233,247,234,248
INI0000VERC,2010,243,223,242,237,249,234,235,243,239,243,240,247
INI0000VERC,2011,246,220,245,237,244,197,247,240,238,246,240,238
INI0000VERC,2012,241,226,245,238,245,236,245,246,240,227,237,242
INI0000VERC,2013,245,221,248,236,245,235,247,247,241,246,253,252
INI0000VERC,2014,256,228,244,235,254,245,249,254,242,255,243,246
INI0000VERC,2015,248,220,236,222,241,238,247,244,237,246,239,717
INI0000VERC,2016,894,775,880,858,844,878,887,914,815,906,852,873
INI0000VERC,2017,947,948,971,1038,1265,1114,1223,1237,1237,1236,1180,1237
INI0000VERC,2018,1244,1122,1214,1190,1234,1220,1268,1309,1209,1285,1234,1271
INI0000VERC,2019,1279,1131,1188,1206,1261,1236,1267,1265,1172,1248,1215,1265
INI0000VERC,2020,1255,1158,1175,859,838,1139,1174,1155,1138,1116,1058,1032
INI0000VERC,2021,1079,984,1156,1070,1274,1160,1236,1181,1183,1224,1201,1228
INI0000VERC,2022,1202,1103,1211,1190,1218,1179,1159,1217,1194,1193,1199,1227
INI0000VERC,2023,1225,1105,1203,1198,1227,1123,1232,1214,1158,1221,1160,1118
INI0000VERC,2024,1224,1138,1226,1059,1244,1154,1098,1221,1181,1233,1218,1226
INI0000VERC,2025,1218,1091,1166,988,1190,1129,1178,1132,1068,1233,1221,1278
INI0000VERC,2026,1259,1046,0,0,0,0,0,0,0,0,0,0
INI0000VAOZ,2003,0,0,0,0,0,0,1,0,0,0,0,0
INI0000VAOZ,2005,0,41,240,236,241,234,240,234,236,244,166,229
INI0000VAOZ,2006,221,2,0,0,0,0,0,0,0,0,0,0
INI0000VAOZ,2017,2,0,0,0,0,0,0,0,0,0,0,0
INI0000VAOZ,2018,0,0,0,0,1,1,0,0,0,0,2,0
INI0000VAOZ,2019,1,1,4,4,0,0,1,11,15,9,163,359
INI0000VAOZ,2020,777,755,669,307,497,678,515,766,738,636,725,795
INI0000VAOZ,2021,690,680,804,578,454,516,596,666,630,682,632,727
INI0000VAOZ,2022,686,566,698,618,659,740,647,719,743,712,578,689
INI0000VAOZ,2023,744,750,830,680,597,1,0,8,8,1,3,0
INI0000VAOZ,2024,11,17,3,0,0,0,0,0,17,1,8,25
INI0000VAOZ,2025,14,1,101,541,938,821,834,805,758,851,836,874
INI0000VAOZ,2026,894,740,0,0,0,0,0,0,0,0,0,0
INI0000VIJN,1944,114,116,120,116,114,118,122,122,120,120,116,124
INI0000VIJN,1945,124,110,124,118,116,116,116,114,112,116,114,120
INI0000VIJN,1946,120,92,114,120,122,102,78,82,90,90,86,122
INI0000VIJN,1947,114,102,120,116,122,118,114,114,106,122,116,122
INI0000VIJN,1948,114,114,122,118,114,120,124,118,118,116,116,122
INI0000VIJN,1973,40,33,39,23,15,13,22,16,18,23,17,15
INI0000VIJN,1974,26,27,23,22,9,9,9,12,16,14,16,20
INI0000VIJN,1975,12,14,15,7,5,9,25,20,21,23,25,32
INI0000VIJN,1976,17,15,28,37,39,40,38,24,11,5,6,21
INI0000VIJN,1977,31,28,32,35,33,40,37,44,36,36,37,38
INI0000VIJN,1978,41,40,43,44,31,37,31,38,34,1,1,0
INI0000VIJN,1983,0,0,0,0,0,0,0,0,2,4,10,11
INI0000VIJN,1984,14,12,16,17,8,5,13,12,13,10,8,3
INI0000VIJN,1985,9,9,12,10,7,7,5,8,17,26,17,12
INI0000VIJN,1986,10,7,14,14,8,0,4,11,12,4,9,7
INI0000VIJN,1987,2,13,12,9,7,5,11,6,9,0,1,1
INI0000VIJN,1988,1,0,1,0,0,0,1,2,0,0,0,0
INI0000VIJN,1989,0,0,0,0,0,0,0,0,0,1,1,0
INI0000VIJN,1990,0,0,1,0,0,0,0,0,0,0,0,0
INI0000VIJN,1993,0,0,0,0,0,0,3,0,0,0,0,0
INI0000VIJN,1994,0,0,1,2,0,0,1,0,2,1,0,1
INI0000VIJN,1995,0,0,0,1,0,3,0,5,0,0,0,0
INI0000VIJN,1996,1,0,1,2,3,0,1,3,1,2,0,2
INI0000VIJN,1997,1,1,0,1,1,1,0,1,1,0,0,1
INI0000VIJN,1998,1,0,0,0,0,1,0,1,0,0,2,0
INI0000VIJN,2001,0,0,0,0,0,2,1,0,0,0,0,0
INI0000VIJN,2002,0,0,0,0,1,0,0,1,0,2,0,0
INI0000VIJN,2003,0,1,1,0,0,0,0,0,0,0,0,0
INI0000VIJN,2007,0,0,0,0,1,0,0,0,0,0,0,0
INI0000VIJN,2009,0,3,0,0,0,0,1,0,0,0,0,0
INI0000VIJN,2010,1,0,0,0,0,0,0,0,0,0,0,0
INI0000VIJN,2013,0,0,0,0,1,0,0,0,0,0,0,0
INI0000VIJN,2015,0,0,0,0,0,0,0,0,0,0,0,94
INI0000VIJN,2016,122,111,120,110,121,116,118,122,120,124,119,119
INI0000VIJN,2017,121,110,123,119,124,116,120,121,115,122,115,121
INI0000VIJN,2018,121,109,121,114,121,118,121,122,110,119,118,151
INI0000VIJN,2019,154,140,151,143,153,148,155,152,147,154,148,151
INI0000VIJN,2020,219,219,238,230,241,232,237,239,230,243,237,246
INI0000VIJN,2021,246,212,245,232,242,235,244,245,235,246,234,244
INI0000VIJN,2022,245,220,244,230,233,237,237,237,233,236,233,242
INI0000VIJN,2023,237,220,241,237,242,231,241,241,230,242,234,226
INI0000VIJN,2024,247,230,245,212,246,236,237,244,235,244,236,239
INI0000VIJN,2025,244,214,244,240,244,231,245,230,220,245,238,246
INI0000VIJN,2026,238,206,0,0,0,0,0,0,0,0,0,0
INI0000VASD,2017,0,0,0,0,0,0,0,0,0,0,110,396
INI0000VASD,2018,380,360,357,352,351,203,296,344,364,444,464,522
INI0000VASD,2019,556,513,488,532,518,471,561,552,522,540,464,449
INI0000VASD,2020,400,543,464,0,13,220,139,31,31,19,49,339
INI0000VASD,2021,473,390,428,124,0,7,4,6,11,326,459,503
INI0000VASD,2022,406,367,267,393,397,421,284,452,525,527,460,479
INI0000VASD,2023,479,445,443,375,442,314,350,432,419,587,588,572
INI0000VASD,2024,599,542,625,449,452,477,452,542,516,527,538,560
INI0000VASD,2025,565,501,524,464,714,559,855,795,707,873,850,671
INI0000VASD,2026,358,245,0,0,0,0,0,0,0,0,0,0
INM00042077,2009,0,1,0,0,0,0,0,0,0,0,0,0
INM00042077,2015,0,0,0,0,0,0,0,0,0,0,0,46
INM00042077,2016,55,52,57,54,58,56,57,60,57,60,55,57
INM00042077,2017,54,53,55,58,59,56,49,59,56,61,57,59
INM00042077,2018,58,54,59,54,60,56,58,61,54,57,56,59
INM00042077,2019,62,55,56,55,56,57,59,58,56,61,56,59
INM00042077,2020,59,58,60,56,56,57,57,60,54,59,54,59
INM00042077,2021,59,50,62,47,40,38,49,50,41,49,41,50
INM00042077,2022,39,42,39,41,38,39,45,51,47,54,57,61
INM00042077,2023,57,54,61,57,54,53,47,53,53,57,58,54
INM00042077,2024,60,57,59,49,61,60,59,59,57,59,60,59
INM00042077,2025,62,48,49,58,54,58,58,57,54,55,59,55
INM00042077,2026,56,43,0,0,0,0,0,0,0,0,0,0
INI0000VABO,2015,0,0,0,0,0,0,0,0,0,0,0,732
INI0000VABO,2016,707,258,332,527,427,297,415,438,351,330,299,260
INI0000VABO,2017,237,255,268,284,318,286,336,368,316,371,308,804
INI0000VABO,2018,925,852,963,875,949,933,935,977,859,947,923,950
INI0000VABO,2019,969,882,959,948,1018,986,983,989,918,955,939,939
INI0000VABO,2020,989,892,831,541,533,870,724,883,871,857,924,936
INI0000VABO,2021,888,790,931,861,825,783,851,894,951,967,990,1024
INI0000VABO,2022,972,869,964,954,972,947,862,962,994,962,972,969
INI0000VABO,2023,1022,919,904,964,958,902,1012,996,955,1051,969,960
INI0000VABO,2024,1036,967,1025,909,1047,1074,1043,1180,1059,1109,1108,1091
INI0000VABO,2025,1108,985,1042,750,1072,1119,1125,1095,981,1130,1107,1161
INI0000VABO,2026,1104,909,0,0,0,0,0,0,0,0,0,0
INI0000VAJJ,2015,0,0,0,0,0,0,0,0,0,0,0,516
INI0000VAJJ,2016,57,561,691,517,769,643,446,452,670,647,703,545
INI0000VAJJ,2017,651,599,473,561,736,696,724,918,681,728,670,654
INI0000VAJJ,2018,702,657,716,716,752,755,755,809,689,751,719,752
INI0000VAJJ,2019,765,709,772,754,823,797,805,753,736,753,712,727
INI0000VAJJ,2020,770,742,717,585,585,613,428,619,590,498,604,639
INI0000VAJJ,2021,596,561,654,633,634,580,645,601,617,656,602,666
INI0000VAJJ,2022,663,590,673,671,687,668,619,628,671,656,657,678
INI0000VAJJ,2023,679,606,652,478,671,632,694,678,650,654,640,609
INI0000VAJJ,2024,670,631,681,589,640,613,588,667,647,680,659,662
INI0000VAJJ,2025,667,608,609,425,706,688,677,630,594,683,653,672
INI0000VAJJ,2026,680,566,0,0,0,0,0,0,0,0,0,0
INM00042267,2019,4,50,43,45,53,56,54,48,30,46,38,41
INM00042267,2020,41,37,34,43,51,31,29,3,21,33,37,39
INM00042267,2021,31,19,12,17,8,29,30,15,8,13,21,25
INM00042267,2022,25,25,24,18,16,27,24,16,17,13,17,17
INM00042267,2023,13,13,11,4,6,10,5,8,13,11,0,0
INM00042267,2024,0,0,0,9,60,54,45,51,45,41,50,52
INM00042267,2025,57,53,56,54,58,56,57,53,49,62,57,51
INM00042267,2026,52,48,0,0,0,0,0,0,0,0,0,0
INI0000VEBI,2015,0,0,0,0,0,0,0,0,0,0,0,70
INI0000VEBI,2016,93,86,247,235,243,158,157,161,139,153,143,133
INI0000VEBI,2017,167,168,167,165,183,148,146,185,115,165,105,106
INI0000VEBI,2018,142,265,145,185,298,212,252,310,263,289,279,293
INI0000VEBI,2019,302,259,265,248,178,91,248,304,281,306,284,214
INI0000VEBI,2020,316,253,230,155,205,277,284,276,248,245,244,258
INI0000VEBI,2021,238,239,214,219,193,126,213,202,264,249,318,355
INI0000VEBI,2022,295,266,263,303,299,298,280,288,315,286,241,350
INI0000VEBI,2023,367,361,358,328,363,341,334,362,316,339,343,338
INI0000VEBI,2024,413,321,370,414,461,417,416,478,438,480,481,495
INI0000VEBI,2025,492,443,482,412,484,473,493,487,457,517,514,541
INI0000VEBI,2026,539,447,0,0,0,0,0,0,0,0,0,0
INI0000VECO,2013,0,0,0,0,0,0,0,0,0,0,0,5
INI0000VECO,2014,10,18,20,18,12,16,0,10,15,0,5,1
INI0000VECO,2015,0,0,0,8,0,0,0,0,0,0,0,0
INI0000VECO,2016,59,86,85,86,91,71,20,3,1,0,37,63
INI0000VECO,2021,0,0,0,0,0,0,0,0,0,90,296,309
INI0000VECO,2022,302,276,309,293,300,291,283,311,296,305,300,305
INI0000VECO,2023,310,305,330,343,358,326,331,344,350,357,378,354
INI0000VECO,2024,410,357,383,335,333,340,315,361,356,361,354,364
INI0000VECO,2025,388,335,293,214,365,346,367,349,322,368,350,367
INI0000VECO,2026,366,295,0,0,0,0,0,0,0,0,0,0
INI0000VEDG,1943,0,0,0,0,6,720,744,743,719,744,720,742
INI0000VEDG,1944,743,694,743,720,741,720,740,744,720,743,720,743
INI0000VEDG,1945,743,672,744,720,743,720,744,743,720,744,719,690
INI0000VEDG,2016,0,0,312,363,307,285,205,186,125,136,240,230
INI0000VEDG,2017,228,215,229,245,343,436,289,183,175,82,126,150
INI0000VEDG,2018,132,281,247,276,225,204,192,240,182,180,218,194
INI0000VEDG,2019,198,278,356,428,384,337,500,489,474,571,746,795
INI0000VEDG,2020,681,644,512,0,0,0,4,63,183,191,337,405
INI0000VEDG,2021,480,441,545,550,229,214,425,390,433,488,592,686
INI0000VEDG,2022,563,444,711,916,984,883,845,863,896,888,701,702
INI0000VEDG,2023,678,613,663,784,822,725,863,822,807,793,664,652
INI0000VEDG,2024,728,697,714,612,736,662,652,720,743,778,752,764
INI0000VEDG,2025,776,758,784,646,821,758,807,787,730,857,815,877
INI0000VEDG,2026,832,693,0,0,0,0,0,0,0,0,0,0
INI0000VIKG,2021,0,0,159,47,19,14,47,33,28,25,10,0
INI0000VIKG,2022,0,41,8,4,21,39,0,0,0,0,0,0
INI0000VIKG,2023,0,0,3,11,2,2,1,0,1,0,0,0
INI0000VIKG,2024,8,0,0,15,6,2,7,3,4,13,0,1
INI0000VIKG,2025,0,0,0,2,7,1,3,3,4,247,478,458
INI0000VIKG,2026,450,364,0,0,0,0,0,0,0,0,0,0
INM00042709,1944,58,58,58,60,54,58,62,82,120,120,114,122
INM00042709,1945,124,112,122,120,120,108,114,116,120,124,116,120
INM00042709,1946,120,98,122,96,108,112,84,60,92,72,86,102
INM00042709,1947,116,104,116,114,116,116,108,124,108,114,116,116
INM00042709,1948,120,112,122,116,112,114,118,120,120,114,116,122
INM00042709,1974,4,8,5,6,10,8,5,3,4,1,0,0
INM00042709,1980,0,0,6,3,0,0,2,0,4,2,4,7
INM00042709,1981,3,3,6,2,3,5,7,8,8,4,10,0
INM00042709,1982,4,4,5,5,2,7,4,3,3,6,11,5
INM00042709,1983,2,0,0,1,0,1,0,0,2,0,0,0
INM00042709,1984,0,0,0,1,0,0,1,2,1,0,0,0
INM00042709,1985,0,0,1,0,2,1,0,0,0,0,0,0
INM00042709,2003,0,0,1,1,0,0,0,0,0,0,0,0
INM00042709,2009,0,1,0,0,0,0,0,0,0,0,0,0
INM00042709,2015,0,0,0,0,0,0,0,0,0,0,0,47
INM00042709,2016,59,56,59,58,60,58,61,58,60,61,60,58
INM00042709,2017,61,55,61,60,61,57,62,62,60,61,60,60
INM00042709,2018,61,56,62,57,62,59,61,62,57,57,59,62
INM00042709,2019,62,56,56,58,62,59,61,62,60,60,60,61
INM00042709,2020,59,48,56,57,57,58,61,62,58,62,59,60
INM00042709,2021,60,51,62,60,60,56,57,61,60,60,60,62
INM00042709,2022,61,56,61,60,59,59,62,61,59,59,60,57
INM00042709,2023,32,54,61,57,61,58,61,60,58,61,60,57
INM00042709,2024,61,58,62,54,62,60,60,62,59,63,60,61
INM00042709,2025,63,55,61,59,62,59,61,56,55,62,59,61
INM00042709,2026,51,50,0,0,0,0,0,0,0,0,0,0
INM00042730,2001,0,0,0,0,0,0,0,0,0,1,0,0
INM00042730,2003,0,0,0,0,0,1,1,0,0,0,0,0
INM00042730,2005,0,0,0,0,1,0,0,0,0,0,0,0
INM00042730,2007,0,0,0,0,1,0,0,0,0,1,0,1
INM00042730,2008,0,2,0,0,0,0,0,0,0,0,0,0
INM00042730,2009,0,4,0,0,0,0,0,0,0,0,0,0
INM00042730,2011,0,0,0,0,0,0,1,0,0,0,0,0
INM00042730,2015,0,0,0,0,0,0,0,0,0,0,0,195
INM00042730,2016,246,227,246,239,248,239,246,247,240,247,238,247
INM00042730,2017,241,224,248,240,248,235,247,243,240,248,237,244
INM00042730,2018,248,224,248,236,247,240,243,247,220,244,238,247
INM00042730,2019,246,223,242,240,246,240,247,248,238,247,238,247
INM00042730,2020,248,231,248,240,248,238,246,248,236,248,240,246
INM00042730,2021,248,211,248,239,244,239,244,246,240,246,239,248
INM00042730,2022,248,223,248,239,246,239,248,243,240,242,240,246
INM00042730,2023,248,219,243,238,247,235,247,242,232,244,238,230
INM00042730,2024,247,230,246,215,245,239,240,245,235,247,238,245
INM00042730,2025,245,220,246,240,247,237,244,229,223,245,237,247
INM00042730,2026,243,205,0,0,0,0,0,0,0,0,0,0
INM00042795,1944,56,54,58,60,54,58,56,56,60,56,60,62
INM00042795,1945,60,56,58,50,56,56,52,0,0,0,0,0
INM00042795,1973,23,17,20,7,10,8,17,17,17,10,15,7
INM00042795,1974,12,13,9,16,7,8,11,7,5,0,3,3
INM00042795,1975,5,8,4,0,0,0,0,1,0,5,10,7
INM00042795,1976,6,9,7,4,7,9,14,10,4,4,4,17
INM00042795,1977,16,15,28,18,25,24,33,35,32,26,30,34
INM00042795,1978,34,42,35,41,36,33,45,40,38,3,5,4
INM00042795,1979,3,7,3,9,2,3,6,6,4,1,1,1
INM00042795,1980,2,0,0,0,0,0,0,0,0,0,0,0
INM00042795,1981,0,0,0,0,0,0,0,0,0,7,7,2
INM00042795,1982,1,4,2,0,2,4,4,2,3,1,1,4
INM00042795,1983,0,1,0,1,0,0,0,0,2,6,7,11
INM00042795,1984,2,10,10,12,8,2,18,11,10,15,9,6
INM00042795,1985,13,21,9,2,6,12,11,12,7,8,3,7
INM00042795,1986,15,10,12,11,5,0,1,3,6,0,11,9
INM00042795,1987,9,6,10,5,11,4,1,0,3,0,2,3
INM00042795,1988,15,2,0,1,1,2,4,2,1,1,3,0
INM00042795,1989,1,1,0,0,0,1,4,2,0,1,1,3
INM00042795,1990,1,0,1,1,1,0,0,0,0,0,0,0
INM00042795,2001,0,0,0,0,0,0,0,0,0,0,1,0
INM00042795,2003,0,0,0,0,0,0,0,0,0,0,1,0
INM00042795,2009,0,1,0,0,0,0,0,0,0,0,0,0
INM00042795,2015,0,0,0,0,0,0,0,0,0,0,0,15
INM00042795,2016,23,20,23,18,21,18,19,18,11,1,0,0
INM00042795,2019,0,0,0,0,0,1,0,0,0,0,0,0
INM00042795,2024,0,0,0,0,0,0,44,58,60,60,52,48
INM00042795,2025,55,48,45,0,26,49,55,54,53,62,58,59
INM00042795,2026,59,44,0,0,0,0,0,0,0,0,0,0
INM00042511,1973,20,23,24,19,20,10,25,25,11,21,21,13
INM00042511,1974,7,1,14,14,7,9,7,11,3,2,6,2
INM00042511,1975,9,5,5,3,4,7,11,4,7,6,13,7
INM00042511,1976,17,12,12,11,5,6,7,6,3,0,1,0
INM00042511,1977,4,6,1,1,0,21,11,15,11,14,15,8
INM00042511,1978,4,5,7,4,7,7,11,6,1,0,0,1
INM00042511,1979,0,0,0,0,1,0,0,0,0,0,0,0
INM00042511,2002,0,0,0,0,0,1,0,1,0,0,1,0
INM00042511,2003,0,1,0,0,0,0,0,0,0,0,0,0
INM00042699,1944,56,58,58,60,58,60,60,76,118,118,118,124
INM00042699,1945,118,112,124,118,120,112,116,116,120,122,116,120
INM00042699,1946,122,100,118,118,120,116,90,104,110,76,88,100
INM00042699,1947,112,108,114,106,118,114,110,122,116,118,120,120
INM00042699,1948,120,114,120,118,114,118,112,118,114,114,116,120
INM00042699,1973,37,29,33,19,0,12,18,22,20,15,18,13
INM00042699,1974,8,19,0,0,0,1,0,0,0,0,0,0
INM00042699,1975,0,0,0,0,0,0,8,9,8,8,9,7
INM00042699,1976,6,5,3,0,3,15,10,6,6,10,5,5
INM00042699,1977,3,3,11,13,16,15,8,17,10,20,16,17
INM00042699,1978,19,8,5,6,7,8,20,13,11,0,0,0
INM00042699,1979,0,0,0,0,0,1,1,0,0,0,0,0
INM00042699,2002,0,0,0,1,0,0,0,1,1,0,0,0
INM00042699,2003,0,0,0,0,0,2,1,2,0,0,0,0
INM00042699,2005,0,1,0,0,0,0,0,0,0,0,0,0
INM00042699,2009,0,1,0,0,0,0,0,0,0,0,0,0
INM00042699,2011,0,0,0,0,1,0,0,0,0,0,0,0
INM00042699,2019,0,0,0,0,1,0,0,0,0,0,0,0
INM00042499,2002,0,0,0,0,0,1,0,0,0,0,1,0
INM00042499,2003,1,0,0,1,0,0,0,0,0,0,0,0
INM00042499,2009,0,1,0,0,0,0,0,0,0,0,0,0
INM00042499,2015,0,0,0,0,0,0,0,0,0,0,0,15
INM00042499,2016,20,14,18,13,19,21,21,24,19,15,19,23
INM00042499,2017,14,18,18,15,15,21,20,13,16,12,18,20
INM00042499,2018,19,16,17,20,18,19,16,22,18,24,26,23
INM00042499,2019,23,24,24,20,18,25,25,19,35,43,44,33
INM00042499,2020,47,39,35,41,51,34,11,32,26,21,39,17
INM00042499,2021,33,35,46,43,39,34,39,51,40,44,37,51
INM00042499,2022,54,46,57,36,48,48,60,53,49,55,52,50
INM00042499,2023,55,52,50,52,57,50,51,49,51,47,47,43
INM00042499,2024,53,0,0,0,0,1,0,0,1,0,0,0
INM00042499,2025,0,0,0,0,0,0,0,0,0,1,0,55
INM00042499,2026,59,51,0,0,0,0,0,0,0,0,0,0
INM00042679,1973,42,33,35,31,31,36,38,35,35,29,35,35
INM00042679,1974,43,37,39,37,32,33,40,37,28,28,30,30
INM00042679,1975,23,28,39,28,22,34,33,30,21,24,29,31
INM00042679,1976,28,23,31,19,17,16,20,14,7,7,8,5
INM00042679,1977,13,18,21,17,10,14,21,22,25,24,27,23
INM00042679,1978,33,43,42,42,33,41,42,32,25,3,1,1
INM00042679,1979,1,4,3,1,3,0,3,1,1,2,2,2
INM00042679,1980,2,4,3,0,0,1,0,1,2,2,1,1
INM00042679,1981,0,2,0,0,2,3,1,2,2,7,4,0
INM00042679,1982,1,1,1,1,1,0,3,0,3,1,3,4
INM00042679,1983,0,1,0,0,0,1,1,1,3,17,11,16
INM00042679,1984,11,11,17,13,15,10,8,9,15,7,17,10
INM00042679,1985,9,17,5,16,4,6,9,15,12,17,7,6
INM00042679,1986,6,4,7,6,7,0,3,4,1,3,7,3
INM00042679,1987,6,5,3,4,2,0,1,0,0,0,1,0
INM00042679,1988,1,3,3,0,1,1,3,2,0,0,4,2
INM00042679,1989,3,3,2,3,2,0,1,3,3,2,5,2
INM00042679,1990,1,2,1,4,2,0,4,2,3,3,3,1
INM00042679,1991,1,1,4,4,2,0,1,2,1,0,0,2
INM00042679,1992,3,2,1,1,5,2,3,0,4,2,4,2
INM00042679,1993,2,2,1,5,1,5,0,8,0,4,2,2
INM00042679,1994,3,4,4,2,2,1,0,2,0,1,2,1
INM00042679,1995,2,1,0,2,3,1,0,0,2,0,0,0
INM00042679,1996,1,1,0,3,2,0,0,3,1,0,2,2
INM00042679,1997,5,3,2,1,1,2,0,2,1,1,2,1
INM00042679,1998,0,0,0,2,0,1,0,2,1,1,1,3
INM00042679,1999,0,4,1,2,1,2,3,0,5,4,3,1
INM00042679,2000,0,2,5,0,0,0,0,0,0,0,0,0
INM00042679,2001,0,0,0,0,0,1,1,0,0,0,0,0
INM00042679,2002,0,0,0,0,0,1,1,0,0,0,0,0
INM00042679,2003,1,1,0,0,0,1,0,0,0,0,0,0
INM00042679,2007,0,0,0,0,1,0,0,0,0,0,0,0
INM00042679,2009,0,2,0,0,0,0,0,0,0,0,0,0
INM00042679,2015,0,0,0,0,0,0,0,0,0,0,0,48
INM00042679,2016,62,57,57,59,60,58,61,61,59,56,55,60
INM00042679,2017,60,55,60,57,60,53,61,61,57,58,60,61
INM00042679,2018,62,55,61,56,62,59,61,60,54,60,59,61
INM00042679,2019,61,55,59,59,62,60,61,61,58,62,59,61
INM00042679,2020,59,56,62,60,61,60,60,63,59,62,58,62
INM00042679,2021,61,49,62,60,61,58,62,62,57,62,60,62
INM00042679,2022,62,54,62,60,62,60,61,63,62,65,58,61
INM00042679,2023,62,57,61,60,62,59,63,61,59,61,59,59
INM00042679,2024,62,58,62,54,62,60,59,62,59,62,60,61
INM00042679,2025,62,55,61,60,60,58,59,58,55,62,60,60
INM00042679,2026,62,51,0,0,0,0,0,0,0,0,0,0
INM00042523,1973,39,26,38,23,22,20,23,27,19,26,23,31
INM00042523,1974,26,22,31,18,14,21,21,15,29,18,23,25
INM00042523,1975,25,16,24,16,16,14,20,14,19,20,21,16
INM00042523,1976,21,19,23,21,19,12,20,14,15,7,11,10
INM00042523,1977,20,25,22,31,24,22,28,34,26,26,28,35
INM00042523,1978,36,35,49,33,37,34,38,36,35,0,3,0
INM00042523,1979,0,0,0,0,1,1,0,0,0,0,1,0
INM00042523,1984,3,0,0,0,4,2,0,0,0,0,0,0
INM00042523,1985,0,0,2,0,0,1,2,1,0,0,5,7
INM00042523,1986,10,7,3,5,2,4,1,0,0,0,0,0
INM00042523,2015,0,0,0,0,0,0,0,0,0,0,0,48
INM00042523,2016,59,48,56,59,52,52,55,51,55,54,55,60
INM00042523,2017,56,54,60,56,45,52,55,59,52,55,50,61
INM00042523,2018,58,38,41,52,61,58,52,50,56,58,55,60
INM00042523,2019,60,56,59,59,62,57,61,59,58,61,58,57
INM00042523,2020,62,57,61,56,58,58,62,62,56,60,54,60
INM00042523,2021,53,48,53,53,55,52,59,58,58,58,56,56
INM00042523,2022,58,44,54,53,59,55,53,53,51,53,54,54
INM00042523,2023,57,37,56,55,59,53,59,43,52,58,52,50
INM00042523,2024,56,53,55,52,62,60,59,61,56,60,57,60
INM00042523,2025,62,53,61,58,57,57,58,55,52,60,53,57
INM00042523,2026,54,49,0,0,0,0,0,0,0,0,0,0
INM00042540,1944,56,58,54,56,58,60,62,62,60,62,58,62
INM00042540,1945,62,54,62,54,60,56,58,56,60,62,58,60
INM00042540,1946,62,50,58,96,112,94,66,74,90,86,78,110
INM00042540,1947,102,106,118,86,112,104,112,104,98,108,112,102
INM00042540,1948,102,102,122,112,118,106,116,120,118,116,102,106
INM00042540,1973,37,32,33,31,32,26,21,25,16,30,31,17
INM00042540,1974,23,28,28,23,13,24,31,27,23,22,22,20
INM00042540,1975,32,1,2,0,0,0,0,0,0,0,0,0
INM00042540,1977,0,0,0,0,0,0,24,19,23,8,12,8
INM00042540,1978,5,17,7,6,5,21,36,34,33,0,0,1
INM00042540,1979,1,3,1,1,1,2,1,0,1,0,0,0
INM00042540,1980,0,0,0,1,1,1,0,1,1,1,0,1
INM00042540,1981,1,0,0,1,0,1,1,2,1,4,2,6
INM00042540,1982,0,1,1,0,0,0,0,0,0,0,0,0
INM00042540,1984,18,22,14,21,19,13,22,20,17,26,23,7
INM00042540,1985,28,24,20,24,23,24,14,20,30,25,25,15
INM00042540,1986,21,19,19,25,9,8,8,11,7,8,17,23
INM00042540,1987,21,16,20,17,7,11,5,1,5,2,4,11
INM00042540,1988,19,17,5,1,3,2,9,6,3,1,2,6
INM00042540,1989,4,4,3,5,3,1,4,3,1,4,4,5
INM00042540,1990,5,1,5,0,0,0,0,0,0,0,0,0
INM00042540,2009,0,1,0,0,0,0,0,0,0,0,0,0
INM00042540,2015,0,0,0,0,0,0,0,0,0,0,0,19
INM00042540,2016,29,27,26,28,29,25,29,27,26,27,26,27
INM00042540,2017,27,27,28,20,25,23,27,27,29,27,26,27
INM00042540,2018,31,26,24,26,29,28,29,28,21,28,26,31
INM00042540,2019,29,24,29,29,19,25,27,28,22,29,4,26
INM00042540,2020,11,20,22,25,28,29,26,25,26,16,29,31
INM00042540,2021,29,26,30,6,1,1,21,25,14,0,0,0
INM00042540,2024,0,0,16,33,45,33,42,38,38,48,50,42
INM00042540,2025,42,36,47,43,41,44,1,0,0,0,0,0
INM00042705,1944,0,0,150,720,744,714,0,0,0,0,0,0
INM00042705,2002,0,0,1,0,0,0,0,0,0,0,0,0
INM00042705,2015,0,0,0,0,0,0,0,0,0,0,0,49
INM00042705,2016,58,55,59,57,57,53,55,57,55,58,55,57
INM00042705,2017,58,55,56,56,58,52,58,56,58,55,56,57
INM00042705,2018,35,55,58,55,60,57,59,57,56,56,57,61
INM00042705,2019,58,56,55,54,59,56,54,58,56,60,52,59
INM00042705,2020,57,34,43,0,52,54,58,58,58,61,56,56
INM00042705,2021,52,49,59,58,59,56,59,58,59,61,58,60
INM00042705,2022,62,53,54,59,59,59,61,50,58,59,59,58
INM00042705,2023,60,56,59,54,58,58,60,58,37,47,52,49
INM00042705,2024,60,58,62,54,62,59,60,48,59,61,59,59
INM00042705,2025,63,42,58,58,60,57,60,57,55,54,58,60
INM00042705,2026,42,49,0,0,0,0,0,0,0,0,0,0
INI0000VILD,2015,0,0,0,0,0,0,0,0,0,0,0,93
INI0000VILD,2016,124,130,153,158,144,99,94,114,179,105,126,97
INI0000VILD,2017,96,110,137,147,129,89,40,136,261,151,0,0
INI0000VILD,2018,0,0,0,0,1,0,1,0,0,90,199,133
INI0000VILD,2019,29,160,208,205,212,153,134,152,97,169,14,0
INI0000VILD,2020,0,0,0,0,4,61,68,76,74,120,21,0
INI0000VILD,2021,0,76,65,17,0,0,0,0,0,0,0,0
INI0000VILD,2022,0,80,15,0,26,61,3,105,114,134,121,74
INI0000VILD,2023,27,22,86,58,46,13,4,18,198,215,181,42
INI0000VILD,2024,0,6,0,0,9,3,0,0,0,60,167,152
INI0000VILD,2025,145,172,218,67,0,2,171,44,0,79,161,183
INI0000VILD,2026,180,163,0,0,0,0,0,0,0,0,0,0
INI0000VILH,2006,0,0,0,0,0,0,0,0,9,3,10,5
INI0000VILH,2007,3,11,3,5,0,1,2,1,1,0,0,0
INI0000VILH,2008,1,3,2,0,0,0,0,0,0,0,0,0
INI0000VILH,2009,0,0,0,0,0,0,1,0,0,0,0,0
INI0000VILH,2010,1,0,0,0,0,0,0,0,0,0,0,0
INI0000VILH,2011,0,0,0,0,0,0,0,0,0,4,0,0
INI0000VILH,2015,0,0,0,0,0,0,0,0,0,0,0,203
INI0000VILH,2016,204,155,160,155,161,121,301,241,219,176,264,243
INI0000VILH,2017,284,315,368,289,179,201,210,225,304,210,0,0
INI0000VILH,2018,2,0,1,6,0,0,0,0,0,100,420,230
INI0000VILH,2019,80,235,263,247,565,532,524,501,389,596,75,0
INI0000VILH,2020,0,0,0,0,5,12,343,504,568,431,24,0
INI0000VILH,2021,0,170,170,228,149,142,150,150,145,153,151,148
INI0000VILH,2022,153,135,150,145,148,156,143,153,159,183,191,182
INI0000VILH,2023,196,145,167,163,215,183,151,173,174,170,101,188
INI0000VILH,2024,651,642,535,181,164,219,129,196,194,179,185,171
INI0000VILH,2025,157,150,151,144,149,144,152,143,130,155,153,155
INI0000VILH,2026,155,129,0,0,0,0,0,0,0,0,0,0
INI0000VIDD,1942,0,0,0,0,0,0,332,373,360,371,360,361
INI0000VIDD,1943,372,336,414,390,421,430,518,742,719,740,701,742
INI0000VIDD,1944,743,696,742,720,744,718,743,744,720,743,720,744
INI0000VIDD,1945,743,672,744,720,744,720,744,744,719,743,720,744
INI0000VIDD,1946,743,469,122,118,116,106,92,104,114,92,82,122
INI0000VIDD,1947,122,108,116,116,120,112,116,118,112,120,120,122
INI0000VIDD,1948,122,110,124,112,114,114,124,122,120,114,120,124
INI0000VIDD,1954,62,56,62,60,62,60,62,60,60,62,59,61
INI0000VIDD,1955,62,55,61,60,62,60,60,58,60,62,60,62
INI0000VIDD,1956,62,58,62,60,59,60,62,62,60,62,60,61
INI0000VIDD,1957,108,101,109,94,88,78,148,160,155,169,169,163
INI0000VIDD,1958,170,158,177,162,169,164,166,167,171,169,146,153
INI0000VIDD,1959,93,93,104,105,75,79,83,73,83,78,84,79
INI0000VIDD,1960,83,80,90,94,88,72,79,76,79,71,59,59
INI0000VIDD,1961,106,99,150,139,149,139,144,153,146,149,143,144
INI0000VIDD,1962,150,140,149,149,153,149,151,157,145,155,148,154
INI0000VIDD,1963,62,56,61,60,58,58,61,61,59,61,58,61
INI0000VIDD,1973,202,178,222,212,215,206,221,207,182,204,195,186
INI0000VIDD,1974,199,189,203,202,219,208,216,207,204,211,199,204
INI0000VIDD,1975,206,180,201,200,203,215,215,208,197,193,200,198
INI0000VIDD,1976,184,178,206,194,206,193,190,219,184,185,178,181
INI0000VIDD,1977,187,188,221,220,234,209,224,228,212,217,206,224
INI0000VIDD,1978,210,209,244,233,226,228,231,238,221,231,221,223
INI0000VIDD,1979,215,201,225,235,246,234,242,243,236,244,233,244
INI0000VIDD,1980,244,231,244,235,245,236,241,246,234,242,236,247
INI0000VIDD,1981,243,220,246,234,247,227,247,245,236,238,235,246
INI0000VIDD,1982,235,215,245,231,237,231,242,235,236,243,237,248
INI0000VIDD,1983,248,221,245,233,234,236,243,246,241,246,238,246
INI0000VIDD,1984,238,232,246,238,246,237,249,249,243,248,233,244
INI0000VIDD,1985,248,222,243,240,238,244,243,244,239,245,238,242
INI0000VIDD,1986,242,219,248,240,247,232,238,245,235,247,236,244
INI0000VIDD,1987,253,217,246,236,236,233,239,232,230,247,230,247
INI0000VIDD,1988,233,230,241,237,236,234,233,236,215,190,209,219
INI0000VIDD,1989,215,208,216,220,237,229,222,220,216,231,225,243
INI0000VIDD,1990,245,212,239,210,228,217,227,232,217,146,144,163
INI0000VIDD,1991,204,153,166,224,228,204,236,225,232,228,224,198
INI0000VIDD,1992,174,165,166,153,129,149,127,137,228,233,232,229
INI0000VIDD,1993,238,212,243,236,236,229,237,242,226,237,226,223
INI0000VIDD,1994,231,210,263,231,217,227,238,232,230,230,233,243
INI0000VIDD,1995,241,212,233,233,244,224,241,240,233,238,240,245
INI0000VIDD,1996,238,218,232,231,232,225,234,223,231,235,230,240
INI0000VIDD,1997,245,220,224,219,235,227,238,238,228,237,221,234
INI0000VIDD,1998,208,211,234,228,230,227,228,217,221,228,208,230
INI0000VIDD,1999,232,213,233,217,234,230,238,225,224,228,221,220
INI0000VIDD,2000,224,230,242,225,239,223,235,238,229,235,230,239
INI0000VIDD,2001,243,221,242,236,242,232,234,229,236,238,236,240
INI0000VIDD,2002,238,219,233,228,240,215,237,234,229,240,235,236
INI0000VIDD,2003,241,222,242,230,243,234,245,240,218,243,231,239
INI0000VIDD,2004,242,229,244,233,240,239,243,248,238,244,238,242
INI0000VIDD,2005,248,220,239,240,247,238,243,245,238,248,233,244
INI0000VIDD,2006,237,226,253,241,249,235,247,244,237,248,233,243
INI0000VIDD,2007,247,221,238,237,235,237,251,243,234,236,235,245
INI0000VIDD,2008,244,226,245,239,244,240,244,246,239,246,234,242
INI0000VIDD,2009,246,222,243,239,246,221,244,247,232,247,240,245
INI0000VIDD,2010,245,222,245,238,246,237,226,220,230,229,234,241
INI0000VIDD,2011,238,211,239,235,236,195,242,244,240,247,237,248
INI0000VIDD,2012,241,228,247,236,239,233,246,245,240,240,230,243
INI0000VIDD,2013,243,222,245,236,239,229,243,243,235,248,234,244
INI0000VIDD,2014,245,222,239,237,240,236,244,247,238,244,240,246
INI0000VIDD,2015,248,223,246,239,245,234,244,246,234,243,239,426
INI0000VIDD,2016,468,391,465,459,512,456,488,757,785,807,776,810
INI0000VIDD,2017,804,734,801,771,743,746,730,803,772,655,236,244
INI0000VIDD,2018,242,221,255,234,267,232,240,245,235,489,713,586
INI0000VIDD,2019,326,647,743,775,813,750,750,804,613,813,323,252
INI0000VIDD,2020,246,232,249,239,255,479,595,707,702,758,344,272
INI0000VIDD,2021,343,519,705,336,266,261,307,286,286,276,245,248
INI0000VIDD,2022,248,674,324,237,429,604,271,244,236,253,239,246
INI0000VIDD,2023,247,226,249,245,256,235,246,244,231,246,235,233
INI0000VIDD,2024,251,240,247,213,247,249,255,265,245,255,261,253
INI0000VIDD,2025,247,217,246,239,246,230,248,235,224,246,255,246
INI0000VIDD,2026,244,211,0,0,0,0,0,0,0,0,0,0
INM00042139,1944,0,0,0,0,0,12,32,40,10,24,12,10
INM00042139,1945,62,56,62,58,58,50,58,54,60,62,26,0
INM00042139,1946,0,0,0,0,0,20,26,24,30,40,36,54
INM00042139,1947,42,50,58,60,60,60,58,62,50,46,60,56
INM00042139,1948,50,48,60,58,50,52,56,60,58,60,60,56
INM00042139,1973,25,16,19,15,0,8,6,7,3,8,4,6
INM00042139,1974,5,10,6,5,2,1,2,3,0,3,4,10
INM00042139,1975,2,1,4,1,2,2,8,6,5,8,14,8
INM00042139,1976,2,6,10,19,15,14,17,13,7,0,1,6
INM00042139,1977,11,18,18,19,21,15,11,18,16,17,22,16
INM00042139,1978,23,17,20,23,18,17,16,14,12,0,0,0
INM00042139,1979,2,0,1,0,1,0,0,0,0,0,0,0
INM00042139,2002,0,0,0,0,1,0,0,0,0,0,0,0
INM00042139,2009,0,1,0,0,0,0,0,0,0,0,0,0
INM00042139,2015,0,0,0,0,0,0,0,0,0,0,0,94
INM00042139,2016,122,106,119,115,121,119,121,121,119,123,115,117
INM00042139,2017,117,108,119,111,116,113,115,121,114,117,112,121
INM00042139,2018,123,103,118,110,118,116,117,119,105,116,117,122
INM00042139,2019,118,109,120,115,121,115,118,119,104,123,117,121
INM00042139,2020,115,112,117,116,122,116,120,120,112,121,119,122
INM00042139,2021,124,102,124,118,116,114,124,124,120,123,119,123
INM00042139,2022,124,111,122,120,122,119,122,124,118,123,119,123
INM00042139,2023,122,112,122,118,123,116,123,122,117,124,117,114
INM00042139,2024,124,116,124,107,123,120,121,123,119,124,120,122
INM00042139,2025,123,111,123,120,125,119,123,115,111,124,120,126
INM00042139,2026,124,103,0,0,0,0,0,0,0,0,0,0
INI0000VIRB,2016,0,0,1,0,0,0,0,0,0,0,0,0
INI0000VIRB,2022,0,4,0,0,0,0,0,0,0,0,0,0
INM00042148,2007,0,0,0,0,1,0,0,0,0,0,0,0
INM00042148,2009,0,1,0,0,0,0,0,0,0,0,0,0
INM00042148,2010,1,0,0,0,0,0,0,0,0,0,0,0
INM00042148,2013,0,0,0,0,1,0,0,0,0,0,0,0
INM00042148,2015,0,0,0,0,0,0,0,0,0,0,0,73
INM00042148,2016,94,87,90,90,94,91,93,92,90,93,90,93
INM00042148,2017,90,86,93,89,93,88,92,93,90,90,89,93
INM00042148,2018,90,84,91,86,92,89,89,91,84,91,91,94
INM00042148,2019,93,83,91,118,120,119,120,123,116,125,117,122
INM00042148,2020,119,114,124,120,123,120,124,124,118,125,119,123
INM00042148,2021,124,103,124,119,121,118,122,124,120,123,120,119
INM00042148,2022,124,110,120,118,121,119,124,120,118,122,120,122
INM00042148,2023,121,111,122,117,118,118,123,124,117,122,120,114
INM00042148,2024,123,116,123,106,123,120,122,123,119,125,119,122
INM00042148,2025,123,111,123,120,124,119,123,114,111,124,120,124
INM00042148,2026,124,103,0,0,0,0,0,0,0,0,0,0
INI0000VABB,1944,116,114,120,118,116,120,124,124,120,124,118,122
INI0000VABB,1945,124,112,124,120,116,110,116,116,120,122,116,112
INI0000VABB,1946,122,102,122,120,124,120,118,122,120,94,92,124
INI0000VABB,1947,124,112,124,120,124,120,120,122,118,124,120,122
INI0000VABB,1948,124,116,124,120,118,116,122,124,120,120,118,124
INI0000VABB,1954,62,56,62,60,62,60,61,60,60,62,60,62
INI0000VABB,1955,61,55,60,60,61,60,60,58,60,62,60,62
INI0000VABB,1956,62,58,61,60,60,60,61,61,60,62,60,61
INI0000VABB,1957,95,78,85,83,75,71,146,147,153,160,151,149
INI0000VABB,1958,152,141,155,144,154,147,150,150,146,152,134,143
INI0000VABB,1959,75,72,88,87,67,73,71,67,71,64,70,67
INI0000VABB,1960,70,71,78,81,70,72,73,78,71,70,64,70
INI0000VABB,1961,105,99,147,129,131,127,137,136,131,148,140,136
INI0000VABB,1962,145,139,148,142,147,145,148,149,141,144,138,151
INI0000VABB,1963,62,56,62,60,61,59,61,61,60,61,59,61
INI0000VABB,1973,188,163,194,191,199,177,207,168,161,182,172,175
INI0000VABB,1974,187,172,189,191,200,205,190,201,186,186,186,193
INI0000VABB,1975,191,171,203,183,180,146,179,196,181,181,185,176
INI0000VABB,1976,171,166,193,171,184,166,176,191,178,182,166,185
INI0000VABB,1977,187,180,212,214,200,201,202,219,209,196,197,211
INI0000VABB,1978,208,209,239,223,235,220,223,227,222,225,195,206
INI0000VABB,1979,211,193,223,230,230,219,215,191,222,225,223,239
INI0000VABB,1980,222,228,241,227,225,161,204,231,211,237,228,246
INI0000VABB,1981,240,210,213,210,236,219,235,234,222,220,222,238
INI0000VABB,1982,218,205,231,206,225,205,207,196,214,214,220,232
INI0000VABB,1983,237,210,232,215,221,228,217,227,237,236,227,230
INI0000VABB,1984,231,224,236,231,235,225,212,234,224,236,228,239
INI0000VABB,1985,240,217,242,218,215,192,211,226,225,232,225,231
INI0000VABB,1986,234,218,241,233,237,225,232,214,231,237,232,235
INI0000VABB,1987,242,217,235,227,239,222,222,220,221,241,230,197
INI0000VABB,1988,202,210,221,206,215,204,203,206,205,198,208,217
INI0000VABB,1989,211,209,222,222,215,220,219,229,223,240,216,240
INI0000VABB,1990,234,208,237,230,203,219,229,231,237,239,228,225
INI0000VABB,1991,242,216,229,229,230,224,238,238,229,226,221,233
INI0000VABB,1992,237,226,213,224,233,229,240,241,238,239,234,240
INI0000VABB,1993,235,215,243,230,205,204,228,232,206,214,214,209
INI0000VABB,1994,228,217,246,232,231,232,237,230,229,233,230,243
INI0000VABB,1995,237,219,232,236,245,226,245,242,235,246,229,238
INI0000VABB,1996,244,662,707,697,725,700,705,716,694,712,684,691
INI0000VABB,1997,700,648,728,688,694,666,696,673,688,689,655,683
INI0000VABB,1998,653,646,683,696,723,696,724,634,677,716,569,687
INI0000VABB,1999,639,614,705,661,710,683,719,691,694,809,871,867
INI0000VABB,2000,921,869,913,893,920,893,913,881,846,903,852,904
INI0000VABB,2001,893,816,902,799,902,897,934,912,887,870,829,935
INI0000VABB,2002,897,861,797,907,922,688,669,539,752,796,862,782
INI0000VABB,2003,787,754,872,872,903,830,799,572,605,1027,879,877
INI0000VABB,2004,847,815,884,892,908,866,880,861,847,907,876,926
INI0000VABB,2005,891,796,884,886,947,872,885,888,866,908,857,897
INI0000VABB,2006,870,795,918,903,929,843,870,869,862,921,892,905
INI0000VABB,2007,901,815,897,888,938,866,900,864,824,893,878,906
INI0000VABB,2008,897,834,919,892,952,852,884,876,860,899,831,843
INI0000VABB,2009,901,802,942,1501,1632,1517,1518,1607,1483,1544,1525,1548
INI0000VABB,2010,1562,1310,1523,1208,1656,1492,1393,1492,1445,1561,1514,1585
INI0000VABB,2011,1526,1381,1558,1575,1668,1426,1459,1471,1474,1587,1516,1584
INI0000VABB,2012,1569,1446,1547,1572,1660,1506,1527,1503,1461,1548,1518,1578
INI0000VABB,2013,1529,1389,1585,1559,1682,1437,1473,1553,1537,1587,1487,1589
INI0000VABB,2014,1584,1439,1622,1568,1624,1554,1401,1496,1233,1603,1550,1587
INI0000VABB,2015,1604,1410,1593,1539,1633,1491,1559,1579,1523,1580,1477,1466
INI0000VABB,2016,1476,1339,1456,1434,1471,1397,1480,1466,1396,1465,1419,1465
INI0000VABB,2017,1454,1310,1431,1433,1476,1421,1485,1478,1404,1487,1427,1485
INI0000VABB,2018,1471,1341,1487,1421,1482,1435,1466,1486,1342,1475,1428,1488
INI0000VABB,2019,1487,1343,1445,1440,1486,1440,1488,1482,1422,1479,1428,1486
INI0000VABB,2020,1487,1391,1461,1426,1486,1435,1482,1489,1437,1485,1429,1487
INI0000VABB,2021,1487,1243,1479,1437,1479,1442,1491,1486,1444,1488,1438,1484
INI0000VABB,2022,1487,1343,1483,1431,1483,1439,1483,1472,1439,1453,1436,1451
INI0000VABB,2023,1484,1324,1463,1424,1429,1377,1459,1450,1382,1472,1427,1479
INI0000VABB,2024,1477,1381,1481,1402,1450,1446,1447,1471,1400,1483,1427,1447
INI0000VABB,2025,1473,1314,1411,960,1468,1399,1456,1387,1311,1479,1439,1495
INI0000VABB,2026,1475,1235,0,0,0,0,0,0,0,0,0,0
INI0000VEPT,1944,114,112,120,116,112,116,124,118,120,116,118,122
INI0000VEPT,1945,120,112,122,120,120,112,114,114,120,124,114,122
INI0000VEPT,1946,120,100,122,118,122,120,110,120,88,66,74,100
INI0000VEPT,1947,106,106,112,114,120,118,112,124,118,118,118,118
INI0000VEPT,1948,122,116,122,118,114,116,120,122,120,118,116,120
INI0000VEPT,1954,61,56,58,60,61,58,60,58,59,61,58,60
INI0000VEPT,1955,61,54,61,60,60,55,54,57,55,61,60,61
INI0000VEPT,1956,61,56,62,56,59,57,62,58,59,61,57,60
INI0000VEPT,1957,47,50,51,43,49,38,46,48,43,46,48,48
INI0000VEPT,1958,46,43,52,43,44,38,41,49,50,46,44,48
INI0000VEPT,1959,47,47,51,44,45,40,40,42,31,36,43,48
INI0000VEPT,1960,49,47,46,44,38,31,25,27,27,31,30,31
INI0000VEPT,1961,80,71,115,88,104,94,109,104,111,102,112,109
INI0000VEPT,1962,119,115,121,125,119,112,124,129,121,121,134,125
INI0000VEPT,1963,60,53,58,55,52,55,53,56,55,59,56,59
INI0000VEPT,1973,175,151,197,181,193,171,184,156,164,174,167,172
INI0000VEPT,1974,176,154,181,182,175,156,128,158,149,138,138,144
INI0000VEPT,1975,163,155,163,158,169,164,179,127,80,157,155,154
INI0000VEPT,1976,161,140,185,172,126,143,156,181,158,157,164,170
INI0000VEPT,1977,171,146,204,189,197,174,192,203,192,184,198,204
INI0000VEPT,1978,167,187,232,215,220,207,221,214,205,210,213,213
INI0000VEPT,1979,196,196,218,211,230,199,217,226,222,228,214,192
INI0000VEPT,1980,224,195,232,206,224,225,225,208,215,229,218,229
INI0000VEPT,1981,235,206,217,214,220,210,219,216,208,226,221,222
INI0000VEPT,1982,222,201,225,190,206,184,205,227,217,231,224,206
INI0000VEPT,1983,227,210,215,163,198,179,207,218,218,231,223,232
INI0000VEPT,1984,210,191,242,224,178,114,213,232,216,220,204,213
INI0000VEPT,1985,225,199,214,175,183,188,207,194,190,199,156,197
INI0000VEPT,1986,217,200,223,216,216,211,216,195,219,161,170,224
INI0000VEPT,1987,230,196,225,218,237,213,210,199,192,231,219,220
INI0000VEPT,1988,224,200,212,212,209,190,200,180,172,171,173,154
INI0000VEPT,1989,169,174,190,169,169,193,174,211,162,174,205,217
INI0000VEPT,1990,193,194,216,210,174,205,214,218,211,220,175,213
INI0000VEPT,1991,195,193,212,183,171,187,177,191,200,213,208,220
INI0000VEPT,1992,221,206,195,207,208,203,219,214,212,210,216,227
INI0000VEPT,1993,226,206,227,223,213,220,236,235,219,234,228,224
INI0000VEPT,1994,228,215,236,227,213,222,232,221,218,225,225,234
INI0000VEPT,1995,232,213,225,226,234,206,234,237,220,240,224,235
INI0000VEPT,1996,240,220,208,323,383,367,369,353,370,363,377,374
INI0000VEPT,1997,386,348,371,361,380,385,392,408,368,418,412,419
INI0000VEPT,1998,404,400,421,445,450,421,406,402,387,382,205,232
INI0000VEPT,1999,227,210,235,423,497,474,474,473,471,472,301,389
INI0000VEPT,2000,294,218,207,439,569,509,561,574,512,578,512,518
INI0000VEPT,2001,540,475,530,502,517,513,568,561,522,584,557,533
INI0000VEPT,2002,551,497,523,474,497,455,440,410,444,483,463,353
INI0000VEPT,2003,344,340,408,445,442,471,493,505,574,810,533,484
INI0000VEPT,2004,478,487,468,479,432,376,519,478,478,489,373,451
INI0000VEPT,2005,479,529,595,558,556,494,412,487,459,489,493,500
INI0000VEPT,2006,563,508,495,537,350,230,183,231,204,239,218,242
INI0000VEPT,2007,229,218,213,238,236,232,244,216,255,354,315,413
INI0000VEPT,2008,398,368,462,509,538,488,518,489,459,490,561,602
INI0000VEPT,2009,613,505,523,533,527,443,457,433,471,516,459,558
INI0000VEPT,2010,565,498,495,614,552,547,589,626,647,696,646,650
INI0000VEPT,2011,600,545,646,627,596,561,650,610,643,690,665,633
INI0000VEPT,2012,657,653,682,668,603,605,626,626,612,660,603,578
INI0000VEPT,2013,528,501,520,517,526,438,551,557,583,633,614,595
INI0000VEPT,2014,632,626,689,651,690,661,686,693,684,705,678,629
INI0000VEPT,2015,619,588,672,642,665,645,650,666,640,660,703,865
INI0000VEPT,2016,896,883,990,1009,1044,1005,1045,1037,985,1018,1003,944
INI0000VEPT,2017,923,955,1049,1003,1236,1299,1365,1314,1303,1394,1317,1367
INI0000VEPT,2018,1381,1265,1410,1394,1469,1441,1465,1486,1345,1479,1446,1486
INI0000VEPT,2019,1480,1349,1457,1436,1489,1451,1495,1497,1429,1476,1428,1487
INI0000VEPT,2020,1494,1394,1445,1402,1337,1418,1459,1465,1419,1459,1434,1487
INI0000VEPT,2021,1487,1243,1480,1440,1485,1461,1494,1492,1442,1484,1442,1485
INI0000VEPT,2022,1492,1344,1483,1434,1483,1439,1484,1475,1435,1450,1428,1451
INI0000VEPT,2023,1486,1331,1465,1422,1476,1406,1464,1453,1389,1470,1425,1459
INI0000VEPT,2024,1479,1386,1472,1431,1432,1385,1440,1461,1399,1482,1425,1452
INI0000VEPT,2025,1471,1311,1392,1156,1452,1363,1454,1372,1336,1480,1435,1488
INI0000VEPT,2026,1473,1233,0,0,0,0,0,0,0,0,0,0
INI0000VIGR,1944,26,29,30,30,29,29,31,28,30,31,29,31
INI0000VIGR,1945,31,28,31,30,30,27,29,29,30,31,26,30
INI0000VIGR,1946,31,26,31,30,31,27,25,29,30,24,22,30
INI0000VIGR,1947,30,27,30,30,30,30,30,30,29,31,30,31
INI0000VIGR,1948,30,29,31,29,26,28,30,31,29,29,29,31
INI0000VIGR,1954,61,56,62,59,62,60,61,59,60,60,59,60
INI0000VIGR,1955,61,53,61,60,62,60,58,57,60,62,60,62
INI0000VIGR,1956,61,57,61,59,59,58,61,59,60,61,59,61
INI0000VIGR,1957,79,74,76,63,61,56,132,135,136,142,143,136
INI0000VIGR,1958,146,134,142,138,136,139,146,142,139,150,130,139
INI0000VIGR,1959,58,59,73,74,56,59,59,53,64,59,57,56
INI0000VIGR,1960,58,60,72,65,63,57,62,59,63,72,58,54
INI0000VIGR,1961,91,85,122,115,118,117,130,126,120,142,127,131
INI0000VIGR,1962,147,131,137,130,129,128,133,144,133,130,131,138
INI0000VIGR,1963,60,53,61,54,56,59,55,61,57,60,58,60
INI0000VIGR,1973,187,172,198,197,184,174,189,188,180,186,176,173
INI0000VIGR,1974,187,153,208,197,201,186,191,197,186,193,188,189
INI0000VIGR,1975,210,175,199,179,189,186,204,205,196,183,197,188
INI0000VIGR,1976,179,169,185,171,117,110,135,137,127,114,116,128
INI0000VIGR,1977,144,147,166,170,208,181,195,198,196,192,195,188
INI0000VIGR,1978,197,188,219,205,183,193,211,198,178,195,189,198
INI0000VIGR,1979,189,144,198,199,211,192,200,188,207,213,222,220
INI0000VIGR,1980,222,209,226,192,179,191,201,158,166,215,205,204
INI0000VIGR,1981,199,208,221,194,194,191,183,200,184,202,211,213
INI0000VIGR,1982,195,181,201,199,184,185,215,202,216,228,202,227
INI0000VIGR,1983,214,182,224,208,205,198,208,228,203,227,227,232
INI0000VIGR,1984,215,217,228,209,219,209,166,222,152,211,211,239
INI0000VIGR,1985,225,179,219,212,208,175,159,220,232,170,194,218
INI0000VIGR,1986,161,212,194,194,193,196,216,197,220,144,126,192
INI0000VIGR,1987,175,182,193,171,170,147,188,173,192,195,169,140
INI0000VIGR,1988,135,183,173,188,215,213,195,162,144,159,170,132
INI0000VIGR,1989,185,193,190,190,178,174,205,216,203,201,200,202
INI0000VIGR,1990,218,177,215,195,213,188,211,227,207,226,161,213
INI0000VIGR,1991,190,190,186,204,196,179,195,170,178,196,201,203
INI0000VIGR,1992,185,167,217,204,216,160,165,170,214,181,114,156
INI0000VIGR,1993,191,153,224,166,118,158,180,188,169,177,181,190
INI0000VIGR,1994,164,133,214,194,170,201,206,225,220,219,188,205
INI0000VIGR,1995,218,208,172,217,221,207,207,224,187,202,205,168
INI0000VIGR,1996,174,206,224,175,170,181,119,195,199,170,168,200
INI0000VIGR,1997,198,179,199,177,157,175,198,160,196,216,173,196
INI0000VIGR,1998,162,178,165,167,193,198,165,188,194,205,176,169
INI0000VIGR,1999,151,145,200,173,178,196,176,176,179,154,145,153
INI0000VIGR,2000,152,168,161,159,179,161,186,150,167,183,189,208
INI0000VIGR,2001,210,196,192,207,213,197,228,209,227,228,210,221
INI0000VIGR,2002,222,206,225,226,223,214,234,239,229,230,230,234
INI0000VIGR,2003,239,215,234,219,236,214,231,216,205,223,228,226
INI0000VIGR,2004,234,212,234,226,223,223,218,215,217,225,223,232
INI0000VIGR,2005,230,219,239,229,234,211,215,229,227,237,225,220
INI0000VIGR,2006,220,184,222,226,225,227,239,237,222,226,228,222
INI0000VIGR,2007,229,206,234,213,210,212,229,235,227,233,230,239
INI0000VIGR,2008,229,217,241,223,243,229,228,234,231,241,229,236
INI0000VIGR,2009,243,216,239,237,243,220,245,243,220,238,225,246
INI0000VIGR,2010,243,222,244,239,244,238,232,247,236,246,236,247
INI0000VIGR,2011,242,223,247,237,242,200,243,239,235,248,233,243
INI0000VIGR,2012,245,231,245,239,246,237,246,244,235,245,237,239
INI0000VIGR,2013,243,217,245,240,242,239,247,247,239,247,239,247
INI0000VIGR,2014,248,224,248,240,247,239,245,246,239,248,238,247
INI0000VIGR,2015,247,222,247,238,248,240,248,246,239,248,240,570
INI0000VIGR,2016,582,575,641,616,620,598,696,659,567,577,526,569
INI0000VIGR,2017,479,990,773,795,865,515,555,507,543,320,240,324
INI0000VIGR,2018,318,251,250,238,250,241,252,248,240,332,596,426
INI0000VIGR,2019,331,435,477,464,752,715,721,726,622,860,308,247
INI0000VIGR,2020,248,232,246,239,253,246,561,715,768,669,265,247
INI0000VIGR,2021,244,378,422,326,246,239,246,245,238,247,240,246
INI0000VIGR,2022,246,223,247,238,243,239,240,234,241,275,276,271
INI0000VIGR,2023,277,227,251,251,307,278,267,288,281,283,252,318
INI0000VIGR,2024,692,699,593,271,307,340,273,289,257,269,278,263
INI0000VIGR,2025,254,232,249,240,247,236,242,230,224,247,244,248
INI0000VIGR,2026,244,205,0,0,0,0,0,0,0,0,0,0
INM00042174,2002,0,0,0,0,0,1,0,0,0,0,0,0
INM00042174,2003,1,0,0,0,0,0,1,0,0,0,0,0
INM00042174,2009,0,1,0,0,0,0,0,0,0,0,0,0
INM00042174,2015,0,0,0,0,0,0,0,0,0,0,0,43
INM00042174,2016,57,49,52,56,57,56,54,57,55,52,53,59
INM00042174,2017,59,55,59,58,60,52,58,57,58,57,56,60
INM00042174,2018,60,55,57,53,60,57,60,61,51,59,56,59
INM00042174,2019,60,52,57,58,60,56,58,60,54,59,60,57
INM00042174,2020,53,52,42,16,59,57,57,59,53,60,53,62
INM00042174,2021,57,51,60,16,17,55,59,56,56,57,51,57
INM00042174,2022,60,55,60,56,56,53,51,53,54,56,58,58
INM00042174,2023,58,55,60,41,39,42,36,38,38,40,38,39
INM00042174,2024,49,38,32,33,43,34,46,46,43,52,52,42
INM00042174,2025,43,41,47,47,47,48,42,39,37,44,45,49
INM00042174,2026,56,50,0,0,0,0,0,0,0,0,0,0
INI0000VIPT,2015,0,0,0,0,0,0,0,0,0,0,0,112
INI0000VIPT,2016,169,148,217,295,185,202,34,0,0,0,0,0
INI0000VIPT,2017,0,0,0,0,0,0,0,145,179,47,0,0
INI0000VIPT,2018,0,0,0,0,0,0,0,0,0,61,127,102
INI0000VIPT,2019,35,195,190,180,225,260,191,208,157,268,32,0
INI0000VIPT,2020,0,0,0,0,0,85,199,185,275,287,42,0
INI0000VIPT,2021,0,113,187,38,0,0,0,0,0,0,0,0
INI0000VIPT,2022,0,279,41,0,142,235,30,0,0,0,0,0
INI0000VIPT,2023,0,76,473,514,549,430,508,488,476,442,466,421
INI0000VIPT,2024,451,394,456,429,460,478,420,487,502,511,514,474
INI0000VIPT,2025,502,475,492,157,0,2,219,99,1,206,509,497
INI0000VIPT,2026,513,423,0,0,0,0,0,0,0,0,0,0
INM00042178,2001,0,0,0,0,0,0,1,1,0,0,0,0
INM00042178,2020,0,0,0,0,1,0,0,0,0,0,0,0
INI0000VISM,2015,0,0,0,0,0,0,0,0,0,0,0,79
INI0000VISM,2016,99,87,96,111,100,159,144,102,107,113,117,112
INI0000VISM,2017,90,72,85,99,62,95,71,73,97,27,0,0
INI0000VISM,2018,0,0,2,3,2,0,0,0,0,59,113,89
INI0000VISM,2019,17,103,105,242,228,218,202,223,178,230,29,1
INI0000VISM,2020,0,0,1,0,0,42,44,85,86,127,49,29
INI0000VISM,2021,67,119,177,72,30,32,39,28,36,25,19,11
INI0000VISM,2022,0,226,45,24,124,191,22,3,312,400,433,477
INI0000VISM,2023,473,422,476,432,471,426,470,468,476,499,405,386
INI0000VISM,2024,469,397,431,347,471,374,294,376,382,312,420,397
INI0000VISM,2025,403,357,339,43,0,5,285,94,0,194,309,321
INI0000VISM,2026,246,223,0,0,0,0,0,0,0,0,0,0
INM00042177,2002,0,1,0,0,0,0,0,0,0,0,0,0
INM00042177,2003,0,1,0,0,0,0,0,0,0,0,0,0
INM00042177,2009,0,1,0,0,0,0,0,0,0,0,0,0
INM00042177,2015,0,0,0,0,0,0,0,0,0,0,0,40
INM00042177,2016,49,42,51,44,47,48,45,44,40,36,36,46
INM00042177,2017,47,32,42,37,43,35,40,43,48,49,44,45
INM00042177,2018,54,49,49,43,47,54,51,52,52,54,51,52
INM00042177,2019,54,53,56,55,61,60,61,60,55,60,59,60
INM00042177,2020,57,54,60,57,59,60,55,58,55,59,58,58
INM00042177,2021,61,52,61,57,62,58,61,63,59,60,58,61
INM00042177,2022,62,56,62,59,61,59,62,61,56,59,59,59
INM00042177,2023,58,56,61,58,60,55,59,54,53,62,57,52
INM00042177,2024,58,52,56,46,52,54,52,56,54,57,54,4
INI0000VISR,2015,0,0,0,0,0,0,0,0,0,0,0,214
INI0000VISR,2016,216,155,190,133,138,164,308,336,321,273,243,193
INI0000VISR,2017,309,406,446,398,403,335,395,296,414,262,1,0
INI0000VISR,2018,0,0,5,5,1,0,0,0,0,190,526,325
INI0000VISR,2019,102,343,291,251,572,541,528,519,427,640,78,0
INI0000VISR,2020,0,0,0,0,5,12,344,510,571,448,28,0
INI0000VISR,2021,0,186,180,121,6,0,0,0,0,6,1,0
INI0000VISR,2022,2,0,0,0,0,9,1,1,34,65,62,64
INI0000VISR,2023,94,33,65,83,132,83,75,95,97,87,33,156
INI0000VISR,2024,761,788,635,122,91,174,52,127,79,62,65,64
INI0000VISR,2025,22,16,7,1,0,0,1,0,0,0,4,0
INI0000VILK,1874,0,0,0,0,0,0,0,0,0,0,0,2
INI0000VILK,1875,248,224,248,240,248,240,248,248,240,248,240,248
INI0000VILK,1876,248,232,248,240,248,240,248,248,240,248,240,248
INI0000VILK,1877,248,224,248,240,248,240,248,248,240,248,240,248
INI0000VILK,1878,248,224,248,240,248,240,248,248,240,248,240,246
INI0000VILK,1884,155,145,155,150,155,150,155,155,150,155,150,155
INI0000VILK,1889,124,112,124,120,124,120,124,124,120,124,120,124
INI0000VILK,1890,124,112,124,120,124,120,124,124,120,124,120,124
INI0000VILK,1944,29,27,28,29,29,30,41,34,30,30,30,30
INI0000VILK,1945,31,28,31,29,28,29,42,40,45,35,29,29
INI0000VILK,1946,29,26,31,52,54,50,48,42,46,43,43,61
INI0000VILK,1947,61,55,58,58,61,58,50,60,48,61,58,59
INI0000VILK,1948,60,58,61,57,57,58,59,56,58,57,60,58
INI0000VILK,1954,62,55,62,58,60,56,58,59,59,60,59,60
INI0000VILK,1955,62,53,60,59,61,57,59,56,60,62,58,62
INI0000VILK,1956,62,58,61,58,55,56,61,58,59,62,59,61
INI0000VILK,1957,67,69,68,63,60,53,128,128,127,144,147,134
INI0000VILK,1958,136,124,149,129,140,134,130,136,138,137,133,136
INI0000VILK,1959,68,71,75,79,54,54,51,52,52,49,58,63
INI0000VILK,1960,62,64,75,73,58,69,73,76,70,50,36,59
INI0000VILK,1961,67,59,85,79,90,91,90,87,89,89,93,91
INI0000VILK,1962,125,112,129,124,120,117,126,125,111,116,101,111
INI0000VILK,1963,61,54,60,58,58,55,59,57,59,59,58,59
INI0000VILK,1973,182,162,203,190,169,174,188,154,147,174,141,154
INI0000VILK,1974,154,149,177,180,158,160,177,145,170,177,178,176
INI0000VILK,1975,183,159,179,169,175,184,191,190,174,183,188,164
INI0000VILK,1976,163,146,189,182,187,173,177,204,185,184,174,172
INI0000VILK,1977,186,191,213,202,224,195,205,209,200,202,211,210
INI0000VILK,1978,190,203,237,226,225,220,209,226,213,221,214,215
INI0000VILK,1979,208,194,221,233,242,224,234,237,229,236,234,240
INI0000VILK,1980,234,219,231,212,235,229,223,223,226,234,229,239
INI0000VILK,1981,235,210,236,229,236,216,227,234,221,197,229,238
INI0000VILK,1982,210,209,223,219,207,196,223,206,209,233,215,237
INI0000VILK,1983,177,201,233,224,215,221,231,213,207,234,236,237
INI0000VILK,1984,202,187,227,216,188,173,232,220,235,216,155,232
INI0000VILK,1985,221,203,227,208,184,210,176,156,222,231,218,218
INI0000VILK,1986,192,198,211,228,205,155,202,186,192,195,184,175
INI0000VILK,1987,173,193,238,220,220,198,175,190,205,219,197,192
INI0000VILK,1988,174,167,166,201,217,193,162,175,187,166,188,187
INI0000VILK,1989,135,132,144,158,135,143,197,187,204,217,207,221
INI0000VILK,1990,214,182,215,154,181,150,185,186,165,202,150,164
INI0000VILK,1991,224,183,175,157,201,215,225,176,185,195,219,222
INI0000VILK,1992,221,212,216,216,216,208,216,222,234,227,214,213
INI0000VILK,1993,218,193,221,220,229,221,202,215,225,221,220,208
INI0000VILK,1994,221,199,247,211,208,217,233,211,216,214,219,232
INI0000VILK,1995,216,201,224,189,214,179,199,219,197,208,206,229
INI0000VILK,1996,228,213,123,531,514,461,327,306,320,452,423,502
INI0000VILK,1997,631,524,495,570,523,473,509,499,584,647,615,605
INI0000VILK,1998,590,583,628,646,669,603,603,483,604,530,478,615
INI0000VILK,1999,526,542,646,617,635,541,627,663,698,736,812,757
INI0000VILK,2000,807,756,754,798,830,614,756,795,743,705,619,814
INI0000VILK,2001,840,799,816,793,789,774,797,827,711,810,679,784
INI0000VILK,2002,742,719,821,768,833,632,528,573,622,644,704,536
INI0000VILK,2003,505,726,749,576,655,706,689,732,729,841,788,754
INI0000VILK,2004,714,738,838,795,858,824,799,833,811,811,794,748
INI0000VILK,2005,784,690,841,849,798,789,802,811,848,885,855,866
INI0000VILK,2006,850,797,888,866,900,874,894,911,868,878,847,851
INI0000VILK,2007,846,763,846,869,898,865,911,883,746,798,714,801
INI0000VILK,2008,823,800,869,868,902,856,820,905,869,877,843,830
INI0000VILK,2009,805,767,896,906,881,876,907,906,876,870,859,864
INI0000VILK,2010,829,794,903,893,934,892,901,899,867,849,852,860
INI0000VILK,2011,846,800,897,892,896,840,895,900,879,897,790,788
INI0000VILK,2012,912,1031,1110,1102,1102,1124,1114,1142,1115,1123,1028,1108
INI0000VILK,2013,1023,971,1127,1109,1176,1106,1148,1135,1084,1154,1004,1079
INI0000VILK,2014,1064,1020,1173,1136,1213,1161,1161,1193,1160,1148,1117,1087
INI0000VILK,2015,1079,970,1172,1152,1191,1123,1180,1182,1168,1181,1044,1195
INI0000VILK,2016,1251,1147,1254,1214,1270,1241,1275,1283,1241,1282,1226,1199
INI0000VILK,2017,1187,1137,1269,1228,1238,1199,1257,1259,1230,1246,1173,1202
INI0000VILK,2018,1298,1233,1403,1286,1216,1376,1335,1390,1279,1434,1402,1456
INI0000VILK,2019,1402,1321,1435,1411,1451,1398,1445,1458,1385,1452,1352,1361
INI0000VILK,2020,1361,1312,1304,702,710,710,1353,1306,1416,1464,1399,1453
INI0000VILK,2021,1295,1235,1474,1408,1437,1424,1463,1472,1410,1477,1410,1441
INI0000VILK,2022,1461,1330,1459,1401,1458,1433,1408,1397,1369,1372,1393,1376
INI0000VILK,2023,1420,1298,1436,1377,1415,1371,1452,1456,1354,1421,1389,1469
INI0000VILK,2024,1464,1366,1460,1413,1472,1355,1386,1418,1262,1133,917,308
INI0000VILK,2025,729,893,1400,1383,1430,1366,1431,1341,1255,1425,1324,1445
INI0000VILK,2026,1440,1208,0,0,0,0,0,0,0,0,0,0
INM00042187,1983,0,0,0,0,0,0,0,0,1,0,0,0
INM00042187,1984,0,0,1,0,0,2,1,0,0,0,0,0
INM00042187,1999,1,0,0,0,0,0,0,0,0,0,0,0
INM00042187,2009,0,1,0,0,0,0,0,0,0,0,0,0
INM00042187,2015,0,0,0,0,0,0,0,0,0,0,0,35
INM00042187,2016,35,36,42,40,37,43,36,37,41,33,38,27
INM00042187,2017,28,31,30,20,25,33,31,29,27,26,28,23
INM00042187,2018,22,19,16,30,26,27,27,23,24,16,19,29
INM00042187,2019,24,17,13,24,17,13,21,16,12,11,11,19
INM00042187,2020,17,5,15,23,1,0,0,0,1,0,0,0
INM00042187,2021,10,5,7,1,0,0,0,0,0,7,0,0
INM00042187,2022,5,6,8,26,15,26,27,26,28,11,16,21
INM00042187,2023,35,24,31,35,34,31,41,43,33,36,18,35
INM00042187,2024,35,35,33,28,56,49,53,51,49,40,41,44
INM00042187,2025,45,38,48,36,48,27,44,51,41,46,38,52
INM00042187,2026,49,39,0,0,0,0,0,0,0,0,0,0
INI0000VIJO,1943,0,0,0,0,0,0,4,744,720,741,720,743
INI0000VIJO,1944,742,695,744,720,744,720,744,744,720,744,720,744
INI0000VIJO,1945,744,672,744,719,744,720,743,728,720,743,719,739
INI0000VIJO,1946,118,82,118,120,124,100,102,102,110,84,84,120
INI0000VIJO,1947,118,108,124,120,120,120,116,120,102,118,112,118
INI0000VIJO,1948,124,114,122,120,114,120,124,124,118,120,118,122
INI0000VIJO,1954,62,56,62,60,62,60,61,59,60,61,59,61
INI0000VIJO,1955,61,55,60,60,61,60,59,58,59,61,59,62
INI0000VIJO,1956,62,57,62,60,57,60,58,59,58,62,58,61
INI0000VIJO,1957,98,92,79,94,83,75,146,148,149,159,162,153
INI0000VIJO,1958,159,149,167,152,153,150,152,160,154,161,141,143
INI0000VIJO,1959,85,85,100,99,71,67,71,66,70,67,71,74
INI0000VIJO,1960,76,75,88,85,80,70,78,67,67,64,62,67
INI0000VIJO,1961,107,93,150,135,146,131,145,142,141,146,143,144
INI0000VIJO,1962,150,138,151,148,152,146,150,151,140,150,148,154
INI0000VIJO,1963,61,53,60,59,57,56,57,59,58,61,57,58
INI0000VIJO,1973,116,169,190,177,151,155,168,148,147,181,166,157
INI0000VIJO,1974,184,162,194,178,173,173,188,172,185,186,188,183
INI0000VIJO,1975,168,158,194,171,153,172,193,165,171,170,179,171
INI0000VIJO,1976,159,156,181,169,177,134,146,140,124,154,129,128
INI0000VIJO,1977,129,126,156,129,100,161,178,177,180,168,178,178
INI0000VIJO,1978,193,176,197,178,177,175,178,191,198,195,179,183
INI0000VIJO,1979,160,166,194,186,173,159,93,112,182,165,158,189
INI0000VIJO,1980,181,149,190,187,183,182,193,189,178,175,185,196
INI0000VIJO,1981,192,173,165,169,176,148,132,158,186,185,186,187
INI0000VIJO,1982,185,151,158,148,126,133,167,186,96,194,180,198
INI0000VIJO,1983,172,122,153,137,193,136,59,90,123,177,170,162
INI0000VIJO,1984,183,183,169,124,107,127,123,183,11,133,188,196
INI0000VIJO,1985,184,175,187,156,189,195,181,162,186,212,195,197
INI0000VIJO,1986,194,187,189,95,140,156,164,195,184,194,184,183
INI0000VIJO,1987,171,181,194,142,114,175,144,160,153,175,61,60
INI0000VIJO,1988,171,141,56,70,90,80,154,162,124,152,163,176
INI0000VIJO,1989,162,178,184,137,176,139,156,170,114,134,109,154
INI0000VIJO,1990,160,141,53,34,130,107,134,152,32,130,97,116
INI0000VIJO,1991,36,16,59,85,90,111,138,164,177,176,185,199
INI0000VIJO,1992,179,168,162,178,188,169,165,188,155,199,161,163
INI0000VIJO,1993,182,156,207,209,195,195,213,209,199,210,205,198
INI0000VIJO,1994,210,174,224,206,196,198,216,196,186,218,200,205
INI0000VIJO,1995,193,173,192,197,218,179,215,196,188,205,202,195
INI0000VIJO,1996,197,194,200,183,176,209,182,182,199,198,207,207
INI0000VIJO,1997,216,201,192,177,201,186,195,182,184,195,187,202
INI0000VIJO,1998,177,188,202,192,193,176,181,179,170,173,185,201
INI0000VIJO,1999,181,179,205,187,191,171,165,161,176,196,193,173
INI0000VIJO,2000,174,190,200,202,217,196,199,205,188,232,202,193
INI0000VIJO,2001,213,155,157,216,214,185,212,197,207,205,202,196
INI0000VIJO,2002,203,189,216,212,223,187,219,210,207,234,224,222
INI0000VIJO,2003,221,196,233,212,223,214,222,236,201,218,221,230
INI0000VIJO,2004,219,222,210,229,228,217,228,182,225,233,215,230
INI0000VIJO,2005,225,218,226,218,242,227,236,241,233,241,231,225
INI0000VIJO,2006,225,214,242,242,249,235,251,240,212,191,234,236
INI0000VIJO,2007,242,229,234,231,230,223,246,228,232,232,231,248
INI0000VIJO,2008,250,230,247,235,239,237,242,241,237,244,230,239
INI0000VIJO,2009,240,219,242,235,245,218,241,246,232,244,239,246
INI0000VIJO,2010,246,221,247,237,248,238,235,240,236,247,237,241
INI0000VIJO,2011,247,222,246,238,246,198,243,245,238,247,239,248
INI0000VIJO,2012,245,229,244,234,243,238,248,248,240,245,238,244
INI0000VIJO,2013,248,222,248,236,244,239,246,245,237,247,230,248
INI0000VIJO,2014,246,222,246,234,244,237,244,248,240,247,240,245
INI0000VIJO,2015,248,221,248,239,248,239,248,246,238,247,239,340
INI0000VIJO,2016,513,342,367,306,266,250,319,278,244,252,242,250
INI0000VIJO,2017,293,546,875,775,697,579,522,431,399,346,237,245
INI0000VIJO,2018,245,222,249,238,246,238,245,244,237,250,239,252
INI0000VIJO,2019,246,223,246,240,248,237,248,246,239,248,238,246
INI0000VIJO,2020,241,231,247,240,247,237,248,245,235,249,239,247
INI0000VIJO,2021,247,212,247,266,247,239,248,248,240,253,241,248
INI0000VIJO,2022,248,223,248,238,242,238,244,244,252,279,282,280
INI0000VIJO,2023,311,230,264,261,314,303,276,297,281,291,266,351
INI0000VIJO,2024,903,839,672,296,314,364,287,328,295,285,278,279
INI0000VIJO,2025,256,231,252,241,247,234,247,231,225,246,238,247
INI0000VIJO,2026,242,207,0,0,0,0,0,0,0,0,0,0
INI0000VOAT,2018,0,216,53,101,2,133,190,210,137,391,73,0
INI0000VOAT,2019,0,0,177,550,524,324,334,218,308,259,221,174
INI0000VOAT,2020,281,350,321,464,518,438,401,380,363,325,326,369
INI0000VOAT,2021,319,270,319,320,334,321,348,379,383,366,357,398
INI0000VOAT,2022,394,373,344,310,407,346,343,354,372,424,339,380
INI0000VOAT,2023,362,305,340,291,279,21,296,318,333,330,318,312
INI0000VOAT,2024,356,269,308,302,403,384,395,443,451,468,464,493
INI0000VOAT,2025,446,389,452,441,426,412,413,422,381,439,516,649
INI0000VOAT,2026,723,561,0,0,0,0,0,0,0,0,0,0
INI0000VOGB,2020,0,0,0,0,0,0,1,0,0,0,0,0
INI0000VOGB,2021,313,503,578,519,504,511,565,535,548,550,543,479
INI0000VOGB,2022,491,448,535,517,517,410,347,362,365,398,392,453
INI0000VOGB,2023,455,396,410,203,88,337,296,253,245,267,327,353
INI0000VOGB,2024,375,315,333,230,276,202,144,221,229,124,118,121
INI0000VOGB,2025,173,429,427,391,376,425,436,362,388,328,325,328
INI0000VOGB,2026,387,306,0,0,0,0,0,0,0,0,0,0
INI0000VIAR,1973,141,152,200,176,169,174,210,185,94,176,167,135
INI0000VIAR,1974,163,153,181,171,159,143,84,158,152,160,142,152
INI0000VIAR,1975,182,167,176,154,156,175,177,185,172,176,194,164
INI0000VIAR,1976,183,170,178,152,132,121,146,161,151,144,149,160
INI0000VIAR,1977,150,165,200,180,173,168,193,189,182,183,171,184
INI0000VIAR,1978,178,148,216,199,198,176,179,191,204,204,206,198
INI0000VIAR,1979,187,189,198,210,218,199,205,218,200,216,216,223
INI0000VIAR,1980,216,219,232,220,229,197,186,201,190,223,227,232
INI0000VIAR,1981,220,204,223,220,192,148,202,225,197,194,196,188
INI0000VIAR,1982,156,141,160,167,143,133,152,146,144,178,185,173
INI0000VIAR,1983,178,115,166,170,173,168,158,159,180,175,155,160
INI0000VIAR,1984,178,147,185,145,125,87,125,103,132,130,150,161
INI0000VIAR,1985,175,158,188,185,175,169,137,150,147,156,190,190
INI0000VIAR,1986,192,149,193,182,182,143,158,172,174,187,150,176
INI0000VIAR,1987,186,138,173,140,185,175,186,176,163,202,195,186
INI0000VIAR,1988,134,145,129,167,160,104,108,130,131,126,176,137
INI0000VIAR,1989,163,156,109,174,186,163,143,141,138,149,186,182
INI0000VIAR,1990,211,182,206,164,152,147,179,178,161,177,176,173
INI0000VIAR,1991,183,150,194,180,188,157,162,148,180,169,171,190
INI0000VIAR,1992,148,144,122,150,137,114,159,129,110,133,183,143
INI0000VIAR,1993,168,167,160,155,154,162,180,176,151,200,176,197
INI0000VIAR,1994,189,175,202,209,183,205,175,156,146,142,201,196
INI0000VIAR,1995,174,161,175,176,190,115,118,188,169,194,198,218
INI0000VIAR,1996,197,197,139,317,309,231,264,266,273,294,326,341
INI0000VIAR,1997,365,305,290,298,262,235,325,291,349,458,439,461
INI0000VIAR,1998,434,408,451,424,395,383,273,351,374,394,437,438
INI0000VIAR,1999,371,421,439,390,422,420,317,409,466,399,445,490
INI0000VIAR,2000,442,510,500,524,376,322,518,595,496,582,444,548
INI0000VIAR,2001,580,497,535,457,571,559,532,518,478,432,531,534
INI0000VIAR,2002,547,513,565,502,453,348,378,398,426,482,423,345
INI0000VIAR,2003,232,392,401,382,506,479,370,443,470,557,484,417
INI0000VIAR,2004,444,426,438,399,452,422,552,610,580,569,622,634
INI0000VIAR,2005,613,562,675,778,641,672,585,484,811,830,768,793
INI0000VIAR,2006,803,752,577,709,780,807,770,713,752,842,748,747
INI0000VIAR,2007,700,702,676,712,773,737,740,702,770,786,727,855
INI0000VIAR,2008,783,759,839,813,820,727,765,705,803,809,794,839
INI0000VIAR,2009,708,620,800,757,745,747,772,827,762,767,635,738
INI0000VIAR,2010,692,569,749,842,801,822,743,780,854,849,672,845
INI0000VIAR,2011,886,591,904,867,818,815,823,784,820,912,788,835
INI0000VIAR,2012,790,1075,1248,1050,690,700,1109,1261,1158,761,1077,1302
INI0000VIAR,2013,1242,1162,1266,1030,768,769,830,754,1186,1383,1274,1329
INI0000VIAR,2014,1281,1182,1299,1294,1311,1285,1179,1326,1281,1328,1280,1233
INI0000VIAR,2015,1187,1031,1134,1217,1292,1271,1167,1217,1294,1253,1042,1306
INI0000VIAR,2016,1331,1095,1349,1261,1383,1247,1366,1369,1311,1425,1349,1358
INI0000VIAR,2017,1345,1256,1418,1368,1390,1319,1363,1388,1331,1376,1321,1354
INI0000VIAR,2018,1393,1251,1398,1254,1095,1332,1304,1335,1216,1337,1301,1352
INI0000VIAR,2019,1325,1268,1362,1382,1416,1373,1433,1326,1301,1418,1295,1362
INI0000VIAR,2020,1407,1332,1344,1340,1315,1314,1367,1218,1306,1338,1265,1374
INI0000VIAR,2021,1067,1203,1411,1376,1375,1336,1425,1415,1361,1427,1363,1425
INI0000VIAR,2022,1412,1282,1418,1381,1401,1358,1326,1410,1361,1361,1376,1403
INI0000VIAR,2023,1441,1255,1424,1350,1371,1352,1435,1390,1270,1366,1282,1431
INI0000VIAR,2024,1444,1346,1446,1413,1475,1285,1293,1404,1173,1316,1371,1323
INI0000VIAR,2025,1360,1246,1384,1396,1440,1394,1438,1353,1273,1446,1335,1460
INI0000VIAR,2026,1456,1226,0,0,0,0,0,0,0,0,0,0
INI0000VOBM,2015,0,0,0,0,0,0,0,0,0,0,0,132
INI0000VOBM,2016,295,285,338,323,406,374,379,402,383,424,382,391
INI0000VOBM,2017,393,336,360,392,390,341,391,397,366,413,415,415
INI0000VOBM,2018,436,401,442,438,432,401,398,433,383,429,422,431
INI0000VOBM,2019,424,390,416,414,441,441,523,752,665,740,685,751
INI0000VOBM,2020,768,795,714,404,490,715,666,701,642,662,709,726
INI0000VOBM,2021,683,638,777,733,752,677,734,753,827,781,777,785
INI0000VOBM,2022,806,708,796,839,800,805,736,852,828,798,815,769
INI0000VOBM,2023,831,723,743,618,715,689,714,766,760,796,771,678
INI0000VOBM,2024,822,758,828,779,913,859,828,849,833,865,887,884
INI0000VOBM,2025,834,775,816,772,814,709,712,654,639,786,741,796
INI0000VOBM,2026,841,688,0,0,0,0,0,0,0,0,0,0
INM00042188,1999,0,0,0,0,0,0,1,0,0,0,0,0
INM00042188,2000,1,0,0,0,0,0,0,0,0,0,0,0
INM00042188,2001,0,0,0,0,0,0,1,0,0,0,0,0
INM00042188,2002,0,0,1,0,0,0,0,0,2,0,0,0
INM00042188,2021,0,0,0,0,0,0,0,0,0,0,1,0
INI0000VOJV,2019,0,0,0,0,0,1,0,0,0,0,1,0
INI0000VOJV,2020,0,0,2,5,7,0,0,0,0,0,0,0
INI0000VOJV,2021,0,0,0,0,0,3,0,5,8,8,9,7
INI0000VOJV,2022,7,4,14,8,6,12,4,2,0,3,4,5
INI0000VOJV,2023,7,6,5,93,0,1,1,2,0,0,0,0
INI0000VOJV,2024,1,0,0,0,0,0,0,0,0,0,0,0
INM00042206,2017,0,0,0,0,0,1,0,0,0,0,0,0
INI0000VOHB,2015,0,0,0,0,0,0,0,0,0,0,2,42
INI0000VOHB,2016,35,54,100,118,132,79,0,0,0,0,0,0
INI0000VOHB,2017,0,1,1,108,29,24,0,0,19,77,104,58
INI0000VOHB,2018,94,151,182,129,218,197,233,211,194,240,212,216
INI0000VOHB,2019,232,197,218,258,221,365,261,382,299,290,335,383
INI0000VOHB,2020,359,358,346,145,157,203,258,310,321,314,322,331
INI0000VOHB,2021,326,343,375,389,371,349,433,436,398,484,759,707
INI0000VOHB,2022,685,520,808,798,818,885,792,942,939,929,903,930
INI0000VOHB,2023,922,822,897,811,899,813,832,785,791,869,775,741
INI0000VOHB,2024,827,755,761,682,776,707,716,792,727,789,718,725
INI0000VOHB,2025,721,666,713,733,695,664,642,643,626,735,721,813
INI0000VOHB,2026,929,755,0,0,0,0,0,0,0,0,0,0
INI0000VOGO,1973,65,81,85,59,71,62,77,84,94,99,105,95
INI0000VOGO,1974,112,101,107,110,78,90,7,5,3,2,0,0
INI0000VOGO,2003,0,1,0,1,0,0,0,0,0,0,0,0
INI0000VOGO,2005,0,0,0,0,0,0,0,0,0,0,1,0
INI0000VOGO,2006,0,0,0,0,0,0,1,0,0,0,0,0
INI0000VOGO,2009,0,2,0,0,0,0,0,0,0,0,0,0
INI0000VOGO,2011,0,0,0,0,0,0,1,0,0,0,0,0
INI0000VOGO,2016,1,0,251,69,161,40,240,525,450,518,296,355
INI0000VOGO,2017,379,265,239,298,366,442,530,575,647,695,533,561
INI0000VOGO,2018,590,549,418,408,509,505,412,434,373,700,572,539
INI0000VOGO,2019,684,544,557,449,761,878,932,874,813,957,860,808
INI0000VOGO,2020,877,732,590,209,279,523,376,316,642,808,861,767
INI0000VOGO,2021,644,490,679,631,644,598,560,553,466,539,651,743
INI0000VOGO,2022,647,654,691,616,604,643,571,581,607,577,533,626
INI0000VOGO,2023,651,589,626,319,337,570,645,583,585,601,750,981
INI0000VOGO,2024,970,764,812,716,769,706,710,654,651,1178,1391,1338
INI0000VOGO,2025,1183,1052,972,1064,1233,1076,1065,1023,910,994,1020,1121
INI0000VOGO,2026,1044,881,0,0,0,0,0,0,0,0,0,0
INI0000VOMY,1944,55,56,58,58,58,59,61,61,60,60,57,61
INI0000VOMY,1945,61,54,61,55,57,57,57,57,59,62,58,58
INI0000VOMY,1946,62,50,60,44,57,58,60,61,59,48,45,60
INI0000VOMY,1947,60,54,62,59,62,60,58,61,58,61,58,62
INI0000VOMY,1948,62,56,62,59,62,57,60,61,60,59,54,60
INI0000VOMY,2015,0,0,0,0,0,0,0,0,0,0,0,98
INI0000VOMY,2016,195,88,72,104,52,29,68,121,88,154,184,219
INI0000VOMY,2017,216,185,218,193,213,202,188,226,331,416,347,319
INI0000VOMY,2018,298,273,242,276,318,267,291,400,239,342,267,308
INI0000VOMY,2019,362,321,418,353,427,444,613,739,668,784,786,818
INI0000VOMY,2020,837,742,610,140,274,709,691,677,671,617,670,797
INI0000VOMY,2021,811,707,853,806,658,614,671,649,648,678,772,778
INI0000VOMY,2022,721,644,786,751,774,771,681,769,771,722,655,695
INI0000VOMY,2023,746,651,698,317,225,655,665,670,634,660,653,602
INI0000VOMY,2024,714,668,675,612,644,566,619,648,577,625,632,634
INI0000VOMY,2025,646,590,660,608,685,614,623,605,589,627,659,703
INI0000VOMY,2026,678,581,0,0,0,0,0,0,0,0,0,0
INI0000VOKN,2018,0,0,0,0,0,0,0,0,0,0,0,896
INI0000VOKN,2019,1400,1302,1334,1297,1410,1363,1450,1462,1393,1468,1408,1450
INI0000VOKN,2020,1444,1363,1144,221,455,834,903,870,920,1039,1232,1354
INI0000VOKN,2021,1269,1139,1311,1336,1333,1213,1335,1364,1358,1400,1389,1399
INI0000VOKN,2022,1368,1242,1367,1325,1351,1318,1233,1429,1358,1350,1397,1447
INI0000VOKN,2023,1444,1297,1410,1390,1440,1313,1457,1429,1353,1417,1372,1319
INI0000VOKN,2024,1460,1314,1429,1246,1466,1413,1319,1468,1407,1483,1429,1457
INI0000VOKN,2025,1459,1304,1438,1421,1443,1374,1412,1357,1250,1374,1283,1417
INI0000VOKN,2026,1436,1207,0,0,0,0,0,0,0,0,0,0
INM00042671,1944,112,116,120,118,112,120,122,124,120,122,120,120
INM00042671,1945,118,110,124,120,120,114,116,116,120,124,116,118
INM00042671,1946,122,102,120,120,122,118,114,124,120,96,92,124
INM00042671,1947,120,110,124,120,124,120,118,120,112,124,116,122
INM00042671,1948,122,116,124,120,122,116,124,124,120,118,116,124
INM00042671,1973,36,40,43,36,28,37,32,37,32,27,41,38
INM00042671,1974,38,40,37,37,45,37,41,40,30,35,37,27
INM00042671,1975,27,30,33,29,30,31,38,38,24,20,20,19
INM00042671,1976,18,22,29,21,26,22,25,33,24,19,19,19
INM00042671,1977,16,26,15,24,27,19,27,31,21,30,27,22
INM00042671,1978,34,40,41,46,37,43,45,40,37,1,0,0
INM00042671,1979,0,2,1,0,0,0,0,0,0,0,0,0
INM00042671,1983,0,0,0,0,5,4,0,0,9,11,10,11
INM00042671,1984,23,15,27,21,24,19,28,22,27,18,24,11
INM00042671,1985,25,18,28,22,12,19,11,11,12,13,3,11
INM00042671,1986,18,9,14,13,12,7,9,9,4,8,11,14
INM00042671,1987,19,9,8,7,9,6,2,1,7,2,2,6
INM00042671,1988,10,7,0,1,0,0,4,10,2,1,1,0
INM00042671,1989,0,1,0,2,0,0,0,0,1,2,0,2
INM00042671,1990,2,0,1,0,0,0,0,0,0,0,0,0
INM00042671,2003,0,0,0,0,0,0,1,0,0,0,0,0
INM00042671,2004,0,0,0,0,1,0,0,0,0,0,0,0
INM00042671,2007,0,0,0,0,2,0,0,0,0,1,0,1
INM00042671,2009,0,7,0,0,0,1,0,0,0,0,0,0
INM00042671,2011,0,0,0,0,0,0,1,0,0,0,0,0
INM00042671,2015,0,0,0,0,0,0,0,0,0,0,0,195
INM00042671,2016,248,226,244,239,247,235,247,247,240,247,239,248
INM00042671,2017,245,224,248,240,247,236,246,247,240,247,239,247
INM00042671,2018,248,224,248,237,247,241,244,246,217,245,240,248
INM00042671,2019,248,223,242,241,248,240,248,248,152,59,47,25
INM00042671,2020,34,13,30,10,19,16,22,36,25,17,21,14
INM00042671,2021,38,18,22,15,37,32,15,26,16,5,9,163
INM00042671,2022,248,222,248,239,247,238,244,242,237,243,240,247
INM00042671,2023,248,223,245,236,243,232,246,243,232,243,238,232
INM00042671,2024,247,230,247,215,246,238,238,245,235,247,237,244
INM00042671,2025,246,219,245,239,249,237,239,229,223,247,240,248
INM00042671,2026,244,204,0,0,0,0,0,0,0,0,0,0
INI0000VOPB,2014,1,0,0,0,0,0,0,0,0,0,0,0
INI0000VOPB,2015,0,0,0,0,0,0,0,0,0,0,0,28
INI0000VOPB,2016,16,146,159,143,91,11,4,6,5,4,0,8
INI0000VOPB,2017,0,3,31,22,9,0,0,0,48,26,3,105
INI0000VOPB,2018,81,85,19,5,18,4,0,0,10,12,117,27
INI0000VOPB,2019,40,381,335,273,242,186,280,243,139,216,149,165
INI0000VOPB,2020,166,101,28,1,2,29,40,5,7,7,8,73
INI0000VOPB,2021,58,114,150,96,217,168,76,182,116,107,100,71
INI0000VOPB,2022,424,866,970,875,741,876,646,722,651,662,608,778
INI0000VOPB,2023,969,770,841,337,464,721,860,927,954,1012,1011,946
INI0000VOPB,2024,1023,1000,1069,918,1026,984,929,1013,859,1092,1067,1094
INI0000VOPB,2025,991,918,1024,1090,1101,1021,1036,965,893,974,1011,1012
INI0000VOPB,2026,1041,861,0,0,0,0,0,0,0,0,0,0
INI0000VOPC,2017,0,0,2,0,1,0,0,0,0,0,0,0
INI0000VOPC,2018,225,300,335,330,332,334,309,355,290,331,342,364
INI0000VOPC,2019,341,291,331,323,374,342,366,316,289,348,363,368
INI0000VOPC,2020,374,375,275,9,0,28,0,139,0,4,21,12
INI0000VOPC,2021,110,85,135,60,50,40,37,13,65,14,0,8
INI0000VOPC,2022,11,63,174,399,388,363,353,375,377,430,348,412
INI0000VOPC,2023,369,314,347,254,294,302,300,257,217,369,422,410
INI0000VOPC,2024,436,387,418,242,315,289,256,344,346,406,367,439
INI0000VOPC,2025,491,444,444,438,445,430,431,418,382,444,437,452
INI0000VOPC,2026,451,386,0,0,0,0,0,0,0,0,0,0
INM00042147,1944,110,114,118,118,110,118,120,108,110,118,120,118
INM00042147,1945,50,98,122,116,114,98,116,112,114,120,116,110
INM00042147,1946,120,102,118,116,110,74,62,78,86,88,76,122
INM00042147,1947,102,102,120,118,118,104,96,92,96,104,110,122
INM00042147,1948,116,108,122,110,114,106,112,120,112,118,108,110
INM00042147,1949,53,52,60,59,55,56,61,57,57,59,58,61
INM00042147,1950,61,56,59,58,60,58,57,62,60,61,60,60
INM00042147,1951,61,55,60,59,59,58,61,59,59,61,59,61
INM00042147,1952,61,58,62,59,60,56,57,62,60,62,59,62
INM00042147,1953,53,56,60,59,62,59,61,62,60,62,60,62
INM00042147,1954,60,55,62,60,62,57,1,60,59,61,59,58
INM00042147,1955,60,54,61,58,60,51,62,62,60,60,60,61
INM00042147,1956,60,57,61,60,60,59,62,55,59,61,58,61
INM00042147,1957,50,55,56,56,57,53,60,55,52,59,58,59
INM00042147,1958,60,54,53,54,60,53,56,56,57,1,57,59
INM00042147,1959,59,56,56,54,57,52,61,56,58,56,58,58
INM00042147,1960,47,54,1,56,59,54,54,55,54,57,57,61
INM00042147,1961,59,43,58,46,59,2,54,60,55,0,0,0
INM00042147,1962,0,45,0,1,54,58,1,57,0,0,0,1
INM00042147,1963,59,55,59,60,58,53,0,0,0,0,0,0
INM00042147,1973,33,31,34,21,0,12,13,18,17,30,17,14
INM00042147,1974,25,20,21,18,13,11,12,7,9,16,14,12
INM00042147,1975,8,6,5,6,7,6,28,21,22,23,29,27
INM00042147,1976,17,8,26,34,37,38,34,32,18,16,19,30
INM00042147,1977,30,31,41,32,41,35,31,38,35,39,47,45
INM00042147,1978,41,38,49,46,48,34,37,34,35,0,2,1
INM00042147,1979,3,0,2,3,3,0,1,0,2,0,1,0
INM00042147,1980,1,1,2,0,1,0,2,1,0,0,0,0
INM00042147,1983,0,0,0,0,0,0,0,1,5,9,13,15
INM00042147,1984,9,10,8,6,7,1,4,5,4,1,0,3
INM00042147,1985,3,2,2,7,5,2,0,2,4,4,5,0
INM00042147,1986,2,2,1,1,1,1,1,7,3,2,4,1
INM00042147,1987,2,1,3,7,3,2,4,2,5,0,3,0
INM00042147,1988,4,0,0,0,2,1,0,1,0,1,0,2
INM00042147,1989,0,1,0,2,0,0,0,0,0,0,1,0
INM00042147,1990,0,0,3,0,1,0,0,0,0,0,0,0
INM00042147,2000,1,0,0,0,0,0,0,0,0,0,0,0
INM00042147,2001,0,0,0,0,0,1,0,0,0,0,0,0
INM00042147,2002,0,0,0,0,0,0,0,1,0,2,0,0
INM00042147,2007,0,0,0,0,1,0,0,0,0,0,0,0
INM00042147,2009,0,2,0,0,0,0,0,0,0,0,0,0
INM00042147,2013,0,0,0,0,1,0,0,0,0,0,0,0
INM00042147,2015,0,0,0,0,0,0,0,0,0,0,0,95
INM00042147,2016,124,112,119,115,125,117,123,120,119,123,117,124
INM00042147,2017,119,108,118,119,124,115,118,119,118,119,115,119
INM00042147,2018,118,108,119,114,120,118,120,119,110,120,115,122
INM00042147,2019,119,110,117,118,121,119,122,122,116,125,117,122
INM00042147,2020,120,112,124,119,123,120,124,124,118,123,119,123
INM00042147,2021,124,103,124,119,121,119,122,124,120,123,120,119
INM00042147,2022,124,110,120,118,122,119,124,120,118,122,120,123
INM00042147,2023,121,110,122,117,119,118,123,123,117,122,120,114
INM00042147,2024,123,116,123,106,123,120,122,123,119,125,120,122
INM00042147,2025,123,111,123,120,124,119,123,114,111,124,120,124
INM00042147,2026,124,103,0,0,0,0,0,0,0,0,0,0
INI0000VIJP,1944,56,53,60,57,57,58,62,62,58,58,59,61
INI0000VIJP,1945,62,56,62,58,59,57,58,57,57,62,58,54
INI0000VIJP,1946,60,50,60,60,61,51,42,50,56,44,43,60
INI0000VIJP,1947,61,55,57,57,58,57,58,54,48,60,57,60
INI0000VIJP,1948,60,55,61,59,58,59,62,60,56,59,58,57
INI0000VIJP,1954,61,54,62,59,62,59,61,57,57,60,59,60
INI0000VIJP,1955,60,54,58,58,59,59,59,58,60,62,60,62
INI0000VIJP,1956,62,58,62,55,56,59,59,59,55,62,59,59
INI0000VIJP,1957,66,57,65,59,52,46,120,125,124,127,128,127
INI0000VIJP,1958,133,119,133,128,122,124,121,122,121,127,124,128
INI0000VIJP,1959,60,53,63,54,45,42,42,39,44,43,45,54
INI0000VIJP,1960,47,50,57,55,49,64,62,62,66,68,63,60
INI0000VIJP,1961,105,95,153,136,144,134,138,145,136,144,132,142
INI0000VIJP,1962,152,137,147,143,145,134,149,150,138,147,142,151
INI0000VIJP,1963,59,56,59,53,58,53,56,56,54,59,54,58
INI0000VIJP,1973,190,173,203,180,182,174,197,182,172,196,158,155
INI0000VIJP,1974,187,170,191,182,185,177,203,184,177,190,180,176
INI0000VIJP,1975,190,165,184,188,179,189,203,191,186,191,196,193
INI0000VIJP,1976,179,180,180,155,178,175,179,196,171,172,164,170
INI0000VIJP,1977,180,185,212,205,210,200,202,218,215,207,199,216
INI0000VIJP,1978,216,208,239,228,220,225,230,229,216,220,219,211
INI0000VIJP,1979,209,191,225,228,236,229,231,233,233,243,231,245
INI0000VIJP,1980,241,224,233,232,244,232,225,236,231,238,228,236
INI0000VIJP,1981,227,219,244,224,242,223,222,243,234,242,230,242
INI0000VIJP,1982,225,207,228,225,232,224,229,207,201,232,225,230
INI0000VIJP,1983,240,216,240,224,229,212,223,213,231,240,233,241
INI0000VIJP,1984,235,219,239,231,232,232,234,236,200,236,228,238
INI0000VIJP,1985,240,222,242,233,238,233,238,242,231,243,234,239
INI0000VIJP,1986,240,216,247,229,240,220,235,230,228,223,205,236
INI0000VIJP,1987,247,212,227,222,229,232,229,223,220,236,232,241
INI0000VIJP,1988,232,222,231,224,224,226,224,220,210,195,207,205
INI0000VIJP,1989,205,197,209,218,222,208,206,208,202,222,218,225
INI0000VIJP,1990,235,199,224,172,180,180,201,212,198,192,191,185
INI0000VIJP,1991,221,180,210,215,188,200,190,216,176,205,205,200
INI0000VIJP,1992,197,201,220,219,194,208,200,213,221,220,211,206
INI0000VIJP,1993,224,199,221,210,207,223,222,222,219,219,222,217
INI0000VIJP,1994,218,193,226,216,211,218,223,207,209,221,220,234
INI0000VIJP,1995,237,206,213,218,228,204,222,217,198,216,215,228
INI0000VIJP,1996,224,211,218,195,207,204,214,195,201,216,211,213
INI0000VIJP,1997,213,210,202,173,185,194,212,207,202,218,210,214
INI0000VIJP,1998,187,192,208,213,220,207,173,196,198,212,207,215
INI0000VIJP,1999,201,193,219,203,211,199,203,174,196,213,204,191
INI0000VIJP,2000,194,206,224,211,226,209,222,218,212,234,212,228
INI0000VIJP,2001,234,205,227,226,224,196,184,206,215,212,224,210
INI0000VIJP,2002,225,207,232,223,233,196,228,223,221,237,239,224
INI0000VIJP,2003,238,218,236,233,221,221,221,234,206,231,700,654
INI0000VIJP,2004,594,748,715,773,743,793,839,662,756,722,768,738
INI0000VIJP,2005,789,748,753,706,791,760,653,737,823,864,732,785
INI0000VIJP,2006,794,703,679,752,820,751,809,771,701,668,633,614
INI0000VIJP,2007,492,482,600,688,728,661,725,636,623,617,545,652
INI0000VIJP,2008,718,640,695,675,809,757,744,821,758,820,743,766
INI0000VIJP,2009,744,656,851,874,832,779,818,888,842,824,797,817
INI0000VIJP,2010,782,744,830,795,846,837,800,760,776,694,754,785
INI0000VIJP,2011,810,700,825,844,870,777,835,842,835,848,793,830
INI0000VIJP,2012,920,931,973,924,898,938,1067,991,948,1027,885,927
INI0000VIJP,2013,942,815,934,925,951,873,957,879,891,952,885,916
INI0000VIJP,2014,844,859,927,920,937,883,837,889,879,929,895,908
INI0000VIJP,2015,1012,938,945,1000,922,930,936,933,879,889,945,976
INI0000VIJP,2016,986,862,1233,1228,1245,1174,1246,1209,1188,1263,1197,1361
INI0000VIJP,2017,1400,1284,1405,1351,1368,1333,1368,1364,1359,1411,1337,1397
INI0000VIJP,2018,1370,1247,1411,1363,1384,1381,1401,1444,1301,1445,1427,1452
INI0000VIJP,2019,1432,1311,1442,1425,1470,1435,1483,1443,1407,1477,1399,1385
INI0000VIJP,2020,1425,1310,1225,707,869,1387,1441,1414,1416,1466,1410,1452
INI0000VIJP,2021,1289,1188,1446,1388,1277,1364,1457,1437,1396,1471,1425,1482
INI0000VIJP,2022,1485,1343,1484,1426,1473,1438,1406,1498,1460,1456,1442,1456
INI0000VIJP,2023,1488,1326,1465,1433,1471,1404,1466,1474,1408,1469,1436,1487
INI0000VIJP,2024,1496,1392,1486,1434,1485,1444,1464,1485,1430,1465,1376,1395
INI0000VIJP,2025,1412,1246,1296,1038,1187,1175,1343,1341,1260,1455,1332,1477
INI0000VIJP,2026,1460,1238,0,0,0,0,0,0,0,0,0,0
INI0000VOSM,2018,0,1,92,289,285,284,260,289,248,283,288,289
INI0000VOSM,2019,272,247,280,275,281,264,275,291,249,283,276,296
INI0000VOSM,2020,303,269,223,0,67,284,315,312,315,293,299,341
INI0000VOSM,2021,352,271,318,305,290,239,220,246,231,240,200,222
INI0000VOSM,2022,214,207,288,257,298,255,218,209,235,272,272,276
INI0000VOSM,2023,261,249,274,278,296,280,278,274,295,308,390,404
INI0000VOSM,2024,449,389,483,440,511,492,483,503,470,535,496,483
INI0000VOSM,2025,484,445,508,506,473,448,478,467,441,491,470,500
INI0000VOSM,2026,510,431,0,0,0,0,0,0,0,0,0,0
INM00042414,1973,12,8,8,7,4,2,5,8,8,8,8,5
INM00042414,1974,4,4,7,7,4,4,6,5,8,4,6,0
INM00042414,1975,4,5,5,5,6,8,7,5,10,6,9,0
INM00042414,1976,6,5,5,11,6,7,5,2,3,3,3,6
INM00042414,1977,8,8,8,7,6,6,4,5,10,11,12,8
INM00042414,1978,7,11,14,11,10,14,12,9,8,0,3,3
INM00042414,1979,1,4,2,0,1,0,0,0,0,0,0,0
INM00042414,2001,0,0,0,0,0,0,0,0,1,0,0,0
INM00042414,2002,0,0,0,1,1,0,0,1,0,1,0,0
INM00042414,2004,0,1,0,0,0,0,0,0,0,0,0,0
INM00042414,2015,0,0,0,0,0,0,0,0,0,0,0,37
INM00042414,2016,53,40,46,34,44,52,47,46,41,33,52,51
INM00042414,2017,50,44,51,42,56,52,54,54,46,40,51,46
INM00042414,2018,54,46,49,43,34,17,48,56,56,55,55,48
INM00042414,2019,24,45,53,56,55,55,54,57,48,49,53,52
INM00042414,2020,54,54,44,9,51,50,51,58,48,51,46,31
INM00042414,2021,28,32,25,33,40,38,37,40,48,48,43,43
INM00042414,2022,43,35,50,48,47,41,54,47,49,51,56,51
INM00042414,2023,50,41,46,48,56,53,55,51,53,59,54,55
INM00042414,2024,53,53,53,52,62,60,57,61,56,59,56,59
INM00042414,2025,62,55,57,55,60,55,59,56,53,58,52,59
INM00042414,2026,59,51,0,0,0,0,0,0,0,0,0,0
INI0000VOCI,2006,0,0,0,0,0,0,0,0,0,1,3,7
INI0000VOCI,2009,0,1,0,0,0,0,0,0,0,0,0,0
INI0000VOCI,2010,1,0,0,0,0,0,0,0,0,0,0,0
INI0000VOCI,2011,53,170,1183,1195,1189,1141,1155,1150,1193,1186,1190,1157
INI0000VOCI,2012,1184,1134,1111,1124,1282,1261,1274,1256,1248,1266,1228,1286
INI0000VOCI,2013,1308,1115,1256,1147,1161,1068,1145,1174,639,1136,1128,383
INI0000VOCI,2014,0,338,1287,1176,1244,1201,1179,1238,1194,1199,1225,1254
INI0000VOCI,2015,1277,1145,1237,1179,1202,1162,1174,1167,1163,1205,1183,1267
INI0000VOCI,2016,1317,1177,1298,1268,1310,1319,1453,1472,1409,1461,1387,1447
INI0000VOCI,2017,1442,1328,1470,1407,1460,1401,1443,1417,1406,1475,1402,1459
INI0000VOCI,2018,1445,1309,1473,1406,1464,1418,1415,842,1305,1447,1398,1467
INI0000VOCI,2019,1462,1333,1431,1402,1468,1388,1456,1441,1387,1467,1403,1450
INI0000VOCI,2020,1453,1374,1281,697,733,1204,1446,1471,1412,1447,1401,1476
INI0000VOCI,2021,1462,1202,1478,1393,1436,1391,1436,1477,1419,1467,1420,1470
INI0000VOCI,2022,1471,1317,1470,1413,1458,1393,1447,1493,1424,1436,1421,1422
INI0000VOCI,2023,1470,1305,1453,1229,1438,1381,1434,1425,1356,1440,1393,1434
INI0000VOCI,2024,1458,1337,1420,1361,1402,1354,1325,1301,1273,1408,1343,1392
INI0000VOCI,2025,1351,1207,1358,1382,1391,1335,1396,1316,1264,1400,1371,1412
INI0000VOCI,2026,1453,1225,0,0,0,0,0,0,0,0,0,0
INM00042729,2001,0,0,0,0,0,0,0,0,1,0,0,0
INM00042729,2015,0,0,0,0,0,0,0,0,0,0,0,2
INM00042729,2017,60,56,62,28,0,0,0,0,0,0,0,0
INM00042729,2018,0,0,0,0,0,31,0,0,0,0,0,0
INI0000VIDP,1975,0,0,4,3,3,0,0,0,0,0,0,0
INI0000VIDP,1986,0,0,4,5,4,6,2,3,5,2,5,3
INI0000VIDP,1987,1,3,2,3,6,1,4,3,3,3,1,2
INI0000VIDP,1988,3,6,3,5,3,1,6,5,1,4,4,4
INI0000VIDP,1989,0,3,6,2,1,2,0,3,1,3,1,2
INI0000VIDP,1990,4,3,2,0,0,0,0,0,0,0,0,0
INI0000VIDP,1996,0,0,0,641,641,513,622,495,622,504,620,668
INI0000VIDP,1997,632,568,550,597,538,519,636,584,603,656,596,608
INI0000VIDP,1998,583,578,674,671,679,651,677,582,658,681,610,671
INI0000VIDP,1999,602,606,693,671,693,646,693,686,674,586,666,637
INI0000VIDP,2000,664,606,633,685,712,686,714,700,659,718,650,701
INI0000VIDP,2001,709,625,683,683,710,681,715,712,695,714,700,724
INI0000VIDP,2002,718,662,736,696,723,618,558,407,427,403,295,192
INI0000VIDP,2003,236,371,530,494,872,1303,1353,1372,1292,1381,1316,1332
INI0000VIDP,2004,1328,1260,1348,1331,1394,1355,1415,1380,1332,1354,1294,1368
INI0000VIDP,2005,1354,1236,1329,1319,1373,1334,1228,1318,1184,1045,1332,1326
INI0000VIDP,2006,1264,1181,1329,1316,1344,1325,1408,1402,1321,1380,1290,1311
INI0000VIDP,2007,1305,1184,1305,1326,1352,1332,1404,1369,1351,1355,1288,1296
INI0000VIDP,2008,1274,1226,1327,1300,1363,1338,1401,1374,1328,1384,1306,1308
INI0000VIDP,2009,1306,1122,1284,1291,1370,1293,1383,1381,1327,1286,1268,1259
INI0000VIDP,2010,1261,1166,1308,1333,1405,1345,1358,1346,1279,1334,1262,1301
INI0000VIDP,2011,1289,1135,1266,1273,1339,1334,1364,1354,1278,1361,1256,1307
INI0000VIDP,2012,1227,1191,1266,1247,1240,1321,1378,1348,1319,1362,1257,1328
INI0000VIDP,2013,1250,1155,1266,1282,1336,1326,1358,1321,1307,1344,1249,1296
INI0000VIDP,2014,1307,1148,1281,1267,1328,1302,1352,1402,1334,1358,1277,1345
INI0000VIDP,2015,1348,1186,1271,1298,1332,1302,1370,1362,1337,1346,1307,1450
INI0000VIDP,2016,1478,1325,1460,1423,1484,1437,1485,1482,1435,1484,1425,1484
INI0000VIDP,2017,1475,1342,1492,1436,1483,1386,1349,1477,1434,1485,1417,1457
INI0000VIDP,2018,1476,1341,1488,1323,1435,1427,1379,1441,1334,1480,1412,1473
INI0000VIDP,2019,1408,1337,1456,1437,1483,1436,1474,1478,1422,1481,1381,1442
INI0000VIDP,2020,1465,1385,1438,1421,1438,1430,1469,1257,1438,1487,1421,1470
INI0000VIDP,2021,1314,1240,1479,1431,1454,1439,1482,1480,1436,1486,1423,1481
INI0000VIDP,2022,1487,1337,1457,1432,1479,1432,1392,1471,1410,1402,1431,1445
INI0000VIDP,2023,1465,1323,1460,1411,1446,1400,1473,1447,1368,1454,1415,1456
INI0000VIDP,2024,1482,1384,1479,1434,1479,1429,1439,1466,1415,1485,1428,1468
INI0000VIDP,2025,1477,1308,1454,1422,1465,1404,1462,1368,1290,1464,1327,1482
INI0000VIDP,2026,1470,1233,0,0,0,0,0,0,0,0,0,0
INM00042397,1999,0,1,1,0,1,0,0,0,1,0,0,0
INM00042397,2001,0,0,0,1,0,0,0,0,0,0,0,0
INM00042397,2002,0,0,0,1,0,0,0,0,0,0,0,0
INM00042397,2003,1,0,0,1,0,0,0,0,0,0,0,0
INM00042397,2016,0,0,0,0,0,0,0,0,0,0,0,1
INM00042397,2018,0,0,0,0,0,0,0,0,0,0,0,1
INM00042397,2019,0,0,2,0,0,0,0,0,1,0,0,0
INM00042397,2023,0,0,0,0,1,0,0,0,0,0,0,0
INI0000VAKJ,2016,0,0,0,0,3,1,2,0,0,0,0,0
INI0000VAKJ,2017,1,0,1,0,0,0,0,0,0,0,2,0
INI0000VAKJ,2018,0,0,0,2,0,0,0,0,0,1,0,0
INI0000VAKJ,2019,1,0,1,0,0,0,0,0,0,0,0,0
INA00420571,1973,2,3,20,29,24,14,12,15,18,21,17,34
INA00420571,1974,57,70,50,29,38,26,25,8,18,10,28,20
INA00420571,1975,31,10,18,25,12,20,12,49,0,0,0,0
INI0000VISP,2017,0,1,0,0,0,0,0,0,0,0,0,0
INI0000VISP,2019,0,0,0,1,0,0,1,0,0,0,0,0
INI0000VISP,2022,0,0,0,0,0,0,0,1,37,62,56,62
INI0000VISP,2023,80,29,59,68,121,82,62,86,85,85,31,162
INI0000VISP,2024,685,707,574,121,93,179,51,123,72,56,69,52
INI0000VISP,2025,25,13,6,0,0,0,1,0,0,0,0,0
INU55-00075,1821,85,0,0,0,0,0,0,0,0,0,0,0
INU55-00076,1820,0,0,0,0,0,0,61,0,0,0,0,0
INU55-00078,1893,31,28,30,30,31,30,31,30,30,31,29,31
INU55-00078,1894,31,28,31,30,31,30,31,31,30,31,30,31
INU55-00078,1895,31,28,31,29,31,29,31,31,30,31,30,31
INU55-00078,1896,19,0,0,0,0,0,0,0,0,0,0,0
INU55-00078,1897,0,0,0,0,0,12,3,31,30,31,30,31
INU55-00078,1898,31,28,31,30,31,30,31,31,30,31,30,28
INU55-00078,1899,31,28,31,30,31,30,31,31,30,31,30,31
INU60-00023,1832,0,0,0,0,186,180,185,186,179,186,179,178
INU60-00023,1833,186,168,186,179,185,180,177,186,179,184,180,183
INU60-00023,1834,184,168,173,179,186,180,183,180,176,185,180,180
INU60-00023,1835,184,168,184,174,186,176,183,185,180,186,180,180
INU60-00023,1836,179,116,120,116,120,119,120,120,118,120,120,115
INU60-00023,1837,123,107,121,116,120,180,173,183,180,185,179,180
INU60-00023,1838,177,168,174,178,183,175,185,186,174,185,0,0
INU043346-1,1999,0,0,0,1,0,0,0,28,116,112,110,82
INU043346-1,2000,0,1,0,0,0,0,0,0,1,0,0,0
INU043346-1,2001,0,0,0,0,0,1,0,0,0,1,1,0
INU043346-1,2002,1,0,0,1,0,0,0,0,0,0,0,0
INU043346-1,2003,0,0,0,0,0,0,1,0,0,0,0,0
INU043346-1,2004,0,0,0,0,1,0,0,0,0,0,0,0
INU043346-1,2005,0,41,239,240,246,239,240,243,240,246,158,240
INU043346-1,2006,228,159,172,239,246,240,248,247,235,247,186,243
INU043346-1,2007,244,221,239,238,238,237,247,240,236,237,238,246
INU043346-1,2008,248,231,244,237,246,240,242,246,237,246,235,244
INU043346-1,2009,247,224,246,237,246,224,246,247,235,246,238,247
INU043346-1,2010,245,224,248,239,248,236,236,246,238,245,240,248
INU043346-1,2011,247,223,243,240,246,200,247,246,240,248,240,247
INU043346-1,2012,248,232,248,240,248,238,248,247,240,247,235,246
INU043346-1,2013,248,222,248,238,245,238,256,248,240,248,237,248
INU043346-1,2014,247,223,248,240,248,239,245,248,237,247,240,248
INU043346-1,2015,248,224,244,240,246,239,248,248,239,248,235,246
INU043346-1,2016,248,222,245,239,248,239,247,248,240,248,237,247
INU043346-1,2017,247,224,248,240,248,238,247,246,240,245,239,247
INU043346-1,2018,248,222,248,231,247,238,241,246,235,244,240,248
INU043346-1,2019,245,224,247,236,245,236,248,248,238,247,237,246
INU043346-1,2020,247,232,241,237,241,239,248,248,239,248,239,248
INU043346-1,2021,248,208,248,240,244,238,246,246,240,247,238,248
INU043346-1,2022,248,222,247,240,245,236,247,237,236,234,239,237
INU043346-1,2023,247,222,243,213,245,235,242,243,231,246,237,235
INU043346-1,2024,247,229,245,215,243,237,239,241,227,247,236,241
INU043346-1,2025,243,212,246,238,243,229,242,230,224,244,236,247
INU043346-1,2026,240,205,0,0,0,0,0,0,0,0,0,0
INU043086-1,1973,38,28,28,21,2,15,20,9,20,18,26,19
INU043086-1,1974,20,34,44,55,37,45,35,50,47,33,31,62
INU043086-1,1975,56,62,68,16,25,26,85,76,79,78,109,116
INU043086-1,1976,113,109,134,141,117,113,98,110,117,101,111,117
INU043086-1,1977,132,131,149,137,116,109,144,145,175,138,151,177
INU043086-1,1978,187,185,219,175,173,139,194,177,166,135,141,148
INU043086-1,1979,153,143,169,204,200,183,182,195,182,208,186,182
INU043086-1,1980,194,187,218,193,185,154,177,188,154,175,167,176
INU043086-1,1981,204,173,160,175,157,120,147,176,145,155,157,184
INU043086-1,1982,172,145,177,145,130,121,151,163,167,163,187,187
INU043086-1,1983,199,170,181,184,160,182,169,113,156,119,151,128
INU043086-1,1984,131,129,108,105,138,124,139,155,146,151,149,174
INU043086-1,1985,172,137,145,137,127,128,133,118,140,99,107,129
INU043086-1,1986,132,127,150,135,93,96,107,79,100,92,102,115
INU043086-1,1987,112,121,126,123,126,99,93,98,99,107,94,139
INU043086-1,1988,183,144,99,86,86,94,91,108,113,126,132,126
INU043086-1,1989,106,138,154,140,143,109,113,134,107,148,144,153
INU043086-1,1990,165,153,150,155,107,139,177,169,150,164,39,163
INU043086-1,1991,142,136,159,129,86,106,117,159,118,149,139,159
INU043086-1,1992,185,185,97,177,129,102,102,104,120,170,137,153
INU043086-1,1993,185,65,104,165,126,104,125,166,160,55,152,183
INU043086-1,1994,140,149,186,153,129,133,170,150,139,190,154,171
INU043086-1,1995,198,165,215,166,72,70,117,164,157,109,165,187
INU043086-1,1996,196,160,192,135,116,144,130,91,144,166,130,150
INU043086-1,1997,82,111,149,158,159,166,184,216,133,196,147,192
INU043086-1,1998,127,173,172,193,179,208,204,165,31,201,186,187
INU043086-1,1999,227,213,185,213,200,172,70,127,133,189,154,56
INU043086-1,2000,41,83,170,185,65,139,198,165,105,212,222,231
INU043086-1,2001,235,138,128,167,131,114,221,181,133,235,235,235
INU043086-1,2002,211,214,231,232,222,207,235,229,214,229,225,228
INU043086-1,2003,238,213,223,229,189,205,226,224,209,221,208,225
INU043086-1,2004,235,205,232,218,240,216,236,228,169,199,225,229
INU043086-1,2005,235,218,221,237,244,232,237,235,232,240,218,239
INU043086-1,2006,232,217,235,233,243,234,241,238,226,243,224,244
INU043086-1,2007,246,218,238,233,234,231,242,237,233,235,233,246
INU043086-1,2008,243,227,242,235,243,239,243,245,236,245,233,244
INU043086-1,2009,246,222,246,237,246,222,245,234,224,244,239,244
INU043086-1,2010,234,223,247,239,247,236,237,247,238,244,240,248
INU043086-1,2011,248,222,243,240,246,200,247,246,239,248,240,247
INU043086-1,2012,248,231,248,240,248,238,246,245,240,247,235,247
INU043086-1,2013,248,223,248,238,246,238,248,248,240,248,238,248
INU043086-1,2014,248,224,248,240,248,239,245,248,239,248,240,248
INU043086-1,2015,248,223,246,240,246,239,248,248,239,248,240,246
INU043086-1,2016,248,224,244,239,247,240,248,248,240,248,236,248
INU043086-1,2017,248,224,248,238,248,239,248,245,239,248,239,247
INU043086-1,2018,248,222,248,226,248,240,237,245,236,244,239,248
INU043086-1,2019,247,223,247,238,247,237,248,248,237,246,237,246
INU043086-1,2020,247,232,248,239,238,240,247,248,237,248,239,248
INU043086-1,2021,247,212,247,240,246,235,248,245,239,247,238,244
INU043086-1,2022,248,219,247,240,247,235,246,238,238,237,240,245
INU043086-1,2023,248,223,245,228,237,236,246,244,232,247,233,233
INU043086-1,2024,247,232,245,214,244,233,240,240,227,247,236,245
INU043086-1,2025,242,212,247,237,236,224,240,224,221,240,234,243
INU043086-1,2026,233,198,0,0,0,0,0,0,0,0,0,0
INU55-00071,1893,31,25,31,30,31,30,31,30,30,31,29,31
INU55-00071,1894,31,28,31,30,31,30,31,28,30,31,30,31
INU55-00071,1895,31,28,31,30,31,30,31,31,30,31,30,31
INU55-00071,1896,31,29,31,30,31,30,31,30,30,31,30,31
INU55-00071,1897,31,28,31,30,15,0,0,0,0,0,30,31
INU55-00071,1898,31,28,31,30,31,30,31,31,30,31,30,31
INU55-00071,1899,31,28,31,30,31,30,31,31,30,31,30,31
INU55-00072,1893,23,28,31,0,30,30,0,0,0,0,0,0
INU042886-1,1957,34,27,23,26,29,26,124,124,120,124,119,123
INU042886-1,1958,124,112,124,120,124,119,124,124,120,124,120,124
INU042886-1,1959,28,34,31,26,26,22,24,28,31,18,22,24
INU042886-1,1960,27,25,29,27,21,12,17,19,24,27,31,38
INU042886-1,1961,64,56,98,100,90,68,17,31,74,83,70,68
INU042886-1,1962,93,94,106,68,75,92,102,99,95,102,104,112
INU042886-1,1973,130,121,147,135,107,94,123,132,113,109,108,118
INU042886-1,1974,104,81,106,88,87,97,69,56,62,42,35,32
INU042886-1,1975,35,39,48,41,72,95,57,57,78,93,99,107
INU042886-1,1976,104,108,149,112,91,80,53,113,89,105,110,127
INU042886-1,1977,126,102,141,132,142,106,91,78,131,132,147,146
INU042886-1,1978,172,147,160,133,140,103,122,139,139,121,129,157
INU042886-1,1979,144,121,130,162,174,141,153,130,161,159,126,107
INU042886-1,1980,163,128,119,142,100,111,129,139,95,128,109,124
INU042886-1,1981,141,113,127,116,81,53,63,42,43,75,101,110
INU042886-1,1982,95,53,83,58,67,38,76,76,80,83,125,131
INU042886-1,1983,119,95,91,51,52,26,56,24,41,60,119,107
INU042886-1,1984,107,104,128,99,97,57,56,112,99,170,151,153
INU042886-1,1985,156,108,118,81,85,81,72,98,56,51,76,79
INU042886-1,1986,71,99,110,114,87,56,87,88,124,101,104,157
INU042886-1,1987,158,134,169,144,157,144,137,139,92,108,124,137
INU042886-1,1988,140,136,82,143,136,121,141,120,100,133,120,147
INU042886-1,1989,138,110,134,151,145,122,151,129,142,155,156,157
INU042886-1,1990,149,114,106,97,78,48,134,154,144,127,65,102
INU042886-1,1991,143,135,92,0,10,83,173,160,152,165,169,171
INU042886-1,1992,191,189,192,177,131,124,144,162,158,186,166,180
INU042886-1,1993,178,173,191,179,162,169,199,192,187,208,194,183
INU042886-1,1994,185,161,179,150,153,166,182,186,182,193,172,170
INU042886-1,1995,180,172,189,173,184,144,148,176,174,199,185,175
INU042886-1,1996,170,160,171,164,188,166,158,170,171,199,171,105
INU042886-1,1997,56,154,152,132,116,52,51,50,3,2,140,154
INU042886-1,1998,144,153,170,150,148,155,164,177,161,189,172,182
INU042886-1,1999,180,170,193,183,182,160,190,193,185,209,188,191
INU042886-1,2000,189,199,181,197,212,201,214,201,192,218,207,217
INU042886-1,2001,204,145,11,144,200,198,201,196,203,146,164,203
INU042886-1,2002,196,174,198,183,176,162,147,72,71,154,67,77
INU042886-1,2003,71,61,78,63,75,169,217,215,209,234,217,200
INU042886-1,2004,215,202,225,216,232,210,234,234,226,240,227,219
INU042886-1,2005,228,215,227,223,235,230,214,165,221,212,227,232
INU042886-1,2006,234,211,238,195,239,228,230,157,226,232,217,237
INU042886-1,2007,235,179,166,54,210,198,169,153,161,228,187,196
INU042886-1,2008,215,205,228,226,224,228,240,245,233,244,233,236
INU042886-1,2009,241,219,236,232,237,217,240,240,237,247,237,243
INU042886-1,2010,246,223,248,239,245,233,237,247,236,248,240,248
INU042886-1,2011,247,222,246,239,246,201,247,241,239,247,240,248
INU042886-1,2012,247,232,248,240,248,237,248,248,239,246,237,248
INU042886-1,2013,248,223,248,239,246,238,249,248,242,247,236,248
INU042886-1,2014,247,224,248,240,248,239,247,248,240,248,240,248
INU042886-1,2015,248,223,247,239,246,239,247,248,238,248,240,246
INU042886-1,2016,248,226,245,239,248,239,248,248,240,248,238,248
INU042886-1,2017,248,224,248,240,248,240,247,247,240,248,240,248
INU042886-1,2018,248,224,248,238,248,240,247,248,341,436,407,446
INU042886-1,2019,466,436,365,748,744,842,875,925,825,850,831,862
INU042886-1,2020,902,1022,1001,649,664,863,858,810,837,822,817,905
INU042886-1,2021,836,717,907,913,920,864,874,909,887,779,841,886
INU042886-1,2022,833,756,827,730,832,794,713,737,735,743,691,642
INU042886-1,2023,817,731,758,830,877,792,859,821,802,832,779,736
INU042886-1,2024,798,742,792,664,799,767,680,738,779,810,784,799
INU042886-1,2025,840,746,809,691,831,787,872,821,820,973,923,956
INU042886-1,2026,937,697,0,0,0,0,0,0,0,0,0,0
INU043237-1,1954,61,56,62,58,62,60,61,59,60,61,59,61
INU043237-1,1955,62,55,60,60,62,59,60,58,60,60,60,62
INU043237-1,1956,62,58,62,60,60,57,60,60,59,62,59,61
INU043237-1,1957,82,74,80,64,56,58,92,93,89,92,89,93
INU043237-1,1958,93,83,93,90,92,88,92,91,89,92,89,92
INU043237-1,1959,69,67,78,77,62,57,70,65,58,58,58,63
INU043237-1,1960,65,67,62,74,63,61,61,57,61,62,63,55
INU043237-1,1961,99,87,133,116,117,122,129,137,132,143,135,134
INU043237-1,1962,146,136,141,136,141,136,142,145,140,141,136,139
INU043237-1,1963,62,53,62,59,61,58,60,61,58,59,60,61
INU043237-1,1973,177,155,181,141,167,155,169,141,155,155,146,169
INU043237-1,1974,163,167,152,158,159,161,147,177,157,162,165,157
INU043237-1,1975,158,145,161,131,143,126,159,152,140,134,150,136
INU043237-1,1976,157,125,172,144,138,122,142,149,128,150,120,122
INU043237-1,1977,144,148,163,161,161,123,147,160,175,148,155,182
INU043237-1,1978,176,188,221,193,210,189,197,201,187,191,193,197
INU043237-1,1979,195,183,201,219,227,211,213,216,219,226,207,210
INU043237-1,1980,227,216,220,210,218,207,218,217,214,223,213,220
INU043237-1,1981,229,188,219,219,214,203,229,214,203,205,207,224
INU043237-1,1982,215,190,222,208,166,199,204,202,200,208,202,221
INU043237-1,1983,218,198,219,201,196,203,214,221,211,227,213,205
INU043237-1,1984,203,199,228,210,210,196,205,205,211,212,201,221
INU043237-1,1985,211,190,200,195,189,182,201,209,198,214,203,213
INU043237-1,1986,210,178,204,188,207,186,194,151,194,188,188,182
INU043237-1,1987,186,190,213,204,198,177,179,191,180,201,172,199
INU043237-1,1988,196,201,194,185,190,177,163,182,172,147,149,186
INU043237-1,1989,147,175,192,194,183,186,193,191,160,216,218,222
INU043237-1,1990,227,190,217,199,168,204,230,232,199,228,199,216
INU043237-1,1991,220,213,200,202,195,201,212,210,215,212,209,223
INU043237-1,1992,211,204,165,182,171,186,182,201,205,177,193,190
INU043237-1,1993,207,182,216,205,193,197,209,202,205,208,203,205
INU043237-1,1994,207,186,218,206,177,163,208,200,196,214,212,217
INU043237-1,1995,218,181,199,187,212,202,201,221,211,229,220,227
INU043237-1,1996,219,207,215,208,218,204,201,223,223,201,213,220
INU043237-1,1997,218,208,203,161,188,189,202,208,199,212,212,220
INU043237-1,1998,201,200,203,202,207,212,217,210,219,227,214,222
INU043237-1,1999,206,200,212,206,213,215,216,210,207,210,209,191
INU043237-1,2000,219,217,182,128,128,119,121,129,108,217,212,225
INU043237-1,2001,226,211,234,224,234,225,232,233,229,234,226,232
INU043237-1,2002,230,205,221,230,218,220,239,245,227,236,239,234
INU043237-1,2003,236,222,239,228,232,220,236,237,217,236,234,230
INU043237-1,2004,229,222,241,230,243,236,240,240,233,244,238,245
INU043237-1,2005,247,221,237,238,247,238,236,241,238,241,222,240
INU043237-1,2006,235,216,243,235,247,235,247,245,235,245,237,239
INU043237-1,2007,243,215,238,236,238,223,240,184,211,235,234,247
INU043237-1,2008,245,227,245,236,247,239,243,242,238,244,235,244
INU043237-1,2009,244,223,246,237,244,223,246,247,233,247,240,248
INU043237-1,2010,246,223,247,240,247,211,237,246,237,241,229,248
INU043237-1,2011,243,220,243,235,247,199,248,246,240,248,240,247
INU043237-1,2012,248,231,248,239,248,238,248,245,240,247,232,245
INU043237-1,2013,248,222,248,238,246,237,256,248,240,247,238,248
INU043237-1,2014,247,224,248,240,248,239,246,248,238,247,240,248
INU043237-1,2015,248,224,246,240,246,239,248,248,239,248,240,246
INU043237-1,2016,248,222,243,238,248,240,248,248,240,247,233,248
INU043237-1,2017,248,224,248,240,248,239,248,245,240,248,240,244
INU043237-1,2018,247,222,247,229,248,238,245,246,235,244,239,247
INU043237-1,2019,246,221,244,230,246,232,246,248,237,247,237,246
INU043237-1,2020,245,232,247,159,152,230,246,247,237,248,240,248
INU043237-1,2021,248,212,248,216,162,238,247,249,240,248,240,247
INU043237-1,2022,247,220,247,239,248,235,244,235,237,232,239,247
INU043237-1,2023,246,223,243,215,227,234,247,245,229,247,236,235
INU043237-1,2024,243,230,244,207,244,229,232,234,216,245,234,237
INU043237-1,2025,236,209,243,232,243,221,238,230,224,236,235,243
INU043237-1,2026,239,206,0,0,0,0,0,0,0,0,0,0
INU042410-1,1944,27,29,30,28,28,29,31,37,60,60,59,60
INU042410-1,1945,61,56,310,720,743,720,744,744,713,61,57,58
INU042410-1,1946,62,51,60,51,51,56,38,30,45,40,41,55
INU042410-1,1947,60,55,59,58,59,60,58,62,59,61,58,57
INU042410-1,1948,60,57,56,59,56,59,60,60,59,59,60,61
INU042410-1,1954,62,55,62,59,62,59,60,60,59,62,60,61
INU042410-1,1955,62,54,59,58,61,60,60,58,60,61,59,60
INU042410-1,1956,61,56,61,58,59,59,59,55,60,60,58,60
INU042410-1,1957,51,39,51,41,42,34,123,123,122,125,119,126
INU042410-1,1958,132,112,130,123,129,127,127,126,121,126,121,123
INU042410-1,1959,49,44,58,48,41,36,38,41,33,33,38,48
INU042410-1,1960,38,38,40,43,36,42,35,38,44,56,53,62
INU042410-1,1961,84,63,107,90,98,101,113,110,116,114,102,111
INU042410-1,1962,133,122,129,128,109,125,136,124,119,125,126,129
INU042410-1,1963,54,52,53,47,52,53,49,51,51,55,58,48
INU042410-1,1973,198,171,209,197,208,184,202,187,170,168,174,187
INU042410-1,1974,195,167,201,201,178,184,177,182,177,159,158,159
INU042410-1,1975,165,151,159,167,160,180,189,171,172,196,195,191
INU042410-1,1976,182,171,178,171,137,146,138,178,162,146,159,166
INU042410-1,1977,172,160,171,171,183,175,174,195,199,182,185,193
INU042410-1,1978,165,178,213,203,202,195,206,212,173,196,193,212
INU042410-1,1979,201,189,200,219,233,217,205,218,228,224,201,192
INU042410-1,1980,196,188,189,205,218,191,191,196,201,205,209,204
INU042410-1,1981,199,158,185,188,205,197,197,169,154,214,217,217
INU042410-1,1982,189,180,193,169,176,173,179,167,179,167,200,164
INU042410-1,1983,183,173,211,199,174,154,179,214,190,213,215,216
INU042410-1,1984,195,152,189,178,176,121,209,214,184,200,181,171
INU042410-1,1985,202,190,181,145,179,162,191,183,186,185,181,196
INU042410-1,1986,203,179,203,194,204,196,204,164,169,136,135,179
INU042410-1,1987,191,159,189,192,198,179,177,201,180,192,189,191
INU042410-1,1988,199,162,170,191,186,184,168,173,169,167,158,180
INU042410-1,1989,182,150,186,188,196,192,215,220,197,206,190,219
INU042410-1,1990,209,178,214,179,157,191,195,217,218,234,187,213
INU042410-1,1991,226,209,221,205,209,210,209,209,202,219,212,223
INU042410-1,1992,224,206,218,217,213,193,222,225,225,217,211,219
INU042410-1,1993,214,207,229,231,222,219,231,217,203,215,211,225
INU042410-1,1994,225,204,238,225,212,223,234,229,219,232,227,235
INU042410-1,1995,225,205,218,218,235,201,226,240,225,226,225,238
INU042410-1,1996,222,223,201,186,215,209,228,225,218,208,230,229
INU042410-1,1997,226,207,202,195,218,205,216,212,211,225,207,218
INU042410-1,1998,199,206,212,196,186,171,186,198,177,158,203,208
INU042410-1,1999,199,186,196,184,169,185,199,197,185,202,185,179
INU042410-1,2000,199,200,203,220,221,221,218,221,197,239,229,231
INU042410-1,2001,219,212,240,200,227,205,206,231,208,234,225,229
INU042410-1,2002,233,206,224,211,233,212,228,226,211,226,242,247
INU042410-1,2003,214,190,219,204,176,183,210,196,177,219,212,212
INU042410-1,2004,195,205,231,227,239,220,202,198,219,219,229,217
INU042410-1,2005,233,217,207,227,210,232,239,234,239,236,217,233
INU042410-1,2006,224,217,241,232,217,213,240,244,230,237,230,231
INU042410-1,2007,227,220,233,224,221,207,234,224,219,232,212,225
INU042410-1,2008,227,207,222,221,241,238,243,240,239,242,232,239
INU042410-1,2009,241,235,241,235,243,216,248,240,235,247,236,247
INU042410-1,2010,247,220,246,236,243,235,237,247,239,244,239,247
INU042410-1,2011,248,222,246,239,248,203,246,250,240,247,235,246
INU042410-1,2012,247,229,246,240,245,235,243,247,237,244,233,243
INU042410-1,2013,245,218,236,239,244,237,246,242,238,247,229,244
INU042410-1,2014,247,225,247,242,253,242,251,260,243,257,244,248
INU042410-1,2015,251,227,251,238,248,240,248,246,236,244,561,961
INU042410-1,2016,985,912,977,925,953,957,1010,1068,992,1041,1017,1068
INU042410-1,2017,1041,926,1034,1016,1067,1033,1095,1105,1057,1091,1052,1106
INU042410-1,2018,1114,1007,1114,1193,1439,1373,1428,1442,1326,1489,1461,1492
INU042410-1,2019,1484,1349,1459,1431,1472,1426,1487,1474,1404,1454,1396,1444
INU042410-1,2020,1464,1375,1346,1167,1175,1149,1182,1173,1155,1181,1173,1235
INU042410-1,2021,1457,1207,1405,1368,1279,1245,1239,1236,1299,1321,1404,1438
INU042410-1,2022,1388,1250,1349,1260,1436,1413,1451,1411,1346,1350,1321,1384
INU042410-1,2023,1377,1237,1349,1289,1358,1287,1353,1320,1295,1346,1298,1387
INU042410-1,2024,1412,1301,1394,1365,1368,1365,1390,1380,1295,1394,1428,1461
INU042410-1,2025,1467,1313,1401,1153,1459,1368,1454,1381,1337,1482,1437,1490
INU042410-1,2026,1471,1234,0,0,0,0,0,0,0,0,0,0
INU043284-1,1973,165,151,171,134,152,142,171,127,130,129,155,146
INU043284-1,1974,165,151,157,152,124,154,135,152,139,154,128,158
INU043284-1,1975,151,134,154,91,133,99,129,142,123,133,152,135
INU043284-1,1976,136,123,160,129,146,133,148,155,148,151,151,145
INU043284-1,1977,166,163,191,170,162,158,170,173,189,174,162,185
INU043284-1,1978,200,194,228,204,205,197,204,204,186,189,197,188
INU043284-1,1979,200,179,207,212,230,198,216,205,207,212,188,206
INU043284-1,1980,229,200,230,199,213,187,201,212,174,210,213,222
INU043284-1,1981,223,200,229,207,219,201,211,222,199,218,208,226
INU043284-1,1982,208,193,209,197,167,180,181,189,188,184,189,207
INU043284-1,1983,210,184,221,189,187,184,213,223,223,226,204,202
INU043284-1,1984,222,194,216,212,220,174,197,206,208,217,204,227
INU043284-1,1985,225,202,210,215,197,192,222,222,209,210,206,208
INU043284-1,1986,221,201,221,210,217,186,209,170,209,191,204,209
INU043284-1,1987,200,191,202,205,194,190,203,197,206,210,193,222
INU043284-1,1988,226,218,219,202,207,206,178,201,185,164,160,217
INU043284-1,1989,157,190,210,206,207,190,202,201,180,227,213,215
INU043284-1,1990,211,183,216,196,165,191,220,208,183,204,122,188
INU043284-1,1991,180,200,184,205,190,184,201,210,194,195,206,209
INU043284-1,1992,223,214,146,202,189,170,200,192,199,206,210,186
INU043284-1,1993,208,188,224,195,168,206,222,197,208,196,195,205
INU043284-1,1994,203,192,231,206,189,196,212,209,197,214,218,221
INU043284-1,1995,231,208,219,210,231,199,215,219,197,195,185,209
INU043284-1,1996,204,211,208,189,198,159,195,194,179,187,173,167
INU043284-1,1997,202,159,158,177,201,181,188,189,173,177,180,190
INU043284-1,1998,177,190,191,206,180,175,209,196,213,223,202,213
INU043284-1,1999,213,199,220,186,189,191,222,204,220,195,203,187
INU043284-1,2000,208,213,234,215,234,205,217,209,200,220,204,228
INU043284-1,2001,231,203,222,217,212,215,221,213,197,180,194,212
INU043284-1,2002,206,195,210,193,173,159,217,207,203,201,214,227
INU043284-1,2003,231,211,221,209,214,193,222,226,207,234,223,227
INU043284-1,2004,239,224,242,237,239,236,240,242,234,241,233,235
INU043284-1,2005,238,218,240,236,243,240,241,242,237,246,226,244
INU043284-1,2006,239,218,247,238,244,239,248,246,236,248,235,243
INU043284-1,2007,244,220,238,239,238,237,247,239,237,237,238,247
INU043284-1,2008,245,232,243,237,246,240,243,246,239,246,236,244
INU043284-1,2009,246,224,246,238,245,223,247,246,235,247,238,248
INU043284-1,2010,246,224,247,239,247,236,237,244,238,245,240,247
INU043284-1,2011,247,223,243,240,248,200,247,245,240,247,240,247
INU043284-1,2012,248,231,248,240,248,237,248,245,240,247,235,246
INU043284-1,2013,248,223,247,238,246,237,254,248,238,248,238,248
INU043284-1,2014,248,224,248,240,248,237,245,247,239,248,240,248
INU043284-1,2015,248,224,247,240,570,1003,990,1083,1099,1123,1179,1240
INU043284-1,2016,1285,1184,1274,1250,1305,1203,1319,1293,1266,1313,1283,1338
INU043284-1,2017,1338,1249,1366,1330,1352,1302,1397,1378,1362,1401,1355,1366
INU043284-1,2018,1373,1263,1414,1405,1455,1428,1383,1481,1335,1460,1419,1467
INU043284-1,2019,1477,1328,1444,1427,1481,1395,1469,1479,1395,1475,1418,1472
INU043284-1,2020,1478,1386,1242,647,762,1076,1040,1195,1186,1279,1328,1418
INU043284-1,2021,1433,1212,1439,1380,1393,1339,1383,1406,1381,1406,1294,1307
INU043284-1,2022,1313,1339,1480,1435,1477,1418,1470,1435,1425,1450,1437,1428
INU043284-1,2023,1477,1314,1459,969,1402,1397,1462,1456,1382,1453,1413,1468
INU043284-1,2024,1462,1337,1412,1391,1426,1371,1382,1381,1366,1459,1406,1458
INU043284-1,2025,1463,1298,1440,1414,1432,1383,1413,1350,1260,1425,1402,1466
INU043284-1,2026,1469,1232,0,0,0,0,0,0,0,0,0,0
INU042809-1,1784,0,0,0,0,0,0,0,31,30,31,30,31
INU042809-1,1785,31,28,72,94,99,83,71,88,83,84,78,58
INU042809-1,1786,18,33,0,0,0,0,0,0,0,0,0,0
INU042809-1,1943,0,0,0,0,0,0,0,5,693,743,720,744
INU042809-1,1944,744,696,744,720,744,719,744,743,716,740,719,741
INU042809-1,1945,744,672,737,720,744,720,744,744,718,740,720,738
INU042809-1,1946,61,51,60,58,60,59,47,33,54,48,46,59
INU042809-1,1947,61,52,59,58,59,58,59,61,58,57,60,62
INU042809-1,1948,62,57,62,59,58,58,61,62,60,60,60,60
INU042809-1,1954,62,56,62,60,62,59,61,60,60,62,60,62
INU042809-1,1955,61,55,61,60,62,60,60,58,60,62,60,62
INU042809-1,1956,62,58,62,60,60,60,61,62,60,61,60,61
INU042809-1,1957,89,77,76,79,79,69,140,148,149,149,149,151
INU042809-1,1958,152,134,149,147,157,143,150,149,142,147,137,140
INU042809-1,1959,68,78,90,84,73,64,63,73,65,62,70,63
INU042809-1,1960,70,71,80,76,78,63,76,70,66,72,58,61
INU042809-1,1961,105,91,150,130,143,134,135,134,139,148,137,139
INU042809-1,1962,150,138,149,145,150,140,147,153,140,150,148,149
INU042809-1,1963,62,55,62,58,61,58,62,60,59,62,59,60
INU042809-1,1973,303,309,368,290,297,319,401,360,383,380,403,398
INU042809-1,1974,411,329,381,376,325,327,335,294,278,298,280,268
INU042809-1,1975,312,276,324,297,301,315,322,335,282,367,372,316
INU042809-1,1976,325,380,376,396,273,166,184,193,171,160,171,178
INU042809-1,1977,178,170,214,209,207,192,210,206,201,196,205,216
INU042809-1,1978,215,202,238,227,228,220,231,234,219,228,214,219
INU042809-1,1979,220,191,222,232,244,227,226,233,233,241,234,239
INU042809-1,1980,243,229,243,234,234,229,231,236,219,243,232,244
INU042809-1,1981,247,217,242,220,235,227,240,240,230,227,223,215
INU042809-1,1982,217,216,231,231,224,217,225,225,217,232,225,237
INU042809-1,1983,236,219,234,211,226,220,220,203,211,236,235,244
INU042809-1,1984,228,207,242,226,216,187,207,222,225,239,221,242
INU042809-1,1985,233,220,230,215,228,238,225,232,223,230,203,236
INU042809-1,1986,227,209,238,224,228,222,221,222,226,185,190,239
INU042809-1,1987,233,201,234,228,215,224,199,198,213,231,226,232
INU042809-1,1988,231,224,232,228,234,223,216,221,203,195,190,225
INU042809-1,1989,216,191,213,218,236,219,228,228,230,233,215,225
INU042809-1,1990,221,200,227,218,192,232,225,239,230,242,185,229
INU042809-1,1991,233,212,223,219,205,211,229,219,212,219,224,233
INU042809-1,1992,228,218,228,230,229,195,230,227,227,224,220,223
INU042809-1,1993,220,208,234,229,231,227,232,236,224,235,226,227
INU042809-1,1994,218,210,246,223,219,224,236,229,221,228,230,241
INU042809-1,1995,235,208,226,228,244,220,239,240,235,237,229,235
INU042809-1,1996,232,217,179,428,560,501,582,627,598,548,549,517
INU042809-1,1997,588,520,603,603,620,614,558,606,623,630,565,606
INU042809-1,1998,602,604,649,670,688,636,618,604,560,507,225,242
INU042809-1,1999,229,209,236,570,651,638,709,642,629,666,369,524
INU042809-1,2000,333,225,218,583,778,739,738,738,699,755,689,724
INU042809-1,2001,731,643,712,730,752,737,827,897,850,867,842,829
INU042809-1,2002,861,803,827,828,800,686,548,537,607,639,531,432
INU042809-1,2003,406,453,571,772,637,711,756,855,884,1276,831,787
INU042809-1,2004,569,710,809,865,902,797,892,835,868,882,894,899
INU042809-1,2005,913,806,877,904,894,919,835,913,903,923,919,913
INU042809-1,2006,934,839,833,926,496,237,245,248,238,247,240,1286
INU042809-1,2007,246,222,236,238,236,238,245,239,643,1574,1449,1611
INU042809-1,2008,1598,1495,1650,1591,1647,1589,1634,1654,1508,1618,1471,1601
INU042809-1,2009,1604,1483,1629,1618,1569,1522,1655,1636,1592,1662,1606,1631
INU042809-1,2010,1653,1470,1505,1592,1470,1464,1665,1631,1442,1675,1524,1659
INU042809-1,2011,1664,1419,1616,1371,1119,1553,1686,1605,1570,1659,1602,1605
INU042809-1,2012,1649,1538,1632,1324,1492,1383,1111,1671,1630,1615,1576,1649
INU042809-1,2013,1665,1524,1679,1628,1686,1614,1693,1678,1621,1667,1647,1679
INU042809-1,2014,1675,1516,1674,1642,1670,1633,1657,1686,1626,1672,1638,1677
INU042809-1,2015,1691,1507,1683,1623,1700,1648,1681,1693,1612,1690,1521,1484
INU042809-1,2016,1484,1361,1464,1433,1485,1433,1482,1478,1433,1486,1425,1488
INU042809-1,2017,1475,1339,1486,1439,1484,1421,1493,1498,1462,1504,1442,1504
INU042809-1,2018,1508,1366,1499,1436,1495,1447,1474,1496,1350,1489,1450,1494
INU042809-1,2019,1493,1348,1468,1445,1492,1445,1490,1499,1428,1489,1432,1496
INU042809-1,2020,1490,1394,1462,1426,1343,1438,1488,1497,1433,1487,1439,1494
INU042809-1,2021,1497,1244,1490,1444,1471,1445,1499,1492,1447,1505,1450,1496
INU042809-1,2022,1494,1350,1494,1437,1496,1444,1502,1489,1445,1460,1441,1460
INU042809-1,2023,1499,1333,1473,1438,1476,1415,1492,1477,1412,1479,1437,1497
INU042809-1,2024,1499,1394,1486,1438,1484,1444,1461,1477,1417,1493,1436,1466
INU042809-1,2025,1483,1318,1463,1440,1478,1404,1483,1383,1344,1486,1437,1492
INU042809-1,2026,1478,1241,0,0,0,0,0,0,0,0,0,0
