location_id,physical_site_id,station_name,latitude,longitude,source,metadata_elevation_m,elevation_m,elevation_source,elevation_datum,slope_deg,climate_zone,climate_zone_source,geography_status,geography_note
INA00420341,geo_efb806b6e4590227,LEH,34.15,77.567,noaa_ghcnh,3514.0,,,,,,,candidate_india_bbox,ISO IN candidate; bbox screening is not a verified administrative boundary
INA00420551,geo_0c02494c2de9673b,JAMMU,32.75,74.917,noaa_ghcnh,292.0,,,,,,,candidate_india_bbox,ISO IN candidate; bbox screening is not a verified administrative boundary
INA00420571,geo_f18488ef883bc91b,PATHANKOT (IN-AFB),32.233,75.633,noaa_ghcnh,312.0,,,,,,,candidate_india_bbox,ISO IN candidate; bbox screening is not a verified administrative boundary
INA00420981,geo_45bdcedf872f4fbe,HALWARA,30.75,75.633,noaa_ghcnh,242.0,,,,,,,candidate_india_bbox,ISO IN candidate; bbox screening is not a verified administrative boundary
INA00424060,geo_85750627635bf644,DHUBRI/RUPSI,26.15,89.917,noaa_ghcnh,45.0,,,,,,,candidate_india_bbox,ISO IN candidate; bbox screening is not a verified administrative boundary
INA00424511,geo_cf8e5f89340eae08,KOTA,25.183,75.85,noaa_ghcnh,257.0,,,,,,,candidate_india_bbox,ISO IN candidate; bbox screening is not a verified administrative boundary
INA00426201,geo_760bb2d091cd74e9,SILCHAR,24.917,92.983,noaa_ghcnh,97.0,,,,,,,candidate_india_bbox,ISO IN candidate; bbox screening is not a verified administrative boundary
INA00428021,geo_3d5c91a0e11704de,KALAIKUNDA,22.333,87.217,noaa_ghcnh,62.0,,,,,,,candidate_india_bbox,ISO IN candidate; bbox screening is not a verified administrative boundary
INA00428081,geo_460c3779325e995d,CALCUTTA/BARRACKS,22.767,88.367,noaa_ghcnh,7.0,,,,,,,candidate_india_bbox,ISO IN candidate; bbox screening is not a verified administrative boundary
INA00431301,geo_6c4b352059fce6b0,HAKIMPET,17.55,78.517,noaa_ghcnh,613.0,,,,,,,candidate_india_bbox,ISO IN candidate; bbox screening is not a verified administrative boundary
INA00433081,geo_aa42ef68d0fd5f56,MAHABALIPURAM,12.617,80.2,noaa_ghcnh,9.0,,,,,,,candidate_india_bbox,ISO IN candidate; bbox screening is not a verified administrative boundary
INA00433951,geo_f78378bb905aacbc,MALE ISLAND,4.167,73.5,noaa_ghcnh,6.0,,,,,,,COUNTRY_LOCATION_CONFLICT,ISO IN candidate; bbox screening is not a verified administrative boundary
INA00749234,geo_12d3bcfa09c2c2c0,GUSKHARA SOUTHEAST,23.467,87.783,noaa_ghcnh,41.0,,,,,,,candidate_india_bbox,ISO IN candidate; bbox screening is not a verified administrative boundary
INA00749235,geo_401b547a0e3f05dd,CHAKULIA,22.45,86.7,noaa_ghcnh,131.0,,,,,,,candidate_india_bbox,ISO IN candidate; bbox screening is not a verified administrative boundary
INA00749239,geo_094780710c7cc63f,SHERGHATI NORTHEAST,24.6,84.883,noaa_ghcnh,149.0,,,,,,,candidate_india_bbox,ISO IN candidate; bbox screening is not a verified administrative boundary
INA00749241,geo_d2a4020eb6758ce9,KHARAGPUR SOUTHEAST,22.3,87.333,noaa_ghcnh,41.0,,,,,,,candidate_india_bbox,ISO IN candidate; bbox screening is not a verified administrative boundary
INA00749242,geo_e73dc7ca7d3dae30,BANKADAHA WEST,22.967,87.3,noaa_ghcnh,79.0,,,,,,,candidate_india_bbox,ISO IN candidate; bbox screening is not a verified administrative boundary
INA00749243,geo_394b73419fe01280,PANDAVESWAR SW,23.717,87.283,noaa_ghcnh,87.0,,,,,,,candidate_india_bbox,ISO IN candidate; bbox screening is not a verified administrative boundary
INA00749244,geo_ed3f4ec06be5dd97,DOOM-DOOMA,27.567,95.567,noaa_ghcnh,130.0,,,,,,,candidate_india_bbox,ISO IN candidate; bbox screening is not a verified administrative boundary
INA00749246,geo_91102a819775d234,BANSBERA NORTHEAST,26.8,92.617,noaa_ghcnh,98.0,,,,,,,candidate_india_bbox,ISO IN candidate; bbox screening is not a verified administrative boundary
INA00749247,geo_4b4686623f1aa117,JHANZI WEST,26.85,94.433,noaa_ghcnh,92.0,,,,,,,candidate_india_bbox,ISO IN candidate; bbox screening is not a verified administrative boundary
INA00749249,geo_9d95e94e61b7f8be,HAILAKANDI NORTHWEST,24.717,92.533,noaa_ghcnh,25.0,,,,,,,candidate_india_bbox,ISO IN candidate; bbox screening is not a verified administrative boundary
INA00749251,geo_4b9cc46091eefcf2,SADIYA,27.85,95.667,noaa_ghcnh,130.0,,,,,,,candidate_india_bbox,ISO IN candidate; bbox screening is not a verified administrative boundary
INA00749252,geo_6f03e616cf809bb7,DERGAON,26.717,93.95,noaa_ghcnh,91.0,,,,,,,candidate_india_bbox,ISO IN candidate; bbox screening is not a verified administrative boundary
INI0000VABB,geo_358b1dbedf202c4b,CHHATRAPATI SHIVAJI INTL,19.0887,72.8679,noaa_ghcnh,11.3,,,,,,,candidate_india_bbox,ISO IN candidate; bbox screening is not a verified administrative boundary
INI0000VABI,geo_fb77bb21d28b25d3,BILASPUR,21.9884,82.111,noaa_ghcnh,274.0,,,,,,,candidate_india_bbox,ISO IN candidate; bbox screening is not a verified administrative boundary
INI0000VABO,geo_019f26f12a360af1,VADODARA,22.3362,73.2263,noaa_ghcnh,39.3,,,,,,,candidate_india_bbox,ISO IN candidate; bbox screening is not a verified administrative boundary
INI0000VABP,geo_0147429d492eba18,BHOPAL,23.2875,77.3374,noaa_ghcnh,524.0,,,,,,,candidate_india_bbox,ISO IN candidate; bbox screening is not a verified administrative boundary
INI0000VABV,geo_690ebbe14d0af6ae,BHAVNAGAR,21.7522,72.1852,noaa_ghcnh,13.4,,,,,,,candidate_india_bbox,ISO IN candidate; bbox screening is not a verified administrative boundary
INI0000VADU,geo_f36baa91f3e588b9,DIU APRT,20.7145,70.9221,noaa_ghcnh,9.1,,,,,,,candidate_india_bbox,ISO IN candidate; bbox screening is not a verified administrative boundary
INI0000VAGD,geo_a260d4cc8bf77ee7,GONDIA ARPT/BIRSI,21.5245,80.288,noaa_ghcnh,300.8,,,,,,,candidate_india_bbox,ISO IN candidate; bbox screening is not a verified administrative boundary
INI0000VAGO,geo_6a9473b4e83d8c3a,GOA,15.3808,73.8314,noaa_ghcnh,56.1,,,,,,,candidate_india_bbox,ISO IN candidate; bbox screening is not a verified administrative boundary
INI0000VAJJ,geo_4375f6cc0b4603c5,BOMBAY / JUHU,19.1167,72.8333,noaa_ghcnh,4.0,,,,,,,candidate_india_bbox,ISO IN candidate; bbox screening is not a verified administrative boundary
INI0000VAJM,geo_8de9ba6654909bbf,JAMNAGAR,22.4655,70.0126,noaa_ghcnh,21.0,,,,,,,candidate_india_bbox,ISO IN candidate; bbox screening is not a verified administrative boundary
INI0000VAKD,geo_f64066282d384d7b,KHANDWA,21.8333,76.3667,noaa_ghcnh,318.0,,,,,,,candidate_india_bbox,ISO IN candidate; bbox screening is not a verified administrative boundary
INI0000VAKE,geo_dafdbe09135ba55e,KANDLA,23.1127,70.1003,noaa_ghcnh,29.3,,,,,,,candidate_india_bbox,ISO IN candidate; bbox screening is not a verified administrative boundary
INI0000VAKJ,geo_64adf219e68343e5,KHAJURAHO,24.8172,79.9186,noaa_ghcnh,221.9,,,,,,,candidate_india_bbox,ISO IN candidate; bbox screening is not a verified administrative boundary
INI0000VAOZ,geo_a17b17657d69e42c,OZAR AIR FORCE STATION /NASHIK,20.1192,73.9141,noaa_ghcnh,598.0,,,,,,,candidate_india_bbox,ISO IN candidate; bbox screening is not a verified administrative boundary
INI0000VAPO,geo_4731b9a43510f16b,PUNE,18.5821,73.9197,noaa_ghcnh,591.9,,,,,,,candidate_india_bbox,ISO IN candidate; bbox screening is not a verified administrative boundary
INI0000VAPR,geo_4ba3ee5543ff7a8c,PORBANDAR,21.6487,69.6572,noaa_ghcnh,7.0,,,,,,,candidate_india_bbox,ISO IN candidate; bbox screening is not a verified administrative boundary
INI0000VARK,geo_8c25ddc24ec48051,RAJKOT,22.3092,70.7795,noaa_ghcnh,134.4,,,,,,,candidate_india_bbox,ISO IN candidate; bbox screening is not a verified administrative boundary
INI0000VARP,geo_760f59bbbe26f001,RAIPUR,21.1804,81.7388,noaa_ghcnh,317.3,,,,,,,candidate_india_bbox,ISO IN candidate; bbox screening is not a verified administrative boundary
INI0000VASD,geo_979c44e005f18492,SHIRDI ARPT,19.7,74.3667,noaa_ghcnh,587.0,,,,,,,candidate_india_bbox,ISO IN candidate; bbox screening is not a verified administrative boundary
INI0000VASU,geo_89ecbf97062b740d,SURAT,21.1135,72.7423,noaa_ghcnh,4.9,,,,,,,candidate_india_bbox,ISO IN candidate; bbox screening is not a verified administrative boundary
INI0000VEBI,geo_0adeeab7121cc780,SHILLONG ARPT/UMROI ARPT,25.7,91.9833,noaa_ghcnh,891.2,,,,,,,candidate_india_bbox,ISO IN candidate; bbox screening is not a verified administrative boundary
INI0000VEBN,geo_df88dc068a29694a,LAL BAHADUR SHASTRI,25.45,82.8667,noaa_ghcnh,81.1,,,,,,,candidate_india_bbox,ISO IN candidate; bbox screening is not a verified administrative boundary
INI0000VEBS,geo_c6140dd4e9602b56,BHUBANESHWAR,20.2444,85.8178,noaa_ghcnh,42.1,,,,,,,candidate_india_bbox,ISO IN candidate; bbox screening is not a verified administrative boundary
INI0000VECO,geo_0751859fe6412247,COOCH BEHAR,26.3305,89.4672,noaa_ghcnh,42.1,,,,,,,candidate_india_bbox,ISO IN candidate; bbox screening is not a verified administrative boundary
INI0000VECX,geo_6bffb0ac4cb55ad7,CAR NICOBAR(IN-AFB),9.15,92.8167,noaa_ghcnh,14.0,,,,,,,candidate_india_bbox,ISO IN candidate; bbox screening is not a verified administrative boundary
INI0000VEDG,geo_12292f9d815d7f69,KAZI NAZRUL ISLAM ARPT / DURGA,23.6177,87.2401,noaa_ghcnh,88.1,,,,,,,candidate_india_bbox,ISO IN candidate; bbox screening is not a verified administrative boundary
INI0000VEJT,geo_e1422f354909a32a,JORHAT,26.7315,94.1755,noaa_ghcnh,94.8,,,,,,,candidate_india_bbox,ISO IN candidate; bbox screening is not a verified administrative boundary
INI0000VEKO,geo_db05cc95a38ede09,KHAJURAHO ARPT,24.8167,79.9167,noaa_ghcnh,221.9,,,,,,,candidate_india_bbox,ISO IN candidate; bbox screening is not a verified administrative boundary
INI0000VEKR,geo_b2564ec8872e6eeb,KAILASHAHAR,24.3082,92.0072,noaa_ghcnh,24.1,,,,,,,candidate_india_bbox,ISO IN candidate; bbox screening is not a verified administrative boundary
INI0000VEKU,geo_dc5495ade0474621,SILCHAR,24.9129,92.9787,noaa_ghcnh,107.3,,,,,,,candidate_india_bbox,ISO IN candidate; bbox screening is not a verified administrative boundary
INI0000VELP,geo_12c357ef6fd9ea3b,LENGPUI,23.8406,92.6197,noaa_ghcnh,426.1,,,,,,,candidate_india_bbox,ISO IN candidate; bbox screening is not a verified administrative boundary
INI0000VELR,geo_96025ae45b79f4e7,LILABARI,27.2955,94.0976,noaa_ghcnh,100.6,,,,,,,candidate_india_bbox,ISO IN candidate; bbox screening is not a verified administrative boundary
INI0000VEMN,geo_1f8a1b9a92f5c2ac,DIBRUGARH,27.4839,95.0169,noaa_ghcnh,110.3,,,,,,,candidate_india_bbox,ISO IN candidate; bbox screening is not a verified administrative boundary
INI0000VEMR,geo_3dd90074f01d9917,DIMAPUR,25.8839,93.7711,noaa_ghcnh,148.4,,,,,,,candidate_india_bbox,ISO IN candidate; bbox screening is not a verified administrative boundary
INI0000VEPT,geo_b5e1b3b996f46041,PATNA,25.5913,85.088,noaa_ghcnh,51.8,,,,,,,candidate_india_bbox,ISO IN candidate; bbox screening is not a verified administrative boundary
INI0000VEPY,geo_3f5627f65f8ca168,PAKYONG AIRPORT / GANGTOK / SI,27.2333,88.5833,noaa_ghcnh,1399.0,,,,,,,candidate_india_bbox,ISO IN candidate; bbox screening is not a verified administrative boundary
INI0000VERC,geo_c98c36abe0158115,BIRSA MUNDA,23.3143,85.3217,noaa_ghcnh,654.7,,,,,,,candidate_india_bbox,ISO IN candidate; bbox screening is not a verified administrative boundary
INI0000VERK,geo_4065069f91086507,ROURKELA,22.2567,84.8146,noaa_ghcnh,200.9,,,,,,,candidate_india_bbox,ISO IN candidate; bbox screening is not a verified administrative boundary
INI0000VERL,geo_bac8bc644de62294,RAXAUL,26.9833,84.85,noaa_ghcnh,79.0,,,,,,,candidate_india_bbox,ISO IN candidate; bbox screening is not a verified administrative boundary
INI0000VERP,geo_5446e216d4e1fd39,SWAMI VIVEKANANDA,21.1833,81.7333,noaa_ghcnh,317.6,,,,,,,candidate_india_bbox,ISO IN candidate; bbox screening is not a verified administrative boundary
INI0000VETZ,geo_9be7f53d7fb65096,TEZPUR,26.7091,92.7847,noaa_ghcnh,73.2,,,,,,,candidate_india_bbox,ISO IN candidate; bbox screening is not a verified administrative boundary
INI0000VEVZ,geo_264fefce639c94e5,VISHAKHAPATNAM,17.7212,83.2245,noaa_ghcnh,4.6,,,,,,,candidate_india_bbox,ISO IN candidate; bbox screening is not a verified administrative boundary
INI0000VIAG,geo_708488409318fb41,AGRA,27.1558,77.9609,noaa_ghcnh,167.9,,,,,,,candidate_india_bbox,ISO IN candidate; bbox screening is not a verified administrative boundary
INI0000VIAR,geo_94f84367cecfef89,AMRITSAR,31.7096,74.7973,noaa_ghcnh,230.4,,,,,,,candidate_india_bbox,ISO IN candidate; bbox screening is not a verified administrative boundary
INI0000VIBN,geo_cf6709e9f4139f6f,VARANASI,25.4524,82.8593,noaa_ghcnh,81.1,,,,,,,candidate_india_bbox,ISO IN candidate; bbox screening is not a verified administrative boundary
INI0000VIBR,geo_32cefb883d6ec3f4,KULLU MANALI,31.8767,77.1544,noaa_ghcnh,1089.1,,,,,,,candidate_india_bbox,ISO IN candidate; bbox screening is not a verified administrative boundary
INI0000VIBT,geo_bf67e0a5a35f5f92,BHATINDA,30.2701,74.7558,noaa_ghcnh,201.8,,,,,,,candidate_india_bbox,ISO IN candidate; bbox screening is not a verified administrative boundary
INI0000VIBY,geo_1ea79ddad966fea0,BAREILLY,28.4221,79.4508,noaa_ghcnh,176.8,,,,,,,candidate_india_bbox,ISO IN candidate; bbox screening is not a verified administrative boundary
INI0000VICG,geo_1bcae6721908c49f,CHANDIGARH,30.6735,76.7885,noaa_ghcnh,308.5,,,,,,,candidate_india_bbox,ISO IN candidate; bbox screening is not a verified administrative boundary
INI0000VICX,geo_4d52f9ee98948689,KANPUR CHAKERI,26.4043,80.4101,noaa_ghcnh,123.4,,,,,,,candidate_india_bbox,ISO IN candidate; bbox screening is not a verified administrative boundary
INI0000VIDD,geo_970057a63c082cb7,SAFDARJUNG,28.5845,77.2058,noaa_ghcnh,214.9,,,,,,,candidate_india_bbox,ISO IN candidate; bbox screening is not a verified administrative boundary
INI0000VIDN,geo_a16440fa03b00733,DEHRADUN,30.1897,78.1803,noaa_ghcnh,558.1,,,,,,,candidate_india_bbox,ISO IN candidate; bbox screening is not a verified administrative boundary
INI0000VIDP,geo_6bf1f76cbb88d582,INDIRA GANDHI INTL,28.5665,77.1031,noaa_ghcnh,236.8,,,,,,,candidate_india_bbox,ISO IN candidate; bbox screening is not a verified administrative boundary
INI0000VIGG,geo_9c5fe43cd719ce92,KANGRA,32.1651,76.2634,noaa_ghcnh,769.6,,,,,,,candidate_india_bbox,ISO IN candidate; bbox screening is not a verified administrative boundary
INI0000VIGR,geo_e2c73f01d9cb9f6c,GWALIOR,26.2933,78.2278,noaa_ghcnh,188.1,,,,,,,candidate_india_bbox,ISO IN candidate; bbox screening is not a verified administrative boundary
INI0000VIHR,geo_f3fa59d4a813c523,HISSAR,29.1794,75.7553,noaa_ghcnh,213.4,,,,,,,candidate_india_bbox,ISO IN candidate; bbox screening is not a verified administrative boundary
INI0000VIJN,geo_34977a818ab034a7,JHANSI,25.4912,78.5584,noaa_ghcnh,244.1,,,,,,,candidate_india_bbox,ISO IN candidate; bbox screening is not a verified administrative boundary
INI0000VIJO,geo_cbaae50e875bad40,JODHPUR,26.2511,73.0489,noaa_ghcnh,218.5,,,,,,,candidate_india_bbox,ISO IN candidate; bbox screening is not a verified administrative boundary
INI0000VIJP,geo_76f8623f5f44a842,JAIPUR,26.8242,75.8122,noaa_ghcnh,385.0,,,,,,,candidate_india_bbox,ISO IN candidate; bbox screening is not a verified administrative boundary
INI0000VIJU,geo_9fbb59d4687c56dd,JAMMU,32.6891,74.8374,noaa_ghcnh,313.6,,,,,,,candidate_india_bbox,ISO IN candidate; bbox screening is not a verified administrative boundary
INI0000VIKG,geo_c6ffb636d97cc5b8,KISHANGARH AFLD,26.5913,74.8133,noaa_ghcnh,450.0,,,,,,,candidate_india_bbox,ISO IN candidate; bbox screening is not a verified administrative boundary
INI0000VILD,geo_a2f4eff9d6863f43,LUDHIANA,30.8547,75.9526,noaa_ghcnh,254.2,,,,,,,candidate_india_bbox,ISO IN candidate; bbox screening is not a verified administrative boundary
INI0000VILH,geo_1408b22483d9ceb4,LEH,34.1359,77.5465,noaa_ghcnh,3255.9,,,,,,,candidate_india_bbox,ISO IN candidate; bbox screening is not a verified administrative boundary
INI0000VILK,geo_e322ff2c2adc21cc,LUCKNOW,26.7606,80.8893,noaa_ghcnh,125.0,,,,,,,candidate_india_bbox,ISO IN candidate; bbox screening is not a verified administrative boundary
INI0000VIPT,geo_175db7aa9a1e1aae,PANTNAGAR,29.0334,79.4737,noaa_ghcnh,234.4,,,,,,,candidate_india_bbox,ISO IN candidate; bbox screening is not a verified administrative boundary
INI0000VIRB,geo_ef1bb026dd6804f5,FURSATGANJ,26.2504,81.3808,noaa_ghcnh,109.7,,,,,,,candidate_india_bbox,ISO IN candidate; bbox screening is not a verified administrative boundary
INI0000VISM,geo_ef18ee49527bac22,SHIMLA,31.0818,77.068,noaa_ghcnh,1545.9,,,,,,,candidate_india_bbox,ISO IN candidate; bbox screening is not a verified administrative boundary
INI0000VISP,geo_3d786d63c3a1148a,SARSAWA,29.9939,77.4253,noaa_ghcnh,271.6,,,,,,,candidate_india_bbox,ISO IN candidate; bbox screening is not a verified administrative boundary
INI0000VISR,geo_2a526f928f571c4a,SRINAGAR,33.9871,74.7742,noaa_ghcnh,1654.8,,,,,,,candidate_india_bbox,ISO IN candidate; bbox screening is not a verified administrative boundary
INI0000VITE,geo_7ba7f34fe5726e37,THOISE MIL AFLD,34.6667,77.3833,noaa_ghcnh,3066.0,,,,,,,candidate_india_bbox,ISO IN candidate; bbox screening is not a verified administrative boundary
INI0000VOAR,geo_5f6681a51a0e0a03,ARKONAM,13.0712,79.6912,noaa_ghcnh,80.8,,,,,,,candidate_india_bbox,ISO IN candidate; bbox screening is not a verified administrative boundary
INI0000VOAT,geo_259101d635ee9647,AGATTI,10.8237,72.176,noaa_ghcnh,4.3,,,,,,,candidate_india_bbox,ISO IN candidate; bbox screening is not a verified administrative boundary
INI0000VOBL,geo_2bf96bc1aa220ba6,BANGALURU INTL AIRPORT,13.2,77.7,noaa_ghcnh,915.0,,,,,,,candidate_india_bbox,ISO IN candidate; bbox screening is not a verified administrative boundary
INI0000VOBM,geo_2470b36cb2960d27,BELGAUM AIRPORT,15.85,74.6167,noaa_ghcnh,747.0,,,,,,,candidate_india_bbox,ISO IN candidate; bbox screening is not a verified administrative boundary
INI0000VOCI,geo_97b03f335baa0f9b,COCHIN INTL,10.152,76.4019,noaa_ghcnh,9.1,,,,,,,candidate_india_bbox,ISO IN candidate; bbox screening is not a verified administrative boundary
INI0000VOCL,geo_c9cc3ac5f9bda597,CALICUT,11.1368,75.9553,noaa_ghcnh,104.2,,,,,,,candidate_india_bbox,ISO IN candidate; bbox screening is not a verified administrative boundary
INI0000VOGB,geo_8657bbcead1eb628,GULBARGA / KALABURAGI ARPT,17.3082,76.9652,noaa_ghcnh,480.1,,,,,,,candidate_india_bbox,ISO IN candidate; bbox screening is not a verified administrative boundary
INI0000VOGO,geo_6a9473b4e83d8c3a,GOA INTL,15.3808,73.8314,noaa_ghcnh,56.1,,,,,,,candidate_india_bbox,ISO IN candidate; bbox screening is not a verified administrative boundary
INI0000VOHB,geo_2073b0628b411495,HUBLI,15.35,75.0833,noaa_ghcnh,661.3,,,,,,,candidate_india_bbox,ISO IN candidate; bbox screening is not a verified administrative boundary
INI0000VOHS,geo_42d390f574b0f556,HYDERABAD INTL AIRPORT,17.2333,78.4167,noaa_ghcnh,617.0,,,,,,,candidate_india_bbox,ISO IN candidate; bbox screening is not a verified administrative boundary
INI0000VOJV,geo_b39ea609b41ed002,JINDAL VIJAYNAGAR ARPT,15.175,76.635,noaa_ghcnh,509.0,,,,,,,candidate_india_bbox,ISO IN candidate; bbox screening is not a verified administrative boundary
INI0000VOKN,geo_7d44020df600af6f,KANNUR INTL / CANNANORE,11.92,75.55,noaa_ghcnh,104.8,,,,,,,candidate_india_bbox,ISO IN candidate; bbox screening is not a verified administrative boundary
INI0000VOMM,geo_ab656efa76d754e2,CHENNAI INTL,12.9944,80.1805,noaa_ghcnh,15.8,,,,,,,candidate_india_bbox,ISO IN candidate; bbox screening is not a verified administrative boundary
INI0000VOMY,geo_e74dcbadd7438bcd,MYSORE,12.3,76.7,noaa_ghcnh,767.0,,,,,,,candidate_india_bbox,ISO IN candidate; bbox screening is not a verified administrative boundary
INI0000VOPB,geo_d1078fab5f90327e,PORT BLAIR,11.6412,92.7297,noaa_ghcnh,4.3,,,,,,,candidate_india_bbox,ISO IN candidate; bbox screening is not a verified administrative boundary
INI0000VOPC,geo_f75dad2f311b8105,PONDICHERRY,11.9687,79.8101,noaa_ghcnh,36.0,,,,,,,candidate_india_bbox,ISO IN candidate; bbox screening is not a verified administrative boundary
INI0000VORY,geo_92468b5c737ea1f7,RAJAHMUNDRY,17.109,81.8185,noaa_ghcnh,46.0,,,,,,,candidate_india_bbox,ISO IN candidate; bbox screening is not a verified administrative boundary
INI0000VOSM,geo_8574d8cd7a146d1c,SALEM,11.7833,78.0656,noaa_ghcnh,307.2,,,,,,,candidate_india_bbox,ISO IN candidate; bbox screening is not a verified administrative boundary
INI0000VOTK,geo_ddf6b8b2aa3c6251,TUTLCORIN,8.7167,78.0333,noaa_ghcnh,25.9,,,,,,,candidate_india_bbox,ISO IN candidate; bbox screening is not a verified administrative boundary
INI0000VOTP,geo_5d7e0404ed3262a5,TIRUPATI,13.6325,79.5433,noaa_ghcnh,106.7,,,,,,,candidate_india_bbox,ISO IN candidate; bbox screening is not a verified administrative boundary
INI0000VOTV,geo_7863d021ab28b574,THIRUVANANTHAPURAM INTL,8.4821,76.9201,noaa_ghcnh,4.6,,,,,,,candidate_india_bbox,ISO IN candidate; bbox screening is not a verified administrative boundary
INI0000VOVR,geo_ec9c50f90306d595,VELLORE,12.9167,79.15,noaa_ghcnh,214.0,,,,,,,candidate_india_bbox,ISO IN candidate; bbox screening is not a verified administrative boundary
INM00042026,geo_130f6ff5a489073e,GULMARG,34.05,74.4,noaa_ghcnh,2655.0,,,,,,,candidate_india_bbox,ISO IN candidate; bbox screening is not a verified administrative boundary
INM00042029,geo_5056176632c34ea3,SONAMARG,34.3167,75.3167,noaa_ghcnh,2515.0,,,,,,,candidate_india_bbox,ISO IN candidate; bbox screening is not a verified administrative boundary
INM00042030,geo_c2c314aed920a64a,DRAS,34.4333,75.7667,noaa_ghcnh,3066.0,,,,,,,candidate_india_bbox,ISO IN candidate; bbox screening is not a verified administrative boundary
INM00042060,geo_13f56f8c6d5f5eff,KATHUA,32.3333,75.5,noaa_ghcnh,380.0,,,,,,,candidate_india_bbox,ISO IN candidate; bbox screening is not a verified administrative boundary
INM00042062,geo_5b28346e8406ce79,DHARMSALA,32.2667,76.3833,noaa_ghcnh,1211.0,,,,,,,candidate_india_bbox,ISO IN candidate; bbox screening is not a verified administrative boundary
INM00042063,geo_2e276baccbc3ab9e,KYELONG,32.5833,77.0667,noaa_ghcnh,3348.0,,,,,,,candidate_india_bbox,ISO IN candidate; bbox screening is not a verified administrative boundary
INM00042065,geo_5219a74c1d3ad94a,MANALI,32.2667,77.1667,noaa_ghcnh,2039.0,,,,,,,candidate_india_bbox,ISO IN candidate; bbox screening is not a verified administrative boundary
INM00042074,geo_a2bbea252e08a049,KAPURTHALA,31.3333,75.3333,noaa_ghcnh,229.0,,,,,,,candidate_india_bbox,ISO IN candidate; bbox screening is not a verified administrative boundary
INM00042075,geo_cfe7d32ed5442de4,JULLUNDUR,31.4667,75.5833,noaa_ghcnh,,,,,,,,candidate_india_bbox,ISO IN candidate; bbox screening is not a verified administrative boundary
INM00042077,geo_f4dfa2b042bcf9a7,UNA,31.4667,76.2667,noaa_ghcnh,369.0,,,,,,,candidate_india_bbox,ISO IN candidate; bbox screening is not a verified administrative boundary
INM00042078,geo_438269e7196fbf57,MANDI,31.7167,76.9667,noaa_ghcnh,761.0,,,,,,,candidate_india_bbox,ISO IN candidate; bbox screening is not a verified administrative boundary
INM00042079,geo_f6bbd72d5eb9af0d,SUNDERNAGAR,31.5333,76.9,noaa_ghcnh,874.0,,,,,,,candidate_india_bbox,ISO IN candidate; bbox screening is not a verified administrative boundary
INM00042080,geo_687fb28fb5e5924e,BILASPUR,31.25,76.6667,noaa_ghcnh,587.0,,,,,,,candidate_india_bbox,ISO IN candidate; bbox screening is not a verified administrative boundary
INM00042081,geo_80cda164bd446c02,BHUNTAR,31.8333,77.1667,noaa_ghcnh,1084.0,,,,,,,candidate_india_bbox,ISO IN candidate; bbox screening is not a verified administrative boundary
INM00042083,geo_57322a4cb2c91882,SHIMLA,31.1,77.1667,noaa_ghcnh,2202.0,,,,,,,candidate_india_bbox,ISO IN candidate; bbox screening is not a verified administrative boundary
INM00042096,geo_2bc66043a3485d73,FEROZEPUR,30.9167,74.6667,noaa_ghcnh,200.0,,,,,,,candidate_india_bbox,ISO IN candidate; bbox screening is not a verified administrative boundary
INM00042097,geo_d24a3c105122d401,BHATINDA,30.1667,74.5833,noaa_ghcnh,211.0,,,,,,,candidate_india_bbox,ISO IN candidate; bbox screening is not a verified administrative boundary
INM00042101,geo_de59a725d193c6f5,PATIALA,30.3333,76.4667,noaa_ghcnh,251.0,,,,,,,candidate_india_bbox,ISO IN candidate; bbox screening is not a verified administrative boundary
INM00042104,geo_f67666310b27e7da,NAHAN,30.4,76.7667,noaa_ghcnh,958.0,,,,,,,candidate_india_bbox,ISO IN candidate; bbox screening is not a verified administrative boundary
INM00042107,geo_e0c16b7405b7bbfe,DHARMPUR,30.9,77.0167,noaa_ghcnh,1986.0,,,,,,,candidate_india_bbox,ISO IN candidate; bbox screening is not a verified administrative boundary
INM00042108,geo_886c62f84466c421,UTTARKASHI,30.7333,78.45,noaa_ghcnh,1200.0,,,,,,,candidate_india_bbox,ISO IN candidate; bbox screening is not a verified administrative boundary
INM00042110,geo_2a2d22f40334a374,PAURI,30.15,78.7833,noaa_ghcnh,1845.0,,,,,,,candidate_india_bbox,ISO IN candidate; bbox screening is not a verified administrative boundary
INM00042111,geo_730368e8a90b483f,DEHRADUN,30.3167,78.0333,noaa_ghcnh,682.0,,,,,,,candidate_india_bbox,ISO IN candidate; bbox screening is not a verified administrative boundary
INM00042114,geo_01952dc8960f3a6a,TEHRI,30.4,78.4833,noaa_ghcnh,770.0,,,,,,,candidate_india_bbox,ISO IN candidate; bbox screening is not a verified administrative boundary
INM00042116,geo_ab32813c821f7165,JOSHIMATH,30.55,79.5667,noaa_ghcnh,1875.0,,,,,,,candidate_india_bbox,ISO IN candidate; bbox screening is not a verified administrative boundary
INM00042117,geo_080a2551b75ebd77,CHAMOLI,30.4,79.3333,noaa_ghcnh,1160.0,,,,,,,candidate_india_bbox,ISO IN candidate; bbox screening is not a verified administrative boundary
INM00042121,geo_4e3327102b3d18b6,MUNSYARI,30.1167,80.25,noaa_ghcnh,3414.0,,,,,,,candidate_india_bbox,ISO IN candidate; bbox screening is not a verified administrative boundary
INM00042122,geo_027aa41a0dd882cf,ANUPGARH,29.1667,73.1667,noaa_ghcnh,154.0,,,,,,,candidate_india_bbox,ISO IN candidate; bbox screening is not a verified administrative boundary
INM00042137,geo_269a5e07e3be922b,KARNAL,29.7,77.0333,noaa_ghcnh,249.0,,,,,,,candidate_india_bbox,ISO IN candidate; bbox screening is not a verified administrative boundary
INM00042139,geo_992927cc86afa601,MEERUT,29.0167,77.7167,noaa_ghcnh,222.0,,,,,,,candidate_india_bbox,ISO IN candidate; bbox screening is not a verified administrative boundary
INM00042140,geo_9c40289d7e06e3e4,ROORKEE,29.85,77.8833,noaa_ghcnh,274.0,,,,,,,candidate_india_bbox,ISO IN candidate; bbox screening is not a verified administrative boundary
INM00042143,geo_fe7daf886d0006bf,NAJIBABAD,29.6167,78.3833,noaa_ghcnh,270.0,,,,,,,candidate_india_bbox,ISO IN candidate; bbox screening is not a verified administrative boundary
INM00042146,geo_59d60127034b4e4d,NAINITAL,29.4,79.4667,noaa_ghcnh,1953.0,,,,,,,candidate_india_bbox,ISO IN candidate; bbox screening is not a verified administrative boundary
INM00042147,geo_baaa40aa4f0812a8,MUKTESHWAR KUMAON,29.4667,79.65,noaa_ghcnh,2311.0,,,,,,,candidate_india_bbox,ISO IN candidate; bbox screening is not a verified administrative boundary
INM00042148,geo_89fbc1abd6864ff4,PANTNAGAR,29.0333,79.4667,noaa_ghcnh,233.0,,,,,,,candidate_india_bbox,ISO IN candidate; bbox screening is not a verified administrative boundary
INM00042151,geo_4160447af2460129,DHARCHULA,29.85,80.5333,noaa_ghcnh,817.0,,,,,,,candidate_india_bbox,ISO IN candidate; bbox screening is not a verified administrative boundary
INM00042165,geo_0084a410e9571ac1,BIKANER,28.0,73.3,noaa_ghcnh,224.0,,,,,,,candidate_india_bbox,ISO IN candidate; bbox screening is not a verified administrative boundary
INM00042170,geo_b72b6cac3078ba1e,CHURU,28.25,74.9167,noaa_ghcnh,291.0,,,,,,,candidate_india_bbox,ISO IN candidate; bbox screening is not a verified administrative boundary
INM00042174,geo_d5f22f77073c9d76,PILANI,28.3333,75.5833,noaa_ghcnh,301.0,,,,,,,candidate_india_bbox,ISO IN candidate; bbox screening is not a verified administrative boundary
INM00042177,geo_b0fb59e97ae60936,NARNAUL,28.0,76.0833,noaa_ghcnh,308.0,,,,,,,candidate_india_bbox,ISO IN candidate; bbox screening is not a verified administrative boundary
INM00042178,geo_8ef5b94e51ce7fc6,GURGAON,28.4167,77.0,noaa_ghcnh,224.0,,,,,,,candidate_india_bbox,ISO IN candidate; bbox screening is not a verified administrative boundary
INM00042187,geo_68d1dab51a16589d,MORADABAD,28.8333,78.75,noaa_ghcnh,202.0,,,,,,,candidate_india_bbox,ISO IN candidate; bbox screening is not a verified administrative boundary
INM00042188,geo_e868fb256f57d572,RAMPUR,28.75,79.0,noaa_ghcnh,191.0,,,,,,,candidate_india_bbox,ISO IN candidate; bbox screening is not a verified administrative boundary
INM00042190,geo_0f9fd56646281318,PILIBHIT,28.6333,79.8,noaa_ghcnh,188.0,,,,,,,candidate_india_bbox,ISO IN candidate; bbox screening is not a verified administrative boundary
INM00042206,geo_fa1e8312a750e1f4,HALDIA,22.0667,88.0667,noaa_ghcnh,11.0,,,,,,,candidate_india_bbox,ISO IN candidate; bbox screening is not a verified administrative boundary
INM00042217,geo_2fc1d34e78c61f3a,TADONG / EAST SIKKIM,27.33,88.63,noaa_ghcnh,1322.0,,,,,,,candidate_india_bbox,ISO IN candidate; bbox screening is not a verified administrative boundary
INM00042220,geo_3a95d5f4e5357130,PASIGHAT,28.1,95.3833,noaa_ghcnh,157.0,,,,,,,candidate_india_bbox,ISO IN candidate; bbox screening is not a verified administrative boundary
INM00042237,geo_b976bfa3efaeff08,PHALODI,27.1333,72.3667,noaa_ghcnh,234.0,,,,,,,candidate_india_bbox,ISO IN candidate; bbox screening is not a verified administrative boundary
INM00042249,geo_762885b6f06d869a,SIKAR,27.6167,75.1333,noaa_ghcnh,433.0,,,,,,,candidate_india_bbox,ISO IN candidate; bbox screening is not a verified administrative boundary
INM00042257,geo_d80ce7c82b8dd9d6,MATHURA,27.5,77.6833,noaa_ghcnh,174.0,,,,,,,candidate_india_bbox,ISO IN candidate; bbox screening is not a verified administrative boundary
INM00042258,geo_048c7673c1361fb4,BHARATPUR,27.2167,77.5,noaa_ghcnh,176.0,,,,,,,candidate_india_bbox,ISO IN candidate; bbox screening is not a verified administrative boundary
INM00042261,geo_4c58698f561c6ce1,AGRA,27.1667,78.0333,noaa_ghcnh,169.0,,,,,,,candidate_india_bbox,ISO IN candidate; bbox screening is not a verified administrative boundary
INM00042262,geo_bf5bc66c85da799c,ALIGARH,27.8833,78.0667,noaa_ghcnh,187.0,,,,,,,candidate_india_bbox,ISO IN candidate; bbox screening is not a verified administrative boundary
INM00042265,geo_802d081cb50fa465,MAINPURI,27.2333,79.05,noaa_ghcnh,157.0,,,,,,,candidate_india_bbox,ISO IN candidate; bbox screening is not a verified administrative boundary
INM00042266,geo_66f76d91ca1e434f,SHAHJAHANPUR,27.8833,79.9,noaa_ghcnh,155.0,,,,,,,candidate_india_bbox,ISO IN candidate; bbox screening is not a verified administrative boundary
INM00042267,geo_92c2d00d60c06d47,FATEHGARH / FARRUKHABAD,27.3,79.62,noaa_ghcnh,138.0,,,,,,,candidate_india_bbox,ISO IN candidate; bbox screening is not a verified administrative boundary
INM00042270,geo_dd26bf242bbe88ad,KHERI,27.9,80.8,noaa_ghcnh,147.0,,,,,,,candidate_india_bbox,ISO IN candidate; bbox screening is not a verified administrative boundary
INM00042271,geo_b08bbfd767662661,HARDOI,27.3833,80.1667,noaa_ghcnh,142.0,,,,,,,candidate_india_bbox,ISO IN candidate; bbox screening is not a verified administrative boundary
INM00042274,geo_259651143e89579d,GONDA,27.1333,81.9667,noaa_ghcnh,110.0,,,,,,,candidate_india_bbox,ISO IN candidate; bbox screening is not a verified administrative boundary
INM00042279,geo_eba185a5a0dacb17,BASTI,26.8,82.7333,noaa_ghcnh,89.0,,,,,,,candidate_india_bbox,ISO IN candidate; bbox screening is not a verified administrative boundary
INM00042282,geo_d762ee1cbe89ce2a,NAUTANWA,27.4333,83.4167,noaa_ghcnh,99.0,,,,,,,candidate_india_bbox,ISO IN candidate; bbox screening is not a verified administrative boundary
INM00042296,geo_9af312a767dbe3ea,KALIMPONG,27.0667,88.4667,noaa_ghcnh,1209.0,,,,,,,candidate_india_bbox,ISO IN candidate; bbox screening is not a verified administrative boundary
INM00042299,geo_7025288c18853b77,GANGTOK,27.3333,88.6167,noaa_ghcnh,1756.0,,,,,,,candidate_india_bbox,ISO IN candidate; bbox screening is not a verified administrative boundary
INM00042305,geo_3aecf4bb51e92038,BOMDILA,27.4167,92.85,noaa_ghcnh,2484.0,,,,,,,candidate_india_bbox,ISO IN candidate; bbox screening is not a verified administrative boundary
INM00042308,geo_b79247e0dd13c1eb,ITANAGAR / PAPUMPARE,27.1,93.62,noaa_ghcnh,413.0,,,,,,,candidate_india_bbox,ISO IN candidate; bbox screening is not a verified administrative boundary
INM00042311,geo_26a2fb86b7899a3d,SIBSAGAR,26.9833,94.6333,noaa_ghcnh,97.0,,,,,,,candidate_india_bbox,ISO IN candidate; bbox screening is not a verified administrative boundary
INM00042328,geo_392dfe33899c53b3,JAISALMER,26.9,70.9167,noaa_ghcnh,231.0,,,,,,,candidate_india_bbox,ISO IN candidate; bbox screening is not a verified administrative boundary
INM00042343,geo_c52e5e0574662f96,AJMER,26.45,74.6167,noaa_ghcnh,486.0,,,,,,,candidate_india_bbox,ISO IN candidate; bbox screening is not a verified administrative boundary
INM00042349,geo_fc7cbe5d0e3b9838,TONK,26.1667,75.75,noaa_ghcnh,272.0,,,,,,,candidate_india_bbox,ISO IN candidate; bbox screening is not a verified administrative boundary
INM00042353,geo_0a16eaffc0bc1602,SUPAUL,26.1333,86.5833,noaa_ghcnh,49.0,,,,,,,candidate_india_bbox,ISO IN candidate; bbox screening is not a verified administrative boundary
INM00042354,geo_51298b9720ad6b86,DHOLPUR,26.6667,77.8333,noaa_ghcnh,176.0,,,,,,,candidate_india_bbox,ISO IN candidate; bbox screening is not a verified administrative boundary
INM00042358,geo_fe024b05657b8e6f,BHIND,26.5667,78.8,noaa_ghcnh,168.0,,,,,,,candidate_india_bbox,ISO IN candidate; bbox screening is not a verified administrative boundary
INM00042368,geo_f58f783457474e58,LUCKNOW,26.8667,80.9333,noaa_ghcnh,111.0,,,,,,,candidate_india_bbox,ISO IN candidate; bbox screening is not a verified administrative boundary
INM00042370,geo_061096bc332e6df3,BARABANKI / BARABANKI,26.93,81.81,noaa_ghcnh,119.0,,,,,,,candidate_india_bbox,ISO IN candidate; bbox screening is not a verified administrative boundary
INM00042374,geo_ec8dce74bbecd999,FAIZABAD,26.75,82.0833,noaa_ghcnh,102.0,,,,,,,candidate_india_bbox,ISO IN candidate; bbox screening is not a verified administrative boundary
INM00042375,geo_dab6a56579800091,SULTANPUR,26.25,82.0,noaa_ghcnh,97.0,,,,,,,candidate_india_bbox,ISO IN candidate; bbox screening is not a verified administrative boundary
INM00042381,geo_cc9df02a6f39a78c,AZAMGARH,26.05,83.2167,noaa_ghcnh,78.0,,,,,,,candidate_india_bbox,ISO IN candidate; bbox screening is not a verified administrative boundary
INM00042383,geo_164dd836a43fa88f,MOTIHARI,26.6667,84.9167,noaa_ghcnh,66.0,,,,,,,candidate_india_bbox,ISO IN candidate; bbox screening is not a verified administrative boundary
INM00042387,geo_f044fabb62f9b93f,MUZAFFARPUR,26.1167,85.4,noaa_ghcnh,53.0,,,,,,,candidate_india_bbox,ISO IN candidate; bbox screening is not a verified administrative boundary
INM00042391,geo_68d79aa2b77756f5,DARBHANGA,26.1667,85.9,noaa_ghcnh,49.0,,,,,,,candidate_india_bbox,ISO IN candidate; bbox screening is not a verified administrative boundary
INM00042395,geo_040265560a515d51,FORBESGANJ,26.3,87.2667,noaa_ghcnh,61.0,,,,,,,candidate_india_bbox,ISO IN candidate; bbox screening is not a verified administrative boundary
INM00042397,geo_f847cfdefb9a6267,SILIGURI,26.6667,88.3667,noaa_ghcnh,123.0,,,,,,,candidate_india_bbox,ISO IN candidate; bbox screening is not a verified administrative boundary
INM00042399,geo_9083818008fc4d59,JALPAIGURI,26.5333,88.7167,noaa_ghcnh,83.0,,,,,,,candidate_india_bbox,ISO IN candidate; bbox screening is not a verified administrative boundary
INM00042407,geo_45634803ece19af2,GOALPARA,26.1833,90.6333,noaa_ghcnh,38.0,,,,,,,candidate_india_bbox,ISO IN candidate; bbox screening is not a verified administrative boundary
INM00042408,geo_daa1698200617811,RANGIA,26.4333,91.6167,noaa_ghcnh,60.0,,,,,,,candidate_india_bbox,ISO IN candidate; bbox screening is not a verified administrative boundary
INM00042409,geo_a55c0c8185dbf835,TANGLA,26.65,91.9167,noaa_ghcnh,65.0,,,,,,,candidate_india_bbox,ISO IN candidate; bbox screening is not a verified administrative boundary
INM00042413,geo_ce529031ad7f4a72,MAJBAT,26.75,92.35,noaa_ghcnh,120.0,,,,,,,candidate_india_bbox,ISO IN candidate; bbox screening is not a verified administrative boundary
INM00042414,geo_a439c42a82edb6cc,CHAPARMUKH,26.2,92.5167,noaa_ghcnh,66.0,,,,,,,candidate_india_bbox,ISO IN candidate; bbox screening is not a verified administrative boundary
INM00042420,geo_75711b9461aa5f19,GOLAGHAT,26.5167,93.9833,noaa_ghcnh,95.0,,,,,,,candidate_india_bbox,ISO IN candidate; bbox screening is not a verified administrative boundary
INM00042426,geo_d27d99a8841176e1,TUENSANG,26.2667,94.8167,noaa_ghcnh,1608.0,,,,,,,candidate_india_bbox,ISO IN candidate; bbox screening is not a verified administrative boundary
INM00042435,geo_a75b53d8df6a7c93,BARMER,25.75,71.3833,noaa_ghcnh,194.0,,,,,,,candidate_india_bbox,ISO IN candidate; bbox screening is not a verified administrative boundary
INM00042439,geo_84aa3f19e0027ae3,JALORE,25.35,72.6167,noaa_ghcnh,168.0,,,,,,,candidate_india_bbox,ISO IN candidate; bbox screening is not a verified administrative boundary
INM00042447,geo_cb9eca6b76b654a8,BHILWARA,25.35,74.6333,noaa_ghcnh,425.0,,,,,,,candidate_india_bbox,ISO IN candidate; bbox screening is not a verified administrative boundary
INM00042450,geo_bbc00c495972d342,BUNDI,25.45,75.6333,noaa_ghcnh,267.0,,,,,,,candidate_india_bbox,ISO IN candidate; bbox screening is not a verified administrative boundary
INM00042456,geo_237ae04eade3ac92,SHEOPUR,25.6667,76.6833,noaa_ghcnh,235.0,,,,,,,candidate_india_bbox,ISO IN candidate; bbox screening is not a verified administrative boundary
INM00042459,geo_5cb5167413d171bb,SHIVPURI,25.3333,77.65,noaa_ghcnh,464.0,,,,,,,candidate_india_bbox,ISO IN candidate; bbox screening is not a verified administrative boundary
INM00042460,geo_466ee015067f83a4,DATIA,25.6667,78.4667,noaa_ghcnh,229.0,,,,,,,candidate_india_bbox,ISO IN candidate; bbox screening is not a verified administrative boundary
INM00042467,geo_851b9fb7b6c12592,NOWGONG,25.0667,79.45,noaa_ghcnh,229.0,,,,,,,candidate_india_bbox,ISO IN candidate; bbox screening is not a verified administrative boundary
INM00042468,geo_172ed053926000da,ORAI,25.9833,79.5,noaa_ghcnh,141.0,,,,,,,candidate_india_bbox,ISO IN candidate; bbox screening is not a verified administrative boundary
INM00042469,geo_47f00a02293503f8,HAMIRPUR,25.95,80.15,noaa_ghcnh,109.0,,,,,,,candidate_india_bbox,ISO IN candidate; bbox screening is not a verified administrative boundary
INM00042471,geo_453562f218151286,FATEHPUR,25.9333,80.8333,noaa_ghcnh,114.0,,,,,,,candidate_india_bbox,ISO IN candidate; bbox screening is not a verified administrative boundary
INM00042472,geo_4fa679820f514fd7,PRATAPGARH,25.9,81.95,noaa_ghcnh,99.0,,,,,,,candidate_india_bbox,ISO IN candidate; bbox screening is not a verified administrative boundary
INM00042473,geo_778b4210a2b8813b,BANDA,25.4667,80.3667,noaa_ghcnh,121.0,,,,,,,candidate_india_bbox,ISO IN candidate; bbox screening is not a verified administrative boundary
INM00042474,geo_5d2bf7b1af2d664e,ALLAHABAD (PBO),25.3,81.8,noaa_ghcnh,97.0,,,,,,,candidate_india_bbox,ISO IN candidate; bbox screening is not a verified administrative boundary
INM00042477,geo_deaa2c96d275e78d,JAUNPUR,25.75,82.6833,noaa_ghcnh,80.0,,,,,,,candidate_india_bbox,ISO IN candidate; bbox screening is not a verified administrative boundary
INM00042483,geo_6b0c3c5cf6d6f3d6,VARANASI,25.3,83.0167,noaa_ghcnh,90.0,,,,,,,candidate_india_bbox,ISO IN candidate; bbox screening is not a verified administrative boundary
INM00042484,geo_bff86f119fb5f00a,BALLIA,25.75,84.1667,noaa_ghcnh,64.0,,,,,,,candidate_india_bbox,ISO IN candidate; bbox screening is not a verified administrative boundary
INM00042487,geo_39359b98c2dd33bb,ARRAH,25.5667,84.6667,noaa_ghcnh,58.0,,,,,,,candidate_india_bbox,ISO IN candidate; bbox screening is not a verified administrative boundary
INM00042488,geo_e26b24b54add2373,CHAPRA,25.7833,84.7333,noaa_ghcnh,58.0,,,,,,,candidate_india_bbox,ISO IN candidate; bbox screening is not a verified administrative boundary
INM00042498,geo_8cbe283b9773f7d0,BHAGALPUR,25.2333,86.95,noaa_ghcnh,49.0,,,,,,,candidate_india_bbox,ISO IN candidate; bbox screening is not a verified administrative boundary
INM00042499,geo_af0fcb6d863ae6db,SABAUR,25.2333,87.0667,noaa_ghcnh,37.0,,,,,,,candidate_india_bbox,ISO IN candidate; bbox screening is not a verified administrative boundary
INM00042511,geo_a2488e6a24b51dc4,TURA,25.5167,90.2333,noaa_ghcnh,370.0,,,,,,,candidate_india_bbox,ISO IN candidate; bbox screening is not a verified administrative boundary
INM00042522,geo_a3efbfc7b9a1cd29,HAFLONG,25.1667,93.0167,noaa_ghcnh,682.0,,,,,,,candidate_india_bbox,ISO IN candidate; bbox screening is not a verified administrative boundary
INM00042523,geo_babb0e4925ed74b5,LUMDING,25.75,93.1833,noaa_ghcnh,149.0,,,,,,,candidate_india_bbox,ISO IN candidate; bbox screening is not a verified administrative boundary
INM00042527,geo_242597f7837e0f79,KOHIMA,25.6333,94.1667,noaa_ghcnh,1406.0,,,,,,,candidate_india_bbox,ISO IN candidate; bbox screening is not a verified administrative boundary
INM00042539,geo_be08ea75cb331827,DEESA,24.2,72.2,noaa_ghcnh,136.0,,,,,,,candidate_india_bbox,ISO IN candidate; bbox screening is not a verified administrative boundary
INM00042540,geo_0fd6ace611451f58,MOUNT ABU,24.6,72.7167,noaa_ghcnh,1195.0,,,,,,,candidate_india_bbox,ISO IN candidate; bbox screening is not a verified administrative boundary
INM00042546,geo_c6384526fd0d80c5,CHITTORGARH,24.8833,74.6333,noaa_ghcnh,404.0,,,,,,,candidate_india_bbox,ISO IN candidate; bbox screening is not a verified administrative boundary
INM00042552,geo_2e2a19198855aee6,CHAMBAL/RAWAT BHATA,24.9167,75.5833,noaa_ghcnh,351.0,,,,,,,candidate_india_bbox,ISO IN candidate; bbox screening is not a verified administrative boundary
INM00042555,geo_7892886b363fd4bf,JHALAWAR,24.5333,76.1667,noaa_ghcnh,321.0,,,,,,,candidate_india_bbox,ISO IN candidate; bbox screening is not a verified administrative boundary
INM00042557,geo_f5514df29dd602e2,RAJGARH,24.0,76.7167,noaa_ghcnh,382.0,,,,,,,candidate_india_bbox,ISO IN candidate; bbox screening is not a verified administrative boundary
INM00042562,geo_044b55770c113788,TIKAMGARH,24.7667,78.8333,noaa_ghcnh,345.0,,,,,,,candidate_india_bbox,ISO IN candidate; bbox screening is not a verified administrative boundary
INM00042567,geo_fd41e6b7a0c4753a,KHAJURAHO,24.9833,79.9167,noaa_ghcnh,217.0,,,,,,,candidate_india_bbox,ISO IN candidate; bbox screening is not a verified administrative boundary
INM00042577,geo_5660e4e86756a31e,SIDHI,24.4167,81.8667,noaa_ghcnh,272.0,,,,,,,candidate_india_bbox,ISO IN candidate; bbox screening is not a verified administrative boundary
INM00042588,geo_fe9ce4e3872db1f3,DEHRI,24.9167,84.1833,noaa_ghcnh,107.0,,,,,,,candidate_india_bbox,ISO IN candidate; bbox screening is not a verified administrative boundary
INM00042595,geo_4e3c10ac44e278d8,JAMUI,24.9333,86.3,noaa_ghcnh,82.0,,,,,,,candidate_india_bbox,ISO IN candidate; bbox screening is not a verified administrative boundary
INM00042603,geo_16aca48cdf19aa05,BERHAMPORE,24.1333,88.2667,noaa_ghcnh,19.0,,,,,,,candidate_india_bbox,ISO IN candidate; bbox screening is not a verified administrative boundary
INM00042618,geo_da3219d477fdb0d8,KAILASHAHAR,24.3167,92.0,noaa_ghcnh,30.0,,,,,,,candidate_india_bbox,ISO IN candidate; bbox screening is not a verified administrative boundary
INM00042619,geo_ffd7ba2931ad0684,SILCHAR,24.75,92.8,noaa_ghcnh,29.0,,,,,,,candidate_india_bbox,ISO IN candidate; bbox screening is not a verified administrative boundary
INM00042631,geo_a7e0d6f08a104cc1,NALIYA,23.25,68.85,noaa_ghcnh,21.0,,,,,,,candidate_india_bbox,ISO IN candidate; bbox screening is not a verified administrative boundary
INM00042638,geo_669458332d10c0fa,KANDLA AERODROME,23.15,70.1167,noaa_ghcnh,29.0,,,,,,,candidate_india_bbox,ISO IN candidate; bbox screening is not a verified administrative boundary
INM00042639,geo_cfcd38a3119e432b,NEW KANDLA,23.0,70.2167,noaa_ghcnh,14.0,,,,,,,candidate_india_bbox,ISO IN candidate; bbox screening is not a verified administrative boundary
INM00042651,geo_1f8f8048ebad96f9,IDAR,23.8333,73.0333,noaa_ghcnh,219.0,,,,,,,candidate_india_bbox,ISO IN candidate; bbox screening is not a verified administrative boundary
INM00042652,geo_eeb49bc42e493e1b,DUNGARPUR,23.8333,73.6667,noaa_ghcnh,291.0,,,,,,,candidate_india_bbox,ISO IN candidate; bbox screening is not a verified administrative boundary
INM00042654,geo_cf21ad11760443cd,GANDHINAGAR,23.2333,72.7167,noaa_ghcnh,82.0,,,,,,,candidate_india_bbox,ISO IN candidate; bbox screening is not a verified administrative boundary
INM00042655,geo_fe38819086cc6fe8,BANSWARA,23.55,74.45,noaa_ghcnh,220.0,,,,,,,candidate_india_bbox,ISO IN candidate; bbox screening is not a verified administrative boundary
INM00042661,geo_522bf97733675c21,RATLAM,23.3167,75.05,noaa_ghcnh,486.0,,,,,,,candidate_india_bbox,ISO IN candidate; bbox screening is not a verified administrative boundary
INM00042662,geo_7c6bc8adee563ded,UJJAIN,23.1833,75.7833,noaa_ghcnh,489.0,,,,,,,candidate_india_bbox,ISO IN candidate; bbox screening is not a verified administrative boundary
INM00042669,geo_909ac54f6ed4af37,VIDISHA,23.5333,77.8167,noaa_ghcnh,430.0,,,,,,,candidate_india_bbox,ISO IN candidate; bbox screening is not a verified administrative boundary
INM00042671,geo_0d8cfa4552cb1f65,SAGAR,23.85,78.75,noaa_ghcnh,551.0,,,,,,,candidate_india_bbox,ISO IN candidate; bbox screening is not a verified administrative boundary
INM00042672,geo_7ad9a2782198e59f,RAISEN,23.3167,77.8333,noaa_ghcnh,440.0,,,,,,,candidate_india_bbox,ISO IN candidate; bbox screening is not a verified administrative boundary
INM00042674,geo_4622ca1bdf6ededd,DAMOH,23.8333,79.45,noaa_ghcnh,371.0,,,,,,,candidate_india_bbox,ISO IN candidate; bbox screening is not a verified administrative boundary
INM00042679,geo_e4e61fa901b7e3e9,UMARIA,23.5333,80.8833,noaa_ghcnh,459.0,,,,,,,candidate_india_bbox,ISO IN candidate; bbox screening is not a verified administrative boundary
INM00042693,geo_9c49141a7bd76c6f,AMBIKAPUR,23.1667,83.25,noaa_ghcnh,611.0,,,,,,,candidate_india_bbox,ISO IN candidate; bbox screening is not a verified administrative boundary
INM00042699,geo_247044067c3c5990,HAZARIBAGH,23.9833,85.3667,noaa_ghcnh,611.0,,,,,,,candidate_india_bbox,ISO IN candidate; bbox screening is not a verified administrative boundary
INM00042705,geo_c2ac7a962433e025,PURULIA,23.3333,86.4167,noaa_ghcnh,255.0,,,,,,,candidate_india_bbox,ISO IN candidate; bbox screening is not a verified administrative boundary
INM00042706,geo_e6364af96efef267,BANKURA,23.3833,87.0833,noaa_ghcnh,100.0,,,,,,,candidate_india_bbox,ISO IN candidate; bbox screening is not a verified administrative boundary
INM00042708,geo_c019cd334c9cf6b4,SHANTI NIKETAN,23.65,87.7,noaa_ghcnh,59.0,,,,,,,candidate_india_bbox,ISO IN candidate; bbox screening is not a verified administrative boundary
INM00042709,geo_1ec77a5239dff22d,BURDWAN,23.2333,87.85,noaa_ghcnh,30.0,,,,,,,candidate_india_bbox,ISO IN candidate; bbox screening is not a verified administrative boundary
INM00042711,geo_48123eaef789f776,KRISHNANAGAR,23.4,88.5167,noaa_ghcnh,15.0,,,,,,,candidate_india_bbox,ISO IN candidate; bbox screening is not a verified administrative boundary
INM00042715,geo_352beb686a78e013,MALANJKHAND,22.0,80.7,noaa_ghcnh,581.0,,,,,,,candidate_india_bbox,ISO IN candidate; bbox screening is not a verified administrative boundary
INM00042727,geo_681453496015b281,AIJAL,23.7333,92.7167,noaa_ghcnh,1097.0,,,,,,,candidate_india_bbox,ISO IN candidate; bbox screening is not a verified administrative boundary
INM00042729,geo_86da44ed4990a075,MANDVI,22.8167,69.2667,noaa_ghcnh,9.0,,,,,,,candidate_india_bbox,ISO IN candidate; bbox screening is not a verified administrative boundary
INM00042730,geo_2a1711fc3a168f5a,OKHA,22.4833,69.1167,noaa_ghcnh,7.0,,,,,,,candidate_india_bbox,ISO IN candidate; bbox screening is not a verified administrative boundary
INM00042731,geo_b839a05995f7eec0,DWARKA,22.3667,69.0833,noaa_ghcnh,11.0,,,,,,,candidate_india_bbox,ISO IN candidate; bbox screening is not a verified administrative boundary
INM00042734,geo_66bb44692d867974,JAMNAGAR,22.45,70.0833,noaa_ghcnh,14.0,,,,,,,candidate_india_bbox,ISO IN candidate; bbox screening is not a verified administrative boundary
INM00042740,geo_b4d93f4c1b2383c9,SURENDRANAGAR,22.7333,71.6,noaa_ghcnh,74.0,,,,,,,candidate_india_bbox,ISO IN candidate; bbox screening is not a verified administrative boundary
INM00042744,geo_4e0865eaf3de67d2,VALLABH VIDYANAGAR,22.5667,72.9333,noaa_ghcnh,44.0,,,,,,,candidate_india_bbox,ISO IN candidate; bbox screening is not a verified administrative boundary
INM00042747,geo_07b01d86859597e0,BARODA,22.3,73.25,noaa_ghcnh,34.0,,,,,,,candidate_india_bbox,ISO IN candidate; bbox screening is not a verified administrative boundary
INM00042751,geo_5090a2757110ebf5,DOHAD,22.8333,74.2667,noaa_ghcnh,333.0,,,,,,,candidate_india_bbox,ISO IN candidate; bbox screening is not a verified administrative boundary
INM00042763,geo_c820d389bd9c9ffc,HOSHANGABAD,22.7667,77.7667,noaa_ghcnh,302.0,,,,,,,candidate_india_bbox,ISO IN candidate; bbox screening is not a verified administrative boundary
INM00042767,geo_a663ce0a22224cc2,PACHMARHI,22.4667,78.4333,noaa_ghcnh,1075.0,,,,,,,candidate_india_bbox,ISO IN candidate; bbox screening is not a verified administrative boundary
INM00042768,geo_f1a4c78e93e694c3,CHHINDWARA,22.1,79.0,noaa_ghcnh,685.0,,,,,,,candidate_india_bbox,ISO IN candidate; bbox screening is not a verified administrative boundary
INM00042771,geo_e3f11fe8f6b4a4e1,SEONI,22.0833,79.55,noaa_ghcnh,619.0,,,,,,,candidate_india_bbox,ISO IN candidate; bbox screening is not a verified administrative boundary
INM00042776,geo_1cd01635e4e73406,MANDLA,22.5833,80.3667,noaa_ghcnh,443.0,,,,,,,candidate_india_bbox,ISO IN candidate; bbox screening is not a verified administrative boundary
INM00042783,geo_9459d675c669653d,CHAMPA,22.0333,82.7,noaa_ghcnh,245.0,,,,,,,candidate_india_bbox,ISO IN candidate; bbox screening is not a verified administrative boundary
INM00042790,geo_c7405915d35d355e,JASHPURNAGAR,22.8833,84.1333,noaa_ghcnh,771.0,,,,,,,candidate_india_bbox,ISO IN candidate; bbox screening is not a verified administrative boundary
INM00042792,geo_02853b7b3c31755c,SUNDARGARH,22.1167,84.0333,noaa_ghcnh,240.0,,,,,,,candidate_india_bbox,ISO IN candidate; bbox screening is not a verified administrative boundary
INM00042793,geo_36711a8cc4af3e61,ROURKELA,22.2167,84.8833,noaa_ghcnh,196.0,,,,,,,candidate_india_bbox,ISO IN candidate; bbox screening is not a verified administrative boundary
INM00042795,geo_c3b6ebf1e0ade2cd,CHAIBASA,22.55,85.8167,noaa_ghcnh,226.0,,,,,,,candidate_india_bbox,ISO IN candidate; bbox screening is not a verified administrative boundary
INM00042799,geo_186e3b3f90be1c47,JAMSHEDPUR,22.8167,86.1833,noaa_ghcnh,129.0,,,,,,,candidate_india_bbox,ISO IN candidate; bbox screening is not a verified administrative boundary
INM00042803,geo_bc91dabca7f51671,MIDNAPORE,22.4167,87.3167,noaa_ghcnh,45.0,,,,,,,candidate_india_bbox,ISO IN candidate; bbox screening is not a verified administrative boundary
INM00042805,geo_d99d92bb457f2855,ULUBERIA,22.5,87.95,noaa_ghcnh,5.0,,,,,,,candidate_india_bbox,ISO IN candidate; bbox screening is not a verified administrative boundary
INM00042810,geo_a0f2ca537d5d1f90,BASIRHAT,22.65,88.8667,noaa_ghcnh,4.0,,,,,,,candidate_india_bbox,ISO IN candidate; bbox screening is not a verified administrative boundary
INM00042811,geo_bee867a1256061f4,DIAMOND HARBOUR,22.1833,88.2,noaa_ghcnh,7.0,,,,,,,candidate_india_bbox,ISO IN candidate; bbox screening is not a verified administrative boundary
INM00042812,geo_6e39fedbc3f00838,CANNING,22.25,88.6667,noaa_ghcnh,4.0,,,,,,,candidate_india_bbox,ISO IN candidate; bbox screening is not a verified administrative boundary
INM00042830,geo_11724bf5e8012037,PORBANDAR,21.65,69.6667,noaa_ghcnh,5.0,,,,,,,candidate_india_bbox,ISO IN candidate; bbox screening is not a verified administrative boundary
INM00042832,geo_82142e48d2021834,KESHOD,21.3167,70.3167,noaa_ghcnh,50.0,,,,,,,candidate_india_bbox,ISO IN candidate; bbox screening is not a verified administrative boundary
INM00042834,geo_b48976f03f99e3bd,AMRELI,21.6,71.2167,noaa_ghcnh,115.0,,,,,,,candidate_india_bbox,ISO IN candidate; bbox screening is not a verified administrative boundary
INM00042838,geo_d5db69b2cb5cc54c,BHAUNAGAR,21.75,72.2,noaa_ghcnh,5.0,,,,,,,candidate_india_bbox,ISO IN candidate; bbox screening is not a verified administrative boundary
INM00042841,geo_b000fcb355938ee5,BROACH,21.7333,73.0,noaa_ghcnh,17.0,,,,,,,candidate_india_bbox,ISO IN candidate; bbox screening is not a verified administrative boundary
INM00042846,geo_215019b36c8f41dd,NANDURBAR,21.3333,74.25,noaa_ghcnh,206.0,,,,,,,candidate_india_bbox,ISO IN candidate; bbox screening is not a verified administrative boundary
INM00042849,geo_99d162084c90e3d3,KHARGONE,21.8167,75.6167,noaa_ghcnh,251.0,,,,,,,candidate_india_bbox,ISO IN candidate; bbox screening is not a verified administrative boundary
INM00042851,geo_daf57f74d1e61c02,JALGAON,21.05,75.5667,noaa_ghcnh,201.0,,,,,,,candidate_india_bbox,ISO IN candidate; bbox screening is not a verified administrative boundary
INM00042860,geo_09f8a973437f2a3c,BETUL,21.8667,77.9333,noaa_ghcnh,653.0,,,,,,,candidate_india_bbox,ISO IN candidate; bbox screening is not a verified administrative boundary
INM00042866,geo_840e3b9dee24f930,NAGPUR (MAYO HOSPITAL),21.15,79.1167,noaa_ghcnh,311.0,,,,,,,candidate_india_bbox,ISO IN candidate; bbox screening is not a verified administrative boundary
INM00042874,geo_cb5d4307ad12f1be,PBO RAIPUR,21.2333,81.65,noaa_ghcnh,298.0,,,,,,,candidate_india_bbox,ISO IN candidate; bbox screening is not a verified administrative boundary
INM00042876,geo_d4a1e79d64eb42c9,DURG,21.1833,81.2833,noaa_ghcnh,293.0,,,,,,,candidate_india_bbox,ISO IN candidate; bbox screening is not a verified administrative boundary
INM00042883,geo_72e505e97e0f54f4,SAMBALPUR,21.4667,83.9667,noaa_ghcnh,148.0,,,,,,,candidate_india_bbox,ISO IN candidate; bbox screening is not a verified administrative boundary
INM00042884,geo_b53c97c15ebadf18,RAIGARH,21.8833,83.3833,noaa_ghcnh,220.0,,,,,,,candidate_india_bbox,ISO IN candidate; bbox screening is not a verified administrative boundary
INM00042891,geo_626b566b37c359f9,KEONGJHARGARH,21.6167,85.5167,noaa_ghcnh,463.0,,,,,,,candidate_india_bbox,ISO IN candidate; bbox screening is not a verified administrative boundary
INM00042894,geo_34796840742c5d0b,BARIPADA,21.9333,86.7667,noaa_ghcnh,54.0,,,,,,,candidate_india_bbox,ISO IN candidate; bbox screening is not a verified administrative boundary
INM00042900,geo_577d1f3802ad93fe,CONTAI,21.7833,87.75,noaa_ghcnh,11.0,,,,,,,candidate_india_bbox,ISO IN candidate; bbox screening is not a verified administrative boundary
INM00042901,geo_79270080706ca71e,DIGHA,21.6167,87.5,noaa_ghcnh,6.0,,,,,,,candidate_india_bbox,ISO IN candidate; bbox screening is not a verified administrative boundary
INM00042903,geo_1caf9e5917d6ce7c,SAGAR ISLAND,21.65,88.05,noaa_ghcnh,3.0,,,,,,,candidate_india_bbox,ISO IN candidate; bbox screening is not a verified administrative boundary
INM00042915,geo_49105af32e03c37a,BULSAR,20.6167,72.9333,noaa_ghcnh,15.0,,,,,,,candidate_india_bbox,ISO IN candidate; bbox screening is not a verified administrative boundary
INM00042916,geo_723c8cdaa51ad0c0,DAMAN,20.4167,72.85,noaa_ghcnh,12.0,,,,,,,candidate_india_bbox,ISO IN candidate; bbox screening is not a verified administrative boundary
INM00042921,geo_32c7eb1e840154f6,NASIK CITY,19.9667,73.8167,noaa_ghcnh,598.0,,,,,,,candidate_india_bbox,ISO IN candidate; bbox screening is not a verified administrative boundary
INM00042925,geo_4c2a108c76f49dd7,MALEGAON,20.55,74.5333,noaa_ghcnh,437.0,,,,,,,candidate_india_bbox,ISO IN candidate; bbox screening is not a verified administrative boundary
INM00042931,geo_292968be0f582e52,BULDANA,20.5333,76.2333,noaa_ghcnh,650.0,,,,,,,candidate_india_bbox,ISO IN candidate; bbox screening is not a verified administrative boundary
INM00042933,geo_977e00a9451c8846,AKOLA,20.7,77.0333,noaa_ghcnh,282.0,,,,,,,candidate_india_bbox,ISO IN candidate; bbox screening is not a verified administrative boundary
INM00042937,geo_547c61a5cfbac429,AMRAOTI,20.9333,77.7833,noaa_ghcnh,370.0,,,,,,,candidate_india_bbox,ISO IN candidate; bbox screening is not a verified administrative boundary
INM00042939,geo_b30b9e49854f31f8,WARDHA,20.6667,78.5833,noaa_ghcnh,283.0,,,,,,,candidate_india_bbox,ISO IN candidate; bbox screening is not a verified administrative boundary
INM00042943,geo_f4cbe3abf459101b,YEOTMAL,20.4,78.15,noaa_ghcnh,451.0,,,,,,,candidate_india_bbox,ISO IN candidate; bbox screening is not a verified administrative boundary
INM00042946,geo_d838b1c74ec64fe5,BRAMHAPURI,20.6,79.85,noaa_ghcnh,229.0,,,,,,,candidate_india_bbox,ISO IN candidate; bbox screening is not a verified administrative boundary
INM00042948,geo_ed7e3806824d2712,RAJNANDGAON,21.1,81.0333,noaa_ghcnh,329.0,,,,,,,candidate_india_bbox,ISO IN candidate; bbox screening is not a verified administrative boundary
INM00042953,geo_133d4d2d13ca9c24,KANKER,20.2667,81.4833,noaa_ghcnh,402.0,,,,,,,candidate_india_bbox,ISO IN candidate; bbox screening is not a verified administrative boundary
INM00042961,geo_46bce25c50b07e73,TITLAGARH,20.3,83.3,noaa_ghcnh,211.0,,,,,,,candidate_india_bbox,ISO IN candidate; bbox screening is not a verified administrative boundary
INM00042963,geo_48bfb1cfa9c9589d,BOLANGIR,20.7,83.5,noaa_ghcnh,190.0,,,,,,,candidate_india_bbox,ISO IN candidate; bbox screening is not a verified administrative boundary
INM00042969,geo_7481aa964fa057ed,ANGUL,20.8333,85.1,noaa_ghcnh,139.0,,,,,,,candidate_india_bbox,ISO IN candidate; bbox screening is not a verified administrative boundary
INM00042970,geo_a41b95d8ff761e20,CUTTACK,20.4667,85.9333,noaa_ghcnh,27.0,,,,,,,candidate_india_bbox,ISO IN candidate; bbox screening is not a verified administrative boundary
INM00042973,geo_bba64f1bd66e3461,CHANDBALI,20.7833,86.7333,noaa_ghcnh,6.0,,,,,,,candidate_india_bbox,ISO IN candidate; bbox screening is not a verified administrative boundary
INM00042976,geo_13ff5aa11987c466,PARADIP (C.W.R.),20.3,86.6833,noaa_ghcnh,8.0,,,,,,,candidate_india_bbox,ISO IN candidate; bbox screening is not a verified administrative boundary
INM00043001,geo_b9798d8f1633a96e,DAHANU,19.9667,72.7167,noaa_ghcnh,5.0,,,,,,,candidate_india_bbox,ISO IN candidate; bbox screening is not a verified administrative boundary
INM00043005,geo_c448f7ac70847a6c,T B I A,19.15,72.0,noaa_ghcnh,12.0,,,,,,,candidate_india_bbox,ISO IN candidate; bbox screening is not a verified administrative boundary
INM00043011,geo_1fec7c6f2eea7d74,BIR,19.0,75.7167,noaa_ghcnh,519.0,,,,,,,candidate_india_bbox,ISO IN candidate; bbox screening is not a verified administrative boundary
INM00043012,geo_1ec34b615a0f541f,JALNA,19.8333,75.8,noaa_ghcnh,538.0,,,,,,,candidate_india_bbox,ISO IN candidate; bbox screening is not a verified administrative boundary
INM00043017,geo_0599a5b1e6e0785e,PARBHANI,19.1333,76.8333,noaa_ghcnh,422.0,,,,,,,candidate_india_bbox,ISO IN candidate; bbox screening is not a verified administrative boundary
INM00043019,geo_ccd3185107ff2304,PUSAD,19.9167,77.5833,noaa_ghcnh,332.0,,,,,,,candidate_india_bbox,ISO IN candidate; bbox screening is not a verified administrative boundary
INM00043021,geo_7f095b767c948cd6,NANDED,19.0833,77.3333,noaa_ghcnh,358.0,,,,,,,candidate_india_bbox,ISO IN candidate; bbox screening is not a verified administrative boundary
INM00043022,geo_a152f55bb9a162c5,PRIYADARSHINI,19.75,78.0333,noaa_ghcnh,457.0,,,,,,,candidate_india_bbox,ISO IN candidate; bbox screening is not a verified administrative boundary
INM00043025,geo_bbdc7d28e823a233,ADILABAD,19.65,78.5333,noaa_ghcnh,269.0,,,,,,,candidate_india_bbox,ISO IN candidate; bbox screening is not a verified administrative boundary
INM00043029,geo_09d60b0671ca6ce7,CHANDRAPUR,19.9667,79.3,noaa_ghcnh,193.0,,,,,,,candidate_india_bbox,ISO IN candidate; bbox screening is not a verified administrative boundary
INM00043042,geo_4250322b070b3432,BHAWANIPATNA,19.9167,83.1833,noaa_ghcnh,261.0,,,,,,,candidate_india_bbox,ISO IN candidate; bbox screening is not a verified administrative boundary
INM00043053,geo_5d589fe00fa934e1,PURI,19.8,85.8167,noaa_ghcnh,6.0,,,,,,,candidate_india_bbox,ISO IN candidate; bbox screening is not a verified administrative boundary
INM00043057,geo_965d29def962f200,BOMBAY / COLABA,18.9,72.8167,noaa_ghcnh,11.0,,,,,,,candidate_india_bbox,ISO IN candidate; bbox screening is not a verified administrative boundary
INM00043058,geo_c0261881540e5b00,ALIBAG,18.6333,72.8667,noaa_ghcnh,7.0,,,,,,,candidate_india_bbox,ISO IN candidate; bbox screening is not a verified administrative boundary
INM00043060,geo_f6337460b93f89b2,MATHERAN,18.9833,73.2833,noaa_ghcnh,695.0,,,,,,,candidate_india_bbox,ISO IN candidate; bbox screening is not a verified administrative boundary
INM00043061,geo_420c1de1bb03c8bc,KHANDALA,18.7667,73.3667,noaa_ghcnh,539.0,,,,,,,candidate_india_bbox,ISO IN candidate; bbox screening is not a verified administrative boundary
INM00043062,geo_5c01e0e368dd57c3,BHIRA,18.45,73.4,noaa_ghcnh,96.0,,,,,,,candidate_india_bbox,ISO IN candidate; bbox screening is not a verified administrative boundary
INM00043064,geo_19c7bbcde450b4c3,PUNE / LOHOGAON AERODROME,18.5833,73.9167,noaa_ghcnh,589.0,,,,,,,candidate_india_bbox,ISO IN candidate; bbox screening is not a verified administrative boundary
INM00043067,geo_65cc6b1a0b438e50,PASHAN CTI,18.5333,73.85,noaa_ghcnh,560.0,,,,,,,candidate_india_bbox,ISO IN candidate; bbox screening is not a verified administrative boundary
INM00043069,geo_3c46c65110649786,BARAMATI,18.15,74.5833,noaa_ghcnh,551.0,,,,,,,candidate_india_bbox,ISO IN candidate; bbox screening is not a verified administrative boundary
INM00043071,geo_1cea6fbfb8524f7d,JEUR,18.2,75.2,noaa_ghcnh,521.0,,,,,,,candidate_india_bbox,ISO IN candidate; bbox screening is not a verified administrative boundary
INM00043076,geo_33740f99d48aadb8,UDGIR,18.0667,77.1167,noaa_ghcnh,639.0,,,,,,,candidate_india_bbox,ISO IN candidate; bbox screening is not a verified administrative boundary
INM00043081,geo_b16fdc978ac649ba,NIZAMABAD,18.6667,78.1,noaa_ghcnh,381.0,,,,,,,candidate_india_bbox,ISO IN candidate; bbox screening is not a verified administrative boundary
INM00043083,geo_cc675bf2ec58586d,MEDAK,18.05,78.2667,noaa_ghcnh,472.0,,,,,,,candidate_india_bbox,ISO IN candidate; bbox screening is not a verified administrative boundary
INM00043087,geo_9daa77186e0c86bd,HANAMKONDA,18.0167,79.5667,noaa_ghcnh,269.0,,,,,,,candidate_india_bbox,ISO IN candidate; bbox screening is not a verified administrative boundary
INM00043093,geo_c6a6d2f65e6f1532,BAILADILA,18.5833,81.2333,noaa_ghcnh,1144.0,,,,,,,candidate_india_bbox,ISO IN candidate; bbox screening is not a verified administrative boundary
INM00043097,geo_8bf720746d13ef95,KORAPUT,18.8167,82.7167,noaa_ghcnh,913.0,,,,,,,candidate_india_bbox,ISO IN candidate; bbox screening is not a verified administrative boundary
INM00043105,geo_35e5f86c8e81a699,KALINGAPATAM,18.3333,84.1333,noaa_ghcnh,6.0,,,,,,,candidate_india_bbox,ISO IN candidate; bbox screening is not a verified administrative boundary
INM00043109,geo_329d6ef3ad945c2f,HARNAI,17.8167,73.1,noaa_ghcnh,20.0,,,,,,,candidate_india_bbox,ISO IN candidate; bbox screening is not a verified administrative boundary
INM00043111,geo_18420f953d686621,MAHABALESHWAR,17.9333,73.6667,noaa_ghcnh,1382.0,,,,,,,candidate_india_bbox,ISO IN candidate; bbox screening is not a verified administrative boundary
INM00043113,geo_b0e9c1764ac3a6cd,SATARA,17.5167,74.05,noaa_ghcnh,612.0,,,,,,,candidate_india_bbox,ISO IN candidate; bbox screening is not a verified administrative boundary
INM00043121,geo_2d1166e5cfb95ef8,GULBARGA,17.35,76.85,noaa_ghcnh,458.0,,,,,,,candidate_india_bbox,ISO IN candidate; bbox screening is not a verified administrative boundary
INM00043125,geo_0bb550c17be6eec9,BIDAR,17.9167,77.5333,noaa_ghcnh,663.0,,,,,,,candidate_india_bbox,ISO IN candidate; bbox screening is not a verified administrative boundary
INM00043133,geo_f311a69637632e1f,NALGONDA,17.0,79.25,noaa_ghcnh,227.0,,,,,,,candidate_india_bbox,ISO IN candidate; bbox screening is not a verified administrative boundary
INM00043136,geo_c926d32b159aa6d9,BHADRACHALAM,17.6667,80.8833,noaa_ghcnh,54.0,,,,,,,candidate_india_bbox,ISO IN candidate; bbox screening is not a verified administrative boundary
INM00043137,geo_690b2040f490d06f,KHAMMAM,17.25,80.15,noaa_ghcnh,112.0,,,,,,,candidate_india_bbox,ISO IN candidate; bbox screening is not a verified administrative boundary
INM00043147,geo_7de61f299dfdb064,TUNI,17.35,82.55,noaa_ghcnh,35.0,,,,,,,candidate_india_bbox,ISO IN candidate; bbox screening is not a verified administrative boundary
INM00043150,geo_7fd87abdcbe47bcc,CWC VISHAKHAPATNAM/WALTAIR,17.7,83.3,noaa_ghcnh,66.0,,,,,,,candidate_india_bbox,ISO IN candidate; bbox screening is not a verified administrative boundary
INM00043153,geo_1e1c855d6b814c52,DEVGARH,16.3833,73.35,noaa_ghcnh,36.0,,,,,,,candidate_india_bbox,ISO IN candidate; bbox screening is not a verified administrative boundary
INM00043161,geo_fe5f7d267e01590a,BIJAPUR,16.8167,75.7167,noaa_ghcnh,594.0,,,,,,,candidate_india_bbox,ISO IN candidate; bbox screening is not a verified administrative boundary
INM00043168,geo_d07bc2067ce0c55e,MAHABUBNAGAR,16.75,78.0,noaa_ghcnh,505.0,,,,,,,candidate_india_bbox,ISO IN candidate; bbox screening is not a verified administrative boundary
INM00043169,geo_91121564e60b9108,RAICHUR,16.2,77.35,noaa_ghcnh,400.0,,,,,,,candidate_india_bbox,ISO IN candidate; bbox screening is not a verified administrative boundary
INM00043177,geo_f3630c37c874ff0d,RENTACHINTALA,16.55,79.55,noaa_ghcnh,106.0,,,,,,,candidate_india_bbox,ISO IN candidate; bbox screening is not a verified administrative boundary
INM00043182,geo_701d37cd9ec0befc,NANDIGAMA,16.7833,80.2833,noaa_ghcnh,51.0,,,,,,,candidate_india_bbox,ISO IN candidate; bbox screening is not a verified administrative boundary
INM00043184,geo_183b37ebaa33c1d1,NIDADAVOLE,16.8333,81.5833,noaa_ghcnh,13.0,,,,,,,candidate_india_bbox,ISO IN candidate; bbox screening is not a verified administrative boundary
INM00043185,geo_489bac8aab3a08f4,MACHILIPATNAM/FRANCHPET,16.2,81.15,noaa_ghcnh,3.0,,,,,,,candidate_india_bbox,ISO IN candidate; bbox screening is not a verified administrative boundary
INM00043187,geo_36fbfdc6aa6e4620,NARSAPUR,16.4333,81.7,noaa_ghcnh,4.0,,,,,,,candidate_india_bbox,ISO IN candidate; bbox screening is not a verified administrative boundary
INM00043193,geo_4d86b77b91cc35e4,VENGURLA,15.8667,73.6333,noaa_ghcnh,16.0,,,,,,,candidate_india_bbox,ISO IN candidate; bbox screening is not a verified administrative boundary
INM00043196,geo_7f768e42a5ff019b,MORMUGAO,15.4167,73.7833,noaa_ghcnh,62.0,,,,,,,candidate_india_bbox,ISO IN candidate; bbox screening is not a verified administrative boundary
INM00043200,geo_ef6fb2e24e126afd,DHARWAD,15.4833,74.9833,noaa_ghcnh,678.0,,,,,,,candidate_india_bbox,ISO IN candidate; bbox screening is not a verified administrative boundary
INM00043205,geo_70241c98c4274b9f,BELLARY,15.15,76.85,noaa_ghcnh,449.0,,,,,,,candidate_india_bbox,ISO IN candidate; bbox screening is not a verified administrative boundary
INM00043207,geo_c2002604fe36b886,PARANGIPETTAI,11.5,79.7667,noaa_ghcnh,3.0,,,,,,,candidate_india_bbox,ISO IN candidate; bbox screening is not a verified administrative boundary
INM00043225,geo_dfe0d707ca137320,KARWAR,14.7833,74.1333,noaa_ghcnh,4.0,,,,,,,candidate_india_bbox,ISO IN candidate; bbox screening is not a verified administrative boundary
INM00043227,geo_1489f775afe586bd,HAVERI,14.7833,75.4,noaa_ghcnh,573.0,,,,,,,candidate_india_bbox,ISO IN candidate; bbox screening is not a verified administrative boundary
INM00043228,geo_23b0cad82999b1c3,KOPPAL,15.35,76.15,noaa_ghcnh,532.0,,,,,,,candidate_india_bbox,ISO IN candidate; bbox screening is not a verified administrative boundary
INM00043229,geo_cce08aca8d3f820f,SHIRALI,14.0667,74.5333,noaa_ghcnh,45.0,,,,,,,candidate_india_bbox,ISO IN candidate; bbox screening is not a verified administrative boundary
INM00043230,geo_0cf3e8a2a78304f4,DAVANGERE,14.5,75.9167,noaa_ghcnh,620.0,,,,,,,candidate_india_bbox,ISO IN candidate; bbox screening is not a verified administrative boundary
INM00043241,geo_cfc7ff1be1909348,CUDDAPAH,14.4833,78.8333,noaa_ghcnh,130.0,,,,,,,candidate_india_bbox,ISO IN candidate; bbox screening is not a verified administrative boundary
INM00043243,geo_eeaa42b762de05e3,KAVALI,14.9,79.9833,noaa_ghcnh,17.0,,,,,,,candidate_india_bbox,ISO IN candidate; bbox screening is not a verified administrative boundary
INM00043259,geo_33800b0ef437e549,BALEHONUR,13.3667,75.45,noaa_ghcnh,907.0,,,,,,,candidate_india_bbox,ISO IN candidate; bbox screening is not a verified administrative boundary
INM00043260,geo_0c5a43659192ba67,CHICKMAGALUR,13.25,75.75,noaa_ghcnh,1057.0,,,,,,,candidate_india_bbox,ISO IN candidate; bbox screening is not a verified administrative boundary
INM00043263,geo_7fcf40d30a529cea,HASSAN,12.9667,76.3333,noaa_ghcnh,955.0,,,,,,,candidate_india_bbox,ISO IN candidate; bbox screening is not a verified administrative boundary
INM00043264,geo_a9b9f050024852d4,CHIKKANAHALLI,13.6667,77.9167,noaa_ghcnh,672.0,,,,,,,candidate_india_bbox,ISO IN candidate; bbox screening is not a verified administrative boundary
INM00043266,geo_8c33ff19d80797db,M.O. AGATHI AIRPORT,10.85,72.4667,noaa_ghcnh,3.0,,,,,,,candidate_india_bbox,ISO IN candidate; bbox screening is not a verified administrative boundary
INM00043271,geo_ca845c3ac4abb5c3,AROGYAVARAM,13.5333,78.5,noaa_ghcnh,701.0,,,,,,,candidate_india_bbox,ISO IN candidate; bbox screening is not a verified administrative boundary
INM00043272,geo_c5d80b5edaa9ecb6,CHINTAMANI,13.2,78.0667,noaa_ghcnh,857.0,,,,,,,candidate_india_bbox,ISO IN candidate; bbox screening is not a verified administrative boundary
INM00043275,geo_f83dc773a10ce08b,TIRUPATHI,13.6667,79.5833,noaa_ghcnh,105.0,,,,,,,candidate_india_bbox,ISO IN candidate; bbox screening is not a verified administrative boundary
INM00043277,geo_6edf94a1ba69caf5,TIRUTTANI,13.15,79.5333,noaa_ghcnh,87.0,,,,,,,candidate_india_bbox,ISO IN candidate; bbox screening is not a verified administrative boundary
INM00043278,geo_0552780fd14565a1,NUMGAMBAKKAM,13.0667,80.2,noaa_ghcnh,7.0,,,,,,,candidate_india_bbox,ISO IN candidate; bbox screening is not a verified administrative boundary
INM00043283,geo_7b2f09dfdf3b6345,MANGALORE,12.867,74.85,noaa_ghcnh,22.0,,,,,,,candidate_india_bbox,ISO IN candidate; bbox screening is not a verified administrative boundary
INM00043287,geo_8268035302233ff1,MADIKERI,12.4167,75.7333,noaa_ghcnh,1153.0,,,,,,,candidate_india_bbox,ISO IN candidate; bbox screening is not a verified administrative boundary
INM00043289,geo_362544b7702f800a,MANDYA,12.5,76.8333,noaa_ghcnh,695.0,,,,,,,candidate_india_bbox,ISO IN candidate; bbox screening is not a verified administrative boundary
INM00043291,geo_e74dcbadd7438bcd,MYSORE,12.3,76.7,noaa_ghcnh,767.0,,,,,,,candidate_india_bbox,ISO IN candidate; bbox screening is not a verified administrative boundary
INM00043296,geo_bb640ee08f7eb5f7,BANGALORE/HINDUSTAN AIRPORT,12.95,77.6333,noaa_ghcnh,888.0,,,,,,,candidate_india_bbox,ISO IN candidate; bbox screening is not a verified administrative boundary
INM00043299,geo_a08af60387157c08,KOLAR GOLD FIELDS,12.95,78.3,noaa_ghcnh,882.0,,,,,,,candidate_india_bbox,ISO IN candidate; bbox screening is not a verified administrative boundary
INM00043301,geo_e55adb9322ad4751,DHARMAPURI,12.1333,78.0333,noaa_ghcnh,396.0,,,,,,,candidate_india_bbox,ISO IN candidate; bbox screening is not a verified administrative boundary
INM00043302,geo_b1e0889d704a2168,TIRUPPATTUR,12.4833,78.5667,noaa_ghcnh,385.0,,,,,,,candidate_india_bbox,ISO IN candidate; bbox screening is not a verified administrative boundary
INM00043309,geo_ae06fff00a1626b1,MAYA BANDAR,12.9167,92.9167,noaa_ghcnh,28.0,,,,,,,candidate_india_bbox,ISO IN candidate; bbox screening is not a verified administrative boundary
INM00043310,geo_ba9fef71305c3fd7,LONG ISLAND,12.4167,92.9333,noaa_ghcnh,25.0,,,,,,,candidate_india_bbox,ISO IN candidate; bbox screening is not a verified administrative boundary
INM00043311,geo_9cc4e760bf58de32,M.O. AMINI,11.1167,72.7333,noaa_ghcnh,3.0,,,,,,,candidate_india_bbox,ISO IN candidate; bbox screening is not a verified administrative boundary
INM00043314,geo_3f6710a3c111079f,KOZHIKODE,11.25,75.7833,noaa_ghcnh,5.0,,,,,,,candidate_india_bbox,ISO IN candidate; bbox screening is not a verified administrative boundary
INM00043315,geo_14918e237ddaa922,CANNUR,11.8333,75.3333,noaa_ghcnh,18.0,,,,,,,candidate_india_bbox,ISO IN candidate; bbox screening is not a verified administrative boundary
INM00043316,geo_9b91888368fafe1e,NILAMBUR,11.2833,76.2333,noaa_ghcnh,31.0,,,,,,,candidate_india_bbox,ISO IN candidate; bbox screening is not a verified administrative boundary
INM00043317,geo_84ec8afe761a4909,UDHAGAMANDALAM,11.4,76.7333,noaa_ghcnh,2249.0,,,,,,,candidate_india_bbox,ISO IN candidate; bbox screening is not a verified administrative boundary
INM00043318,geo_928d40002143afbc,COONOOR,11.35,76.8,noaa_ghcnh,1747.0,,,,,,,candidate_india_bbox,ISO IN candidate; bbox screening is not a verified administrative boundary
INM00043319,geo_f17c0b98404fec45,COIMBATORE,11.0,76.9667,noaa_ghcnh,409.0,,,,,,,candidate_india_bbox,ISO IN candidate; bbox screening is not a verified administrative boundary
INM00043322,geo_9c8e873e6b96653d,CHAMARAJNAGAR,11.9333,76.9333,noaa_ghcnh,760.0,,,,,,,candidate_india_bbox,ISO IN candidate; bbox screening is not a verified administrative boundary
INM00043324,geo_a3404f32c868fb0a,ARIYALUR,11.1667,79.0,noaa_ghcnh,747.0,,,,,,,candidate_india_bbox,ISO IN candidate; bbox screening is not a verified administrative boundary
INM00043325,geo_cbe7d46b0a307141,SALEM,11.65,78.1667,noaa_ghcnh,278.0,,,,,,,candidate_india_bbox,ISO IN candidate; bbox screening is not a verified administrative boundary
INM00043326,geo_074674a8f3f1ef05,KALLAKKURICHCHI,11.733,78.967,noaa_ghcnh,127.0,,,,,,,candidate_india_bbox,ISO IN candidate; bbox screening is not a verified administrative boundary
INM00043330,geo_a79aa58ade8fd443,THANJAVUR,10.7833,79.1333,noaa_ghcnh,68.0,,,,,,,candidate_india_bbox,ISO IN candidate; bbox screening is not a verified administrative boundary
INM00043331,geo_6e60297e9274f169,M.O. PONDICHERRY,11.9667,79.8167,noaa_ghcnh,38.0,,,,,,,candidate_india_bbox,ISO IN candidate; bbox screening is not a verified administrative boundary
INM00043334,geo_32e07dd93fecd2be,ANDROTH,10.8,73.9833,noaa_ghcnh,5.0,,,,,,,candidate_india_bbox,ISO IN candidate; bbox screening is not a verified administrative boundary
INM00043335,geo_6697b0d6b425168d,PALAKKAD,10.7667,76.65,noaa_ghcnh,97.0,,,,,,,candidate_india_bbox,ISO IN candidate; bbox screening is not a verified administrative boundary
INM00043338,geo_0aad022c0756fba1,ERODE,11.4833,77.7667,noaa_ghcnh,172.0,,,,,,,candidate_india_bbox,ISO IN candidate; bbox screening is not a verified administrative boundary
INM00043339,geo_5f482b0331e44b0d,KODAIKANAL,10.2333,77.4667,noaa_ghcnh,2343.0,,,,,,,candidate_india_bbox,ISO IN candidate; bbox screening is not a verified administrative boundary
INM00043340,geo_05b1149d3f5c31e5,YERCAUD,11.75,78.1667,noaa_ghcnh,1463.0,,,,,,,candidate_india_bbox,ISO IN candidate; bbox screening is not a verified administrative boundary
INM00043341,geo_0c9054008b756b59,VALPARAI,10.2833,77.0,noaa_ghcnh,1041.0,,,,,,,candidate_india_bbox,ISO IN candidate; bbox screening is not a verified administrative boundary
INM00043342,geo_aa91c43e1d6203df,K. PARAMATHY,10.95,78.0833,noaa_ghcnh,181.0,,,,,,,candidate_india_bbox,ISO IN candidate; bbox screening is not a verified administrative boundary
INM00043343,geo_bb508bcc9c733689,TIRUCHIRAPALLI TOWN,10.7667,78.7167,noaa_ghcnh,88.0,,,,,,,candidate_india_bbox,ISO IN candidate; bbox screening is not a verified administrative boundary
INM00043345,geo_e422e749690ac736,KUDIMIAMALAI,10.4,78.6667,noaa_ghcnh,123.0,,,,,,,candidate_india_bbox,ISO IN candidate; bbox screening is not a verified administrative boundary
INM00043347,geo_c041f2105eca8983,NAGAPPATTINAM,10.7667,79.85,noaa_ghcnh,9.0,,,,,,,candidate_india_bbox,ISO IN candidate; bbox screening is not a verified administrative boundary
INM00043348,geo_d75c5eede017e616,ATIRAMAPATTINAM,10.3333,79.3833,noaa_ghcnh,6.0,,,,,,,candidate_india_bbox,ISO IN candidate; bbox screening is not a verified administrative boundary
INM00043349,geo_61b9d5ea9a999857,VEDARANNIYAM,10.3667,79.85,noaa_ghcnh,4.0,,,,,,,candidate_india_bbox,ISO IN candidate; bbox screening is not a verified administrative boundary
INM00043352,geo_ed6d00bef5a2c0d6,ALAPUZHA,9.55,76.4167,noaa_ghcnh,4.0,,,,,,,candidate_india_bbox,ISO IN candidate; bbox screening is not a verified administrative boundary
INM00043354,geo_8b63f9af8b29a554,PUNALUR,9.0,76.9167,noaa_ghcnh,34.0,,,,,,,candidate_india_bbox,ISO IN candidate; bbox screening is not a verified administrative boundary
INM00043356,geo_7ad96ef5adaae6e4,PERIAKULAM,10.0,77.1333,noaa_ghcnh,300.0,,,,,,,candidate_india_bbox,ISO IN candidate; bbox screening is not a verified administrative boundary
INM00043357,geo_d4d64788f4b9c992,THRISSUR,10.5167,76.2167,noaa_ghcnh,39.0,,,,,,,candidate_india_bbox,ISO IN candidate; bbox screening is not a verified administrative boundary
INM00043358,geo_a0be3d0caac857a9,KOVILANGULAM,9.55,78.0833,noaa_ghcnh,103.0,,,,,,,candidate_india_bbox,ISO IN candidate; bbox screening is not a verified administrative boundary
INM00043359,geo_d58766d90e384d63,MADURAI,9.9167,78.1167,noaa_ghcnh,133.0,,,,,,,candidate_india_bbox,ISO IN candidate; bbox screening is not a verified administrative boundary
INM00043361,geo_bfcd7de4685b0154,TONDI,9.7333,79.0333,noaa_ghcnh,5.0,,,,,,,candidate_india_bbox,ISO IN candidate; bbox screening is not a verified administrative boundary
INM00043363,geo_d2eb4a5d9c677d55,PAMBAN,9.2833,79.2167,noaa_ghcnh,11.0,,,,,,,candidate_india_bbox,ISO IN candidate; bbox screening is not a verified administrative boundary
INM00043364,geo_7714e7b81dc1e0d6,HUT BAY,10.5833,92.55,noaa_ghcnh,5.0,,,,,,,candidate_india_bbox,ISO IN candidate; bbox screening is not a verified administrative boundary
INM00043367,geo_c26a7cf323a275eb,CAR NICOBAR,9.1667,92.8333,noaa_ghcnh,10.0,,,,,,,candidate_india_bbox,ISO IN candidate; bbox screening is not a verified administrative boundary
INM00043373,geo_f23d5dd99ac97fdd,TRIVANDRUM MET.OBS./THUMBA,8.5333,76.8667,noaa_ghcnh,7.0,,,,,,,candidate_india_bbox,ISO IN candidate; bbox screening is not a verified administrative boundary
INM00043376,geo_98bec6bb61f6e7f6,PALAYANKOTTAI,8.7333,77.75,noaa_ghcnh,51.0,,,,,,,candidate_india_bbox,ISO IN candidate; bbox screening is not a verified administrative boundary
INM00043377,geo_ad720559c64a399b,KANNIYAKUMARI,8.0833,77.5,noaa_ghcnh,37.0,,,,,,,candidate_india_bbox,ISO IN candidate; bbox screening is not a verified administrative boundary
INM00043379,geo_0f39bf23f55d4245,TUTICORIN NEW PORT,8.75,78.1833,noaa_ghcnh,2.0,,,,,,,candidate_india_bbox,ISO IN candidate; bbox screening is not a verified administrative boundary
INM00043382,geo_910f2908e09c1a4b,NANCOWRY,7.9833,93.5333,noaa_ghcnh,26.0,,,,,,,candidate_india_bbox,ISO IN candidate; bbox screening is not a verified administrative boundary
INM00043385,geo_1cad2635be51b5cc,KONDUL,7.2167,93.7333,noaa_ghcnh,8.0,,,,,,,candidate_india_bbox,ISO IN candidate; bbox screening is not a verified administrative boundary
INM00074924,geo_83cb8f06462c5dbb,MALANDIGHI NORTHWEST,23.633,87.35,noaa_ghcnh,94.0,,,,,,,candidate_india_bbox,ISO IN candidate; bbox screening is not a verified administrative boundary
INM00074925,geo_1169b09043c35cae,MORAN SOUTHWEST,27.15,94.9,noaa_ghcnh,100.0,,,,,,,candidate_india_bbox,ISO IN candidate; bbox screening is not a verified administrative boundary
INMU0020359,geo_10b9f29cf6350e51,SRINAGAR KASHMIR,34.08,74.83,noaa_ghcnh,1586.0,,,,,,,candidate_india_bbox,ISO IN candidate; bbox screening is not a verified administrative boundary
INMU0020365,geo_6ef1cd5e5d993159,DALHOUSIE INDIA,32.53,75.97,noaa_ghcnh,2343.0,,,,,,,candidate_india_bbox,ISO IN candidate; bbox screening is not a verified administrative boundary
INMU0020368,geo_6b9603653db1de2c,AMBALA INDIA,30.38,76.77,noaa_ghcnh,272.0,,,,,,,candidate_india_bbox,ISO IN candidate; bbox screening is not a verified administrative boundary
INMU0020391,geo_3be262add51b95f5,JAIPUR INDIA,26.92,75.83,noaa_ghcnh,436.0,,,,,,,candidate_india_bbox,ISO IN candidate; bbox screening is not a verified administrative boundary
INMU0020408,geo_cce5deb0763e2f0b,GORAKHPUR INDIA,26.75,83.37,noaa_ghcnh,77.0,,,,,,,candidate_india_bbox,ISO IN candidate; bbox screening is not a verified administrative boundary
INMU0020412,geo_44a7f6da647abc29,SUTNA INDIA (SATNA),24.57,80.83,noaa_ghcnh,317.0,,,,,,,candidate_india_bbox,ISO IN candidate; bbox screening is not a verified administrative boundary
INMU0020414,geo_af6fd2b47f74aea7,GUNA INDIA,24.65,77.32,noaa_ghcnh,479.0,,,,,,,candidate_india_bbox,ISO IN candidate; bbox screening is not a verified administrative boundary
INMU0020416,geo_1bf53bf046826b04,INDORE INDIA,22.72,75.9,noaa_ghcnh,556.0,,,,,,,candidate_india_bbox,ISO IN candidate; bbox screening is not a verified administrative boundary
INMU0020417,geo_bf3b5c4ebb10e5c8,BHOPAL INDIA,23.27,77.42,noaa_ghcnh,501.0,,,,,,,candidate_india_bbox,ISO IN candidate; bbox screening is not a verified administrative boundary
INMU0020418,geo_e0aee62bc31bfe90,MADHO SAGAR GWALIOR INDIA,26.22,78.13,noaa_ghcnh,208.0,,,,,,,candidate_india_bbox,ISO IN candidate; bbox screening is not a verified administrative boundary
INMU0020423,geo_dbd1c09fd416503f,HOSHANGABAD INDIA,22.43,77.73,noaa_ghcnh,302.0,,,,,,,candidate_india_bbox,ISO IN candidate; bbox screening is not a verified administrative boundary
INMU0020425,geo_04cb92a741ea70a2,JUBBULPORE INDIA,23.17,79.95,noaa_ghcnh,393.0,,,,,,,candidate_india_bbox,ISO IN candidate; bbox screening is not a verified administrative boundary
INMU0020429,geo_b2f97b338c3827aa,PENDRA INDIA,22.77,81.9,noaa_ghcnh,622.0,,,,,,,candidate_india_bbox,ISO IN candidate; bbox screening is not a verified administrative boundary
INMU0020433,geo_d8755c59b727ad73,JAGDALPUR INDIA,19.08,82.03,noaa_ghcnh,553.0,,,,,,,candidate_india_bbox,ISO IN candidate; bbox screening is not a verified administrative boundary
INMU0020436,geo_c9eff1c78d7467dd,GOPALPUR INDIA,19.27,84.88,noaa_ghcnh,17.0,,,,,,,candidate_india_bbox,ISO IN candidate; bbox screening is not a verified administrative boundary
INMU0020438,geo_34e979dbdf185f14,BALASORE INDIA,21.5,86.93,noaa_ghcnh,20.0,,,,,,,candidate_india_bbox,ISO IN candidate; bbox screening is not a verified administrative boundary
INMU0020446,geo_5584d57e5dc1af77,DALTONGANJ INDIA,24.05,84.07,noaa_ghcnh,221.0,,,,,,,candidate_india_bbox,ISO IN candidate; bbox screening is not a verified administrative boundary
INMU0020447,geo_54f2d83e8bb920b3,NAYA DUMKA INDIA,24.27,87.25,noaa_ghcnh,149.0,,,,,,,candidate_india_bbox,ISO IN candidate; bbox screening is not a verified administrative boundary
INMU0020448,geo_1c77941d52acb601,GAYA INDIA,24.75,84.95,noaa_ghcnh,111.0,,,,,,,candidate_india_bbox,ISO IN candidate; bbox screening is not a verified administrative boundary
INMU0020449,geo_3d493ac5dbec91b0,PURNEA INDIA,25.77,87.47,noaa_ghcnh,38.0,,,,,,,candidate_india_bbox,ISO IN candidate; bbox screening is not a verified administrative boundary
INMU0020452,geo_eb5a36b8fe85f74b,DARJEELING INDIA (DARJILING),27.05,88.27,noaa_ghcnh,2265.0,,,,,,,candidate_india_bbox,ISO IN candidate; bbox screening is not a verified administrative boundary
INMU0020455,geo_ccf8e7da3dccfd53,ASANSOL INDIA,23.68,86.98,noaa_ghcnh,126.0,,,,,,,candidate_india_bbox,ISO IN candidate; bbox screening is not a verified administrative boundary
INMU0020460,geo_fe274824221f35db,CALCUTTA INDIA,22.53,88.33,noaa_ghcnh,6.0,,,,,,,candidate_india_bbox,ISO IN candidate; bbox screening is not a verified administrative boundary
INMU0020467,geo_ae943b06d9d44892,CHERRAPUNJI INDIA,25.25,91.73,noaa_ghcnh,1313.0,,,,,,,candidate_india_bbox,ISO IN candidate; bbox screening is not a verified administrative boundary
INMU0020468,geo_f30d6f3e6e9b582f,SHILLONG INDIA,25.57,91.88,noaa_ghcnh,1500.0,,,,,,,candidate_india_bbox,ISO IN candidate; bbox screening is not a verified administrative boundary
INMU0020470,geo_682f430ba3bc9eba,GUAHATI INDIA,26.18,91.75,noaa_ghcnh,55.0,,,,,,,candidate_india_bbox,ISO IN candidate; bbox screening is not a verified administrative boundary
INMU0020498,geo_257baaecfd3e047f,PORT BLAIR ANDAMAN ISLANDS,11.67,92.72,noaa_ghcnh,80.0,,,,,,,candidate_india_bbox,ISO IN candidate; bbox screening is not a verified administrative boundary
INMU0020501,geo_c3a4d17570d42520,BHUJ INDIA,23.25,69.8,noaa_ghcnh,105.0,,,,,,,candidate_india_bbox,ISO IN candidate; bbox screening is not a verified administrative boundary
INMU0020504,geo_c66e9855e0344b5a,VERAVAL INDIA,20.88,70.43,noaa_ghcnh,8.0,,,,,,,candidate_india_bbox,ISO IN candidate; bbox screening is not a verified administrative boundary
INMU0020507,geo_c3b1a8888ed50a4e,AHMEDBABAD INDIA,23.03,72.58,noaa_ghcnh,50.0,,,,,,,candidate_india_bbox,ISO IN candidate; bbox screening is not a verified administrative boundary
INMU0020512,geo_e7a32e0176cd83da,AHMADNAGAR INDIA,19.08,74.92,noaa_ghcnh,657.0,,,,,,,candidate_india_bbox,ISO IN candidate; bbox screening is not a verified administrative boundary
INMU0020514,geo_c33cc3183f29da71,SHOLAPUR INDIA,17.67,75.9,noaa_ghcnh,479.0,,,,,,,candidate_india_bbox,ISO IN candidate; bbox screening is not a verified administrative boundary
INMU0020515,geo_d301e46e6125b414,MIRAJ INDIA,16.82,74.68,noaa_ghcnh,554.0,,,,,,,candidate_india_bbox,ISO IN candidate; bbox screening is not a verified administrative boundary
INMU0020517,geo_c044862781054c57,BELGAUM INDIA,15.85,74.52,noaa_ghcnh,781.0,,,,,,,candidate_india_bbox,ISO IN candidate; bbox screening is not a verified administrative boundary
INMU0020518,geo_0030504a0fb16a3b,GADAG INDIA,15.42,75.63,noaa_ghcnh,650.0,,,,,,,candidate_india_bbox,ISO IN candidate; bbox screening is not a verified administrative boundary
INMU0020521,geo_b4beee1ef88ebdb8,RATNAGIRI INDIA,16.98,73.3,noaa_ghcnh,64.0,,,,,,,candidate_india_bbox,ISO IN candidate; bbox screening is not a verified administrative boundary
INMU0020523,geo_53d6da319ddfc709,HONAVAR INDIA,14.28,74.45,noaa_ghcnh,26.0,,,,,,,candidate_india_bbox,ISO IN candidate; bbox screening is not a verified administrative boundary
INMU0020524,geo_7411c3dc882ac7da,CHITALDRUG INDIA,14.23,76.45,noaa_ghcnh,733.0,,,,,,,candidate_india_bbox,ISO IN candidate; bbox screening is not a verified administrative boundary
INMU0020525,geo_f2414a8036b81a90,BANGALORE INDIA,12.97,77.58,noaa_ghcnh,921.0,,,,,,,candidate_india_bbox,ISO IN candidate; bbox screening is not a verified administrative boundary
INMU0020530,geo_eca308ee10df8543,COCHIN INDIA,9.97,76.23,noaa_ghcnh,3.0,,,,,,,candidate_india_bbox,ISO IN candidate; bbox screening is not a verified administrative boundary
INMU0020531,geo_ae4a424bf703af0e,TRIVANDRUM INDIA,8.48,76.95,noaa_ghcnh,61.0,,,,,,,candidate_india_bbox,ISO IN candidate; bbox screening is not a verified administrative boundary
INMU0020536,geo_219a7f3e67ffa0b6,CUDDALORE INDIA,11.77,79.77,noaa_ghcnh,12.0,,,,,,,candidate_india_bbox,ISO IN candidate; bbox screening is not a verified administrative boundary
INMU0020546,geo_152e16dc1c4db919,KURNOOL INDIA,15.83,78.07,noaa_ghcnh,281.0,,,,,,,candidate_india_bbox,ISO IN candidate; bbox screening is not a verified administrative boundary
INMU0020548,geo_271d9c6c384d12cf,NELLORE INDIA,14.45,79.98,noaa_ghcnh,20.0,,,,,,,candidate_india_bbox,ISO IN candidate; bbox screening is not a verified administrative boundary
INMU0020550,geo_d1c8fc7938dd85d0,COCANADA INDIA,16.95,82.22,noaa_ghcnh,8.0,,,,,,,candidate_india_bbox,ISO IN candidate; bbox screening is not a verified administrative boundary
INMU0020551,geo_7fd87abdcbe47bcc,VIZAGAPATAM INDIA,17.7,83.3,noaa_ghcnh,38.0,,,,,,,candidate_india_bbox,ISO IN candidate; bbox screening is not a verified administrative boundary
INMU0020554,geo_bc5181eb32ca8934,AURANGABAD INDIA,19.88,75.33,noaa_ghcnh,581.0,,,,,,,candidate_india_bbox,ISO IN candidate; bbox screening is not a verified administrative boundary
INMU0020560,geo_0feabc69e0cde829,BEGUMPET INDIA,17.37,78.45,noaa_ghcnh,542.0,,,,,,,candidate_india_bbox,ISO IN candidate; bbox screening is not a verified administrative boundary
INMU0020569,geo_4457bd1daa3dbde1,MINICOY ISLAND LACCADIVE IS,8.3,73.0,noaa_ghcnh,3.0,,,,,,,candidate_india_bbox,ISO IN candidate; bbox screening is not a verified administrative boundary
INMU0022075,geo_d3a76288a941d481,UDAIPAR RAJPUTANA INDIA,24.58,73.7,noaa_ghcnh,587.0,,,,,,,candidate_india_bbox,ISO IN candidate; bbox screening is not a verified administrative boundary
INMU0022081,geo_f1c97e0f6cd48531,MUSSOORIE INDIA,30.45,78.08,noaa_ghcnh,2115.0,,,,,,,candidate_india_bbox,ISO IN candidate; bbox screening is not a verified administrative boundary
INMU0022185,geo_cfea53c590098757,SANDHEADS INDIA,20.85,88.25,noaa_ghcnh,9.0,,,,,,,candidate_india_bbox,ISO IN candidate; bbox screening is not a verified administrative boundary
INMU0022226,geo_3fb0e44a03d875c8,DEVGAD INDIA (DEVGARH),16.38,73.37,noaa_ghcnh,1.0,,,,,,,candidate_india_bbox,ISO IN candidate; bbox screening is not a verified administrative boundary
INMU0029561,geo_e45146f95ed66048,PEDDAPALLI INDIA,18.62,79.37,noaa_ghcnh,224.0,,,,,,,candidate_india_bbox,ISO IN candidate; bbox screening is not a verified administrative boundary
INU042071-1,geo_6e8f318b58d177f3,AMRITSAR,31.63,74.87,noaa_ghcnh,234.0,,,,,,,candidate_india_bbox,ISO IN candidate; bbox screening is not a verified administrative boundary
INU042123-1,geo_fd871b96a1cec494,GANGANAGAR,29.92,73.92,noaa_ghcnh,177.0,,,,,,,candidate_india_bbox,ISO IN candidate; bbox screening is not a verified administrative boundary
INU042361-1,geo_7f594b8195da7687,GWALIOR,26.23,78.25,noaa_ghcnh,207.0,,,,,,,candidate_india_bbox,ISO IN candidate; bbox screening is not a verified administrative boundary
INU042410-1,geo_52d6c9617268be12,GAUHATI,26.1,91.58,noaa_ghcnh,54.0,,,,,,,candidate_india_bbox,ISO IN candidate; bbox screening is not a verified administrative boundary
INU042452-1,geo_499700af878cd0b8,KOTAAERODROME,25.15,75.85,noaa_ghcnh,274.0,,,,,,,candidate_india_bbox,ISO IN candidate; bbox screening is not a verified administrative boundary
INU042475-1,geo_0b757a88a4d97c79,ALLAHABAD/BAMHRAULI,25.45,81.73,noaa_ghcnh,98.0,,,,,,,candidate_india_bbox,ISO IN candidate; bbox screening is not a verified administrative boundary
INU042542-1,geo_c543207ee64969da,UDAIPURDABOK,24.62,73.88,noaa_ghcnh,514.0,,,,,,,candidate_india_bbox,ISO IN candidate; bbox screening is not a verified administrative boundary
INU042623-1,geo_b6d4a397e5e051bf,IMPHAL,24.67,93.9,noaa_ghcnh,774.0,,,,,,,candidate_india_bbox,ISO IN candidate; bbox screening is not a verified administrative boundary
INU042634-1,geo_70d0c5c8deb639ea,BHUJ-RUDRAMATA,23.25,69.67,noaa_ghcnh,80.0,,,,,,,candidate_india_bbox,ISO IN candidate; bbox screening is not a verified administrative boundary
INU042754-1,geo_2f27d42aeb75dbac,INDORE,22.72,75.8,noaa_ghcnh,567.0,,,,,,,candidate_india_bbox,ISO IN candidate; bbox screening is not a verified administrative boundary
INU042809-1,geo_52aa9db3947220d8,CALCUTTA/DUMDUM,22.65,88.45,noaa_ghcnh,6.0,,,,,,,candidate_india_bbox,ISO IN candidate; bbox screening is not a verified administrative boundary
INU042840-1,geo_36cb0c330d94c218,SURAT,21.2,72.83,noaa_ghcnh,12.0,,,,,,,candidate_india_bbox,ISO IN candidate; bbox screening is not a verified administrative boundary
INU042886-1,geo_b74b2319194674b4,JHARSUGUDA,21.92,84.08,noaa_ghcnh,230.0,,,,,,,candidate_india_bbox,ISO IN candidate; bbox screening is not a verified administrative boundary
INU042921-1,geo_4415956b15c0cd74,ASIKCITY,20.0,73.78,noaa_ghcnh,559.0,,,,,,,candidate_india_bbox,ISO IN candidate; bbox screening is not a verified administrative boundary
INU043086-1,geo_282e14349f24dce4,RAMGUNDAM,18.77,79.43,noaa_ghcnh,156.0,,,,,,,candidate_india_bbox,ISO IN candidate; bbox screening is not a verified administrative boundary
INU043237-1,geo_fa65bf7cabeb735b,PBOANANTAPUR,14.58,77.63,noaa_ghcnh,364.0,,,,,,,candidate_india_bbox,ISO IN candidate; bbox screening is not a verified administrative boundary
INU043284-1,geo_ee5622ee60956ae6,MANGALORE/BAJPE,12.92,74.88,noaa_ghcnh,102.0,,,,,,,candidate_india_bbox,ISO IN candidate; bbox screening is not a verified administrative boundary
INU043346-1,geo_d36fa279e1c335a7,KARAIKAL,10.92,79.83,noaa_ghcnh,7.0,,,,,,,candidate_india_bbox,ISO IN candidate; bbox screening is not a verified administrative boundary
INU23-00002,geo_1d4ce8536ef4a5c3,ALLAHABAD,25.5,81.9,noaa_ghcnh,98.0,,,,,,,candidate_india_bbox,ISO IN candidate; bbox screening is not a verified administrative boundary
INU55-00051,geo_a9e7c4cd8f5d062a,CAMORTA,8.13,93.5,noaa_ghcnh,79.0,,,,,,,candidate_india_bbox,ISO IN candidate; bbox screening is not a verified administrative boundary
INU55-00062,geo_8cdda02bd45be443,MUTLAH,21.0,88.5,noaa_ghcnh,,,,,,,,candidate_india_bbox,ISO IN candidate; bbox screening is not a verified administrative boundary
INU55-00064,geo_e8fb206c5bd8cf07,MUTLAH,21.0,88.25,noaa_ghcnh,,,,,,,,candidate_india_bbox,ISO IN candidate; bbox screening is not a verified administrative boundary
INU55-00066,geo_a8386b1e6953ee1c,MUTLAH,21.58,88.02,noaa_ghcnh,,,,,,,,candidate_india_bbox,ISO IN candidate; bbox screening is not a verified administrative boundary
INU55-00069,geo_f4a55d94aacf7bd3,PAMBEN,9.25,79.33,noaa_ghcnh,10.0,,,,,,,candidate_india_bbox,ISO IN candidate; bbox screening is not a verified administrative boundary
INU55-00071,geo_27cb775e0b717cae,LEH,34.17,77.58,noaa_ghcnh,3256.0,,,,,,,candidate_india_bbox,ISO IN candidate; bbox screening is not a verified administrative boundary
INU55-00072,geo_91082a69f2cd5c8f,KEYLONG,32.97,77.05,noaa_ghcnh,3080.0,,,,,,,candidate_india_bbox,ISO IN candidate; bbox screening is not a verified administrative boundary
INU55-00075,geo_bb47cee408c6f4f5,MHOW,22.37,74.84,noaa_ghcnh,615.0,,,,,,,candidate_india_bbox,ISO IN candidate; bbox screening is not a verified administrative boundary
INU55-00076,geo_818fa2f7f3aa84a3,MUNDLEYSIR,22.19,74.75,noaa_ghcnh,212.0,,,,,,,candidate_india_bbox,ISO IN candidate; bbox screening is not a verified administrative boundary
INU55-00078,geo_f7617135af868cec,MINICOY,8.3,73.15,noaa_ghcnh,1.0,,,,,,,candidate_india_bbox,ISO IN candidate; bbox screening is not a verified administrative boundary
INU60-00023,geo_8fc0c57c114f2cdc,CALCUTTA,21.15,88.34,noaa_ghcnh,6.0,,,,,,,candidate_india_bbox,ISO IN candidate; bbox screening is not a verified administrative boundary
INU00042314,geo_223fad5eca16d63b,DIBRUGARH INDIA (MOHANBARI),27.48,95.02,noaa_ghcnh,110.0,,,,,,,candidate_india_bbox,ISO IN candidate; bbox screening is not a verified administrative boundary
INU00042623,geo_b0d47e30472e2d18,IMPHAL INDIA (TULIHAL),24.77,93.9,noaa_ghcnh,781.0,,,,,,,candidate_india_bbox,ISO IN candidate; bbox screening is not a verified administrative boundary
INU00042727,geo_72b1eca72880a9b4,AIJAL INDIA,23.73,92.72,noaa_ghcnh,1096.0,,,,,,,candidate_india_bbox,ISO IN candidate; bbox screening is not a verified administrative boundary
INU00042410,geo_52d6c9617268be12,GAUHATI INDIA,26.1,91.58,noaa_ghcnh,54.0,,,,,,,candidate_india_bbox,ISO IN candidate; bbox screening is not a verified administrative boundary
INU00042809,geo_52aa9db3947220d8,CALCUTTA INDIA (DUM DUM),22.65,88.45,noaa_ghcnh,10.0,,,,,,,candidate_india_bbox,ISO IN candidate; bbox screening is not a verified administrative boundary
INU00042398,geo_71e68fdba88e9597,SILIGURI INDIA (BAGHDORGA),26.63,88.32,noaa_ghcnh,131.0,,,,,,,candidate_india_bbox,ISO IN candidate; bbox screening is not a verified administrative boundary
INU00042498,geo_aea95476b9abc772,BHAGALPUR INDIA,25.23,86.95,noaa_ghcnh,48.0,,,,,,,candidate_india_bbox,ISO IN candidate; bbox screening is not a verified administrative boundary
INU00042971,geo_bc6f87bf4b69675b,BHUBANESHWAR INDIA,20.25,85.83,noaa_ghcnh,45.0,,,,,,,candidate_india_bbox,ISO IN candidate; bbox screening is not a verified administrative boundary
INU00042492,geo_4c998542b5e6748c,PATNA INDIA,25.6,85.1,noaa_ghcnh,59.0,,,,,,,candidate_india_bbox,ISO IN candidate; bbox screening is not a verified administrative boundary
INU00042886,geo_b74b2319194674b4,JHARSUGUDA INDIA,21.92,84.08,noaa_ghcnh,229.0,,,,,,,candidate_india_bbox,ISO IN candidate; bbox screening is not a verified administrative boundary
INU00043149,geo_a6bda1b92144fdbd,VISHAKHAPATNAM INDIA,17.72,83.27,noaa_ghcnh,3.0,,,,,,,candidate_india_bbox,ISO IN candidate; bbox screening is not a verified administrative boundary
INU00042475,geo_0b757a88a4d97c79,ALLAHABAD INDIA (BAMHRAULI),25.45,81.73,noaa_ghcnh,97.0,,,,,,,candidate_india_bbox,ISO IN candidate; bbox screening is not a verified administrative boundary
INU00020405,geo_852bc0c96f2f1591,BAHRAICH INDIA,27.57,81.6,noaa_ghcnh,124.0,,,,,,,candidate_india_bbox,ISO IN candidate; bbox screening is not a verified administrative boundary
INU00042369,geo_152ac66f71ff139d,LUCKNOW INDIA (AMAUSI),26.75,80.88,noaa_ghcnh,127.0,,,,,,,candidate_india_bbox,ISO IN candidate; bbox screening is not a verified administrative boundary
INU00042571,geo_44a7f6da647abc29,SATNA INDIA,24.57,80.83,noaa_ghcnh,317.0,,,,,,,candidate_india_bbox,ISO IN candidate; bbox screening is not a verified administrative boundary
INU00020407,geo_97ccf8ce97c9c1d2,CAWNPORE INDIA (KANPUR),26.47,80.35,noaa_ghcnh,125.0,,,,,,,candidate_india_bbox,ISO IN candidate; bbox screening is not a verified administrative boundary
INU00043279,geo_3ad64055a30a2bd0,MADRAS INDIA (MINAMBAKKAM),13.0,80.18,noaa_ghcnh,15.0,,,,,,,candidate_india_bbox,ISO IN candidate; bbox screening is not a verified administrative boundary
INU00042675,geo_04cb92a741ea70a2,JABALPUR INDIA,23.17,79.95,noaa_ghcnh,392.0,,,,,,,candidate_india_bbox,ISO IN candidate; bbox screening is not a verified administrative boundary
INU00042147,geo_00993470041fff7c,MUSTESWAR INDIA,29.47,79.65,noaa_ghcnh,2310.0,,,,,,,candidate_india_bbox,ISO IN candidate; bbox screening is not a verified administrative boundary
INU00042867,geo_be2952f0c44fe75d,NAGPUR INDIA (SONEGAON),21.1,79.05,noaa_ghcnh,310.0,,,,,,,candidate_india_bbox,ISO IN candidate; bbox screening is not a verified administrative boundary
INU00043344,geo_d8498df9fb3f4633,TIRUCHCHIRAPPALLI INDIA,10.77,78.72,noaa_ghcnh,88.0,,,,,,,candidate_india_bbox,ISO IN candidate; bbox screening is not a verified administrative boundary
INU00043128,geo_28cd9fe9f8887c5c,BEGUMPET INDIA (HYDERABAD),17.45,78.47,noaa_ghcnh,544.0,,,,,,,candidate_india_bbox,ISO IN candidate; bbox screening is not a verified administrative boundary
INU00043129,geo_0feabc69e0cde829,HYDERABAD INDIA (BEGUMPET),17.37,78.45,noaa_ghcnh,541.0,,,,,,,candidate_india_bbox,ISO IN candidate; bbox screening is not a verified administrative boundary
INU00042361,geo_7f594b8195da7687,GWALIOR INDIA,26.23,78.25,noaa_ghcnh,206.0,,,,,,,candidate_india_bbox,ISO IN candidate; bbox screening is not a verified administrative boundary
INU00043237,geo_a1a88cc5ab21b126,ANANTAPUR INDIA,14.68,77.62,noaa_ghcnh,349.0,,,,,,,candidate_india_bbox,ISO IN candidate; bbox screening is not a verified administrative boundary
INU00043339,geo_f1b4b130e0bd00c6,KODAIKANAL INDIA,10.23,77.47,noaa_ghcnh,2343.0,,,,,,,candidate_india_bbox,ISO IN candidate; bbox screening is not a verified administrative boundary
INU00042667,geo_6c2efe4ef5195fa2,BHOPAL INDIA (BAIRAGARH),23.28,77.35,noaa_ghcnh,523.0,,,,,,,candidate_india_bbox,ISO IN candidate; bbox screening is not a verified administrative boundary
INU00042078,geo_70e2374102902078,MANDI INDIA,31.72,76.97,noaa_ghcnh,761.0,,,,,,,candidate_india_bbox,ISO IN candidate; bbox screening is not a verified administrative boundary
INU00042080,geo_9e485e18bbe959fc,BILASPUR INDIA,31.25,76.67,noaa_ghcnh,587.0,,,,,,,candidate_india_bbox,ISO IN candidate; bbox screening is not a verified administrative boundary
INU00020367,geo_6023aabe1d8aab14,LUDHIANA INDIA,30.93,75.87,noaa_ghcnh,247.0,,,,,,,candidate_india_bbox,ISO IN candidate; bbox screening is not a verified administrative boundary
INU00042451,geo_dbc9de746ab88e97,KOTA INDIA,25.18,75.85,noaa_ghcnh,256.0,,,,,,,candidate_india_bbox,ISO IN candidate; bbox screening is not a verified administrative boundary
INU00042348,geo_b70d5aaba7b19286,JAIPUR INDIA (SANGANER),26.82,75.8,noaa_ghcnh,390.0,,,,,,,candidate_india_bbox,ISO IN candidate; bbox screening is not a verified administrative boundary
INU00042754,geo_2f27d42aeb75dbac,INDORE INDIA,22.72,75.8,noaa_ghcnh,567.0,,,,,,,candidate_india_bbox,ISO IN candidate; bbox screening is not a verified administrative boundary
INU00020415,geo_7f70fd1f1724985b,NEEMUCH INDIA,24.47,74.9,noaa_ghcnh,495.0,,,,,,,candidate_india_bbox,ISO IN candidate; bbox screening is not a verified administrative boundary
INU00020388,geo_9901133310eb048e,SRI GANGANAGAR INDIA,29.92,73.88,noaa_ghcnh,176.0,,,,,,,candidate_india_bbox,ISO IN candidate; bbox screening is not a verified administrative boundary
INU00020393,geo_ae4805cc2f20b4ab,RAJ SAMAND INDIA,25.05,73.88,noaa_ghcnh,573.0,,,,,,,candidate_india_bbox,ISO IN candidate; bbox screening is not a verified administrative boundary
INU00042123,geo_9901133310eb048e,GANGANAGAR INDIA,29.92,73.88,noaa_ghcnh,176.0,,,,,,,candidate_india_bbox,ISO IN candidate; bbox screening is not a verified administrative boundary
INU00042543,geo_d3a76288a941d481,UDAIPUR INDIA,24.58,73.7,noaa_ghcnh,582.0,,,,,,,candidate_india_bbox,ISO IN candidate; bbox screening is not a verified administrative boundary
INU00043193,geo_b8381e37cc3162a6,VENGURLA INDIA,15.87,73.63,noaa_ghcnh,8.0,,,,,,,candidate_india_bbox,ISO IN candidate; bbox screening is not a verified administrative boundary
INU00043003,geo_f9183e4094be36de,BOMBAY INDIA (SANTACRUZ AERODROME),19.12,72.85,noaa_ghcnh,14.0,,,,,,,candidate_india_bbox,ISO IN candidate; bbox screening is not a verified administrative boundary
INU00042647,geo_259da334fc2e8d22,AHMADABAD INDIA,23.07,72.63,noaa_ghcnh,55.0,,,,,,,candidate_india_bbox,ISO IN candidate; bbox screening is not a verified administrative boundary
INU00020505,geo_d5db69b2cb5cc54c,BHAVNAGAR INDIA,21.75,72.2,noaa_ghcnh,16.0,,,,,,,candidate_india_bbox,ISO IN candidate; bbox screening is not a verified administrative boundary
INU00042737,geo_c86d48788c4e54de,RAJKOT INDIA,22.3,70.78,noaa_ghcnh,137.0,,,,,,,candidate_india_bbox,ISO IN candidate; bbox screening is not a verified administrative boundary
INU00042634,geo_70d0c5c8deb639ea,BHUJ INDIA,23.25,69.67,noaa_ghcnh,80.0,,,,,,,candidate_india_bbox,ISO IN candidate; bbox screening is not a verified administrative boundary
INU00043541,geo_b236c799f43a1bbf,SONAMERG KASHMIR,34.32,75.32,noaa_ghcnh,2514.0,,,,,,,candidate_india_bbox,ISO IN candidate; bbox screening is not a verified administrative boundary
INU00043604,geo_09a356787530c90d,JAMMU KASHMIR,32.75,74.92,noaa_ghcnh,291.0,,,,,,,candidate_india_bbox,ISO IN candidate; bbox screening is not a verified administrative boundary
INU00048109,geo_74a51cefbdddb6da,COCO ISLAND INDIAN OCEAN IS,14.12,93.37,noaa_ghcnh,3.0,,,,,,,candidate_india_bbox,ISO IN candidate; bbox screening is not a verified administrative boundary
INU00043351,geo_eca308ee10df8543,FORT COCHIN INDIA,9.97,76.23,noaa_ghcnh,3.0,,,,,,,candidate_india_bbox,ISO IN candidate; bbox screening is not a verified administrative boundary
INU00020522,geo_225c7da0bdc34ace,MARMAGAO PORT GOA (MORMUGAO) (MARMAGOA),15.42,73.78,noaa_ghcnh,61.0,,,,,,,candidate_india_bbox,ISO IN candidate; bbox screening is not a verified administrative boundary
INU00042909,geo_79d46da605d1e426,VERAVAL INDIA,20.9,70.37,noaa_ghcnh,7.0,,,,,,,candidate_india_bbox,ISO IN candidate; bbox screening is not a verified administrative boundary
INU00000057,geo_ebd39a71af06814b,CAR NICOBARS,9.17,92.83,noaa_ghcnh,9.0,,,,,,,candidate_india_bbox,ISO IN candidate; bbox screening is not a verified administrative boundary
